# WaveFront *.obj file (generated by Cinema 4D)

mtllib ./tree.mtl

v -183.190398 33.884751 -92.443607
v -184.019327 33.726447 -89.556361
v -185.825663 35.493210 -89.898407
v -184.996738 35.651516 -92.785653
v -170.672554 48.884588 -89.026296
v -170.796063 48.689002 -88.086074
v -171.688085 48.997335 -88.086353
v -171.564576 49.192921 -89.026575
v -184.134148 49.904018 -111.119932
v -183.532298 49.696985 -109.770078
v -184.512868 50.399503 -109.136501
v -185.114719 50.606539 -110.486356
v -236.597037 45.476706 -84.708771
v -236.268215 45.480472 -83.969087
v -236.791810 45.905200 -83.740273
v -237.120632 45.901423 -84.479956
v -253.694006 46.623646 -73.289546
v -254.621815 46.781671 -74.398067
v -253.523312 47.152915 -75.221042
v -252.595499 46.994884 -74.112521
v -197.789513 54.916546 -127.413502
v -197.185047 54.981689 -127.372288
v -197.273084 55.267818 -126.905539
v -197.877552 55.202671 -126.946756
v -218.076167 39.370713 -120.504862
v -217.758719 39.941504 -118.383314
v -219.805680 40.683042 -118.440649
v -220.123128 40.112247 -120.562194
v -212.996029 55.433599 -47.180578
v -213.744744 55.480506 -47.929081
v -213.114694 55.945972 -48.506148
v -212.365979 55.899065 -47.757641
v -179.958243 50.480068 -51.214532
v -180.689381 50.383863 -51.191460
v -180.805068 50.805244 -51.655113
v -180.073930 50.901445 -51.678186
v -232.922601 34.737170 -66.223882
v -235.460372 34.890091 -67.804970
v -234.286855 36.559558 -69.394260
v -231.749084 36.406637 -67.813167
v -230.238052 77.506063 -63.327526
v -231.708297 77.283623 -63.657145
v -231.517156 77.729288 -65.057833
v -230.046914 77.951728 -64.728213
v -224.146672 70.996804 -56.538040
v -225.632565 70.948062 -56.153033
v -225.837666 72.000081 -56.701841
v -224.351775 72.048831 -57.086852
v -223.867697 77.323904 -43.751889
v -224.731602 77.219748 -43.696696
v -224.866575 77.645413 -44.345304
v -224.002670 77.749562 -44.400504
v -196.662117 77.821304 -126.981002
v -195.812621 77.732350 -126.799136
v -195.847376 78.212202 -126.208996
v -196.696874 78.301157 -126.390862
v -219.136227 101.132520 -65.381968
v -220.425569 101.179069 -65.085416
v -220.540309 101.992501 -65.816981
v -219.250966 101.945945 -66.113534
v -179.003918 72.775746 -75.474680
v -179.233262 72.797649 -74.054108
v -179.964431 73.709747 -74.197777
v -179.735087 73.687851 -75.618349
v -232.957468 78.291713 -106.075812
v -231.811419 78.135768 -106.920652
v -230.942555 78.273922 -105.788497
v -232.088605 78.429867 -104.943656
v -251.940467 74.426792 -95.169961
v -252.375686 74.482769 -95.927601
v -251.828657 74.955387 -96.178198
v -251.393434 74.899409 -95.420557
v -204.113463 115.530331 -88.500585
v -213.044878 26.534483 -91.664589
v -212.008181 26.534483 -88.127577
v -213.145960 29.964755 -86.891142
v -215.177132 30.012000 -91.761057
v -207.340721 28.810398 -93.269731
v -209.462816 30.961904 -88.317419
v -210.663020 30.961904 -92.412279
v -209.649291 27.170345 -88.088227
v -206.509774 31.979919 -89.415584
v -207.584400 31.979919 -93.081994
v -203.230250 30.681455 -94.142694
v -202.271959 30.681455 -90.873190
v -203.774159 32.922983 -90.432895
v -204.732451 32.922983 -93.702399
v -200.826920 33.597451 -96.291320
v -198.233403 33.917461 -94.521210
v -199.342910 35.053136 -92.804813
v -201.963510 35.053136 -94.302316
v -200.538312 34.099857 -96.797053
v -197.338742 35.104683 -96.310049
v -196.035716 37.368399 -98.587286
v -198.765014 36.058617 -93.814772
v -200.015639 38.449053 -97.715597
v -197.359229 39.633895 -102.367801
v -194.731663 39.633895 -100.866319
v -195.871273 41.093449 -98.872026
v -198.498837 41.093449 -100.373511
v -197.809206 32.029314 -94.197408
v -198.149122 32.029314 -91.201141
v -198.600400 34.237472 -91.252338
v -195.981939 32.237046 -93.989840
v -195.519441 34.548488 -93.937236
v -193.353402 32.574497 -90.657785
v -197.686701 34.341144 -91.148815
v -191.409969 35.014768 -93.470421
v -186.851001 33.275095 -92.952611
v -187.190558 33.275095 -89.959533
v -187.641352 35.480903 -90.010674
v -187.301797 35.480903 -93.003753
v -181.880152 36.295432 -91.155167
v -182.949881 35.848424 -88.576478
v -185.448390 36.701882 -89.343298
v -184.378663 37.148895 -91.921988
v -181.224549 37.893825 -90.302728
v -182.243240 37.468141 -87.847071
v -184.622544 38.280885 -88.577305
v -183.603854 38.706569 -91.032963
v -180.599459 39.417822 -89.489966
v -181.569488 39.012472 -87.151614
v -183.835133 39.786390 -87.846965
v -182.865104 40.191739 -90.185316
v -183.346095 42.652806 -85.423643
v -184.387196 42.652806 -86.748350
v -183.386660 43.470740 -87.534688
v -187.331640 47.366925 -83.362818
v -182.345553 43.470740 -86.209981
v -178.607049 42.207012 -89.175156
v -178.475476 42.207004 -87.033144
v -180.008269 43.317400 -86.938986
v -180.139846 43.317400 -89.080998
v -174.909147 45.216978 -87.522559
v -176.044374 46.056534 -87.453653
v -175.604867 46.425147 -89.051916
v -171.639738 48.033380 -89.079858
v -171.572207 48.033380 -87.980496
v -172.358897 48.603273 -87.932171
v -172.426431 48.603273 -89.031533
v -170.692234 50.310605 -87.637915
v -170.841979 49.999031 -87.024705
v -171.585429 50.071311 -87.139312
v -171.435691 50.382884 -87.752522
v -170.999489 54.389577 -83.466384
v -193.418860 42.839040 -105.419290
v -191.867646 42.839040 -103.201071
v -193.255032 44.403462 -102.230868
v -189.272014 45.990724 -107.982967
v -187.421522 46.496753 -106.700483
v -188.481094 47.691529 -105.959518
v -194.806241 44.403462 -104.449089
v -185.459721 48.888149 -110.339815
v -184.514663 48.888149 -108.988389
v -185.359910 49.841251 -108.397301
v -186.304968 49.841251 -109.748727
v -182.389844 51.788144 -110.296202
v -182.123612 51.458612 -109.294289
v -183.008227 51.845092 -108.827549
v -183.274463 52.174625 -109.829462
v -177.825619 56.811190 -107.862857
v -198.403378 44.041093 -105.479389
v -200.422866 51.241491 -112.699810
v -196.433740 44.041093 -106.351610
v -195.789719 45.117155 -104.897282
v -197.759353 45.117155 -104.025062
v -233.932889 31.138389 -91.603650
v -233.396520 31.138389 -93.673894
v -232.563496 32.588598 -93.458070
v -233.099861 32.588598 -91.387826
v -223.505795 27.064280 -92.176974
v -229.568469 31.839419 -92.980537
v -230.249748 31.839419 -90.350973
v -225.827645 27.615437 -88.582252
v -224.762475 30.637246 -92.214261
v -225.676288 30.637246 -88.687177
v -222.167828 26.513158 -91.974478
v -240.907542 38.077157 -81.903348
v -242.509357 38.077157 -83.141733
v -241.779736 39.288956 -84.085479
v -240.177922 39.288956 -82.847095
v -236.257946 32.563465 -91.221001
v -238.847750 36.699422 -87.874747
v -237.132136 36.596104 -86.790019
v -238.269998 35.748437 -85.317783
v -236.154995 34.321181 -91.354836
v -234.350999 32.288298 -90.391123
v -235.945958 32.288298 -91.624209
v -235.286055 33.390388 -92.893843
v -233.624497 33.494909 -91.330831
v -236.361276 45.345022 -83.911188
v -236.983028 45.713255 -83.638803
v -237.320646 45.713255 -84.409463
v -237.563330 43.764458 -83.221638
v -238.967723 43.690480 -82.542009
v -239.472442 43.690480 -83.694094
v -236.703022 45.340098 -84.680556
v -240.821295 40.415702 -83.384018
v -240.110128 40.415702 -81.760685
v -241.419803 41.191352 -81.186928
v -242.130970 41.191352 -82.810262
v -230.194376 49.546490 -87.229932
v -236.346010 45.633702 -84.804836
v -236.031317 45.638073 -84.099379
v -236.448310 46.101007 -83.918850
v -236.766614 46.094328 -84.622884
v -243.787822 39.949935 -79.608348
v -244.865588 39.949935 -81.231164
v -243.906791 41.114149 -81.867935
v -242.829024 41.114149 -80.245118
v -250.070915 44.128551 -75.623297
v -247.359263 41.655356 -79.498374
v -246.463317 42.743250 -80.093401
v -251.200852 44.282611 -76.828952
v -250.913273 45.578897 -77.004609
v -248.721511 44.768027 -76.503609
v -252.581078 45.797937 -74.031297
v -253.416570 45.797937 -75.289310
v -252.673308 46.700442 -75.782939
v -251.837819 46.700442 -74.524924
v -252.681700 48.569565 -73.303763
v -253.321260 48.818737 -74.050869
v -252.604733 48.648337 -74.767835
v -251.965173 48.399157 -74.020730
v -252.053702 49.681224 -73.353431
v -252.610224 49.756116 -73.921568
v -252.060358 49.625345 -74.471772
v -250.264273 52.848852 -73.494947
v -250.982780 50.969205 -73.717050
v -235.772633 31.917142 -93.920460
v -234.043538 31.917142 -94.962792
v -233.623560 33.285868 -94.266100
v -238.370877 33.549697 -98.218285
v -236.213046 33.829889 -94.646960
v -237.063148 33.822446 -99.986324
v -233.909150 33.467203 -94.741220
v -238.925555 35.544999 -99.133784
v -241.858541 35.741103 -103.987331
v -240.103913 35.741103 -105.045055
v -239.677732 37.130041 -104.338074
v -241.432360 37.130041 -103.280351
v -243.391095 37.978290 -104.213573
v -243.742175 38.159814 -106.311236
v -242.139237 38.757695 -106.530858
v -241.721280 38.757695 -104.569383
v -244.371154 39.206924 -104.026228
v -244.780352 39.206924 -105.946590
v -246.761578 42.203646 -103.569289
v -247.364571 42.475822 -105.338751
v -242.810148 39.565949 -106.373569
v -245.090865 42.782030 -103.922722
v -249.695987 45.882333 -103.008363
v -250.057583 45.882333 -104.705328
v -248.612945 46.556633 -105.013158
v -248.251350 46.556633 -103.316193
v -244.142041 37.467650 -106.837774
v -243.290580 37.467650 -107.855850
v -242.823842 38.341341 -107.465499
v -244.550989 37.786920 -107.310451
v -244.394440 38.622302 -107.244847
v -244.406220 38.130267 -108.517735
v -243.127855 38.434994 -107.654425
v -246.849734 39.581573 -109.967420
v -251.335290 48.968802 -102.348514
v -251.951727 48.968802 -103.410269
v -251.010544 49.389699 -103.956705
v -250.394107 49.389699 -102.894949
v -254.207772 54.157724 -101.390614
v -253.190863 47.289371 -103.280711
v -253.158332 47.289371 -104.540553
v -252.896753 48.202535 -104.533797
v -252.929288 48.202535 -103.273952
v -261.765200 49.117584 -104.132498
v -219.510167 26.182343 -92.645143
v -215.927888 26.182343 -93.313707
v -220.753186 27.466817 -96.998581
v -216.663978 27.466817 -97.761754
v -216.381326 30.328964 -96.247253
v -220.470534 30.328964 -95.484080
v -221.077706 28.582122 -100.095299
v -217.478286 28.582122 -100.767063
v -217.229489 31.101455 -99.433964
v -220.828908 31.101455 -98.762200
v -222.166463 32.237830 -104.749000
v -219.230987 32.237830 -105.878602
v -218.237725 33.260396 -103.325958
v -221.058725 33.260396 -101.858583
v -222.969255 34.237356 -105.550298
v -220.163620 34.237356 -107.009682
v -218.849122 35.254948 -104.482589
v -221.654758 35.254948 -103.023206
v -223.554762 36.226173 -106.694579
v -220.764403 36.226173 -108.146018
v -219.457062 37.238226 -105.632684
v -222.247421 37.238226 -104.181245
v -225.184283 39.485852 -105.418817
v -225.575077 39.485852 -108.306962
v -223.628667 41.080764 -108.570331
v -223.237874 41.080764 -105.682185
v -228.191039 41.666136 -105.156100
v -228.543530 41.666136 -107.761178
v -226.787889 43.104735 -107.998730
v -226.435398 43.104735 -105.393656
v -231.695211 44.207110 -104.849923
v -232.003064 44.207110 -107.125103
v -230.469748 45.463530 -107.332573
v -230.161893 45.463530 -105.057393
v -231.696267 47.172424 -103.248826
v -233.169218 47.172424 -103.168870
v -233.227476 47.920808 -104.242082
v -231.754524 47.920808 -104.322037
v -232.210287 51.203937 -99.110815
v -231.442931 47.774958 -108.234692
v -230.334254 47.774958 -107.214160
v -231.201419 48.363442 -106.272095
v -232.310097 48.363442 -107.292628
v -228.412384 53.198224 -110.414514
v -218.916876 39.282436 -110.459376
v -217.649671 39.282436 -107.822055
v -218.976035 41.155728 -107.184749
v -220.243240 41.155728 -109.822067
v -213.691501 41.889955 -112.784197
v -204.885576 46.284194 -116.702051
v -210.696857 42.851088 -111.417250
v -213.129260 43.829772 -110.201819
v -214.234267 43.829772 -112.501562
v -203.459930 46.565571 -115.159358
v -204.361948 47.839534 -114.725947
v -205.223735 47.839534 -116.519508
v -200.806728 48.319581 -118.516780
v -200.042580 48.319581 -116.926422
v -200.842402 49.449211 -116.542114
v -201.606550 49.449211 -118.132468
v -202.244879 51.126878 -118.784037
v -201.701722 51.126878 -119.933102
v -201.385398 51.751717 -118.377768
v -208.003015 57.403527 -122.208800
v -200.842244 51.751724 -119.526827
v -198.279822 50.190798 -120.225489
v -198.530704 53.099350 -124.769092
v -198.122253 52.280814 -121.550843
v -197.616415 53.070546 -124.526781
v -197.650533 53.940086 -124.525388
v -199.913833 51.034211 -119.627139
v -197.940231 54.547061 -126.875832
v -197.276270 54.547061 -126.732126
v -197.367203 54.936713 -126.311995
v -198.031166 54.936713 -126.455701
v -198.398569 56.295054 -128.430533
v -197.897439 56.415178 -128.455882
v -197.953791 56.597748 -127.993132
v -198.454919 56.477629 -127.967774
v -200.280151 60.553851 -131.572609
v -200.041532 60.640369 -131.604817
v -202.181596 64.857625 -134.747846
v -200.854394 61.873199 -132.333218
v -200.774466 62.108510 -132.499688
v -222.075058 29.932489 -105.570524
v -219.025104 29.932489 -106.362356
v -223.678757 30.731105 -111.940702
v -219.790792 30.292695 -109.224526
v -219.669944 32.566605 -108.759043
v -222.677533 32.566605 -107.978213
v -220.421255 32.887900 -111.567658
v -221.767779 31.222728 -116.614576
v -221.162309 33.204809 -114.337936
v -223.737438 33.046353 -112.188043
v -224.896447 31.337496 -116.777583
v -222.011741 31.337496 -117.526514
v -221.790038 33.767849 -117.628090
v -224.780536 33.518496 -116.331117
v -221.853926 34.208262 -120.960826
v -224.143861 34.976192 -118.260963
v -224.048003 34.976192 -121.040156
v -220.598492 35.521995 -120.853958
v -220.689718 35.521995 -118.209045
v -219.665187 36.940761 -120.758397
v -219.752047 36.940761 -118.240071
v -222.505644 37.122201 -118.303363
v -222.996216 36.359753 -120.940127
v -218.766832 38.306402 -120.666411
v -218.849489 38.306402 -118.269942
v -220.970387 39.133334 -118.343098
v -220.887730 39.133334 -120.739564
v -217.234534 41.269614 -122.740936
v -216.770385 42.039278 -121.550086
v -218.267933 42.547287 -121.564821
v -218.732081 41.777627 -122.755673
v -214.651433 46.810981 -129.136074
v -224.377594 32.470522 -122.871668
v -221.771525 32.470522 -121.890124
v -224.725534 34.399328 -121.947868
v -223.225950 33.392534 -125.654819
v -221.112195 33.096883 -123.827181
v -221.443707 34.934633 -122.946994
v -220.489780 33.688178 -125.655786
v -220.805786 35.439963 -124.816771
v -223.549710 35.187297 -124.795222
v -222.145191 34.257789 -128.266667
v -219.890186 34.257789 -127.417352
v -220.191255 35.926765 -126.617990
v -222.446260 35.926765 -127.467313
v -218.553001 37.156141 -132.495731
v -217.312769 37.156141 -131.331274
v -219.305918 38.117427 -131.693825
v -211.948470 43.471143 -138.287348
v -218.065697 38.117419 -130.529345
v -220.439352 35.001024 -132.309886
v -218.959359 36.133357 -131.925367
v -218.051322 35.489532 -138.043991
v -220.640866 25.419831 -87.072499
v -218.022379 29.367431 -84.232701
v -220.593142 25.827033 -81.205826
v -223.621626 25.827033 -83.867755
v -223.191389 28.774411 -84.357237
v -220.162906 28.774411 -81.695308
v -225.191226 26.352092 -81.678661
v -224.817817 28.910158 -82.103489
v -224.320538 29.914978 -76.761596
v -226.186753 30.372575 -77.662568
v -224.736213 30.372575 -80.144420
v -221.672354 31.214509 -78.289771
v -223.067175 31.214509 -75.903252
v -223.856548 32.039560 -79.566343
v -220.047443 34.700388 -77.208943
v -221.704156 33.946463 -75.209396
v -225.563169 31.483894 -77.340742
v -222.442853 34.718549 -78.637322
v -218.847540 37.274513 -76.410811
v -220.043733 37.274513 -74.364143
v -221.916890 37.982076 -75.458926
v -220.720697 37.982076 -77.505596
v -220.403754 40.693465 -77.777514
v -218.930921 40.693461 -77.781877
v -218.927220 41.271244 -76.532557
v -220.400054 41.271244 -76.528195
v -219.674380 44.543957 -80.157141
v -216.658913 41.314335 -73.402702
v -217.955652 41.314335 -72.263938
v -218.844989 42.112741 -73.276648
v -217.548249 42.112741 -74.415410
v -211.790962 50.080621 -66.551750
v -221.722446 27.927496 -79.828650
v -222.137445 27.927496 -76.887633
v -219.997585 28.544560 -79.573981
v -220.783907 30.821193 -76.713555
v -220.373590 30.821193 -79.621401
v -221.273449 28.236031 -76.771357
v -212.731839 33.611628 -75.629620
v -211.737281 33.819486 -78.346592
v -202.176672 34.919934 -76.942801
v -202.556306 34.919934 -74.252396
v -203.702138 36.740868 -74.414080
v -203.322504 36.740868 -77.104485
v -198.699124 37.281371 -72.255120
v -201.529479 37.330292 -72.006790
v -201.684924 38.813882 -73.559811
v -199.323137 38.809518 -73.419471
v -198.873781 38.463105 -70.394014
v -201.434671 39.879682 -71.635414
v -199.022204 39.879682 -71.876882
v -198.555026 41.260018 -65.787690
v -200.713514 41.130523 -65.786393
v -200.713079 42.952860 -66.086515
v -198.554672 43.540281 -65.228106
v -198.236310 44.056603 -61.181913
v -200.085241 44.056603 -60.996848
v -200.198997 45.142277 -62.133328
v -198.350064 45.142277 -62.318394
v -199.455442 47.123362 -61.232289
v -199.912430 47.123362 -59.614261
v -200.861732 48.543404 -61.578332
v -201.586820 48.846920 -60.149259
v -204.361875 51.703469 -61.035929
v -203.584100 51.292446 -62.248200
v -200.766466 46.393476 -61.602574
v -206.227547 53.961700 -62.898671
v -206.630436 54.038644 -61.760771
v -208.853493 54.960685 -62.439131
v -208.553222 54.960685 -63.502270
v -207.691797 55.440259 -63.258972
v -207.992068 55.440259 -62.195834
v -209.867672 56.580353 -65.364561
v -209.037611 56.580353 -65.559256
v -208.938363 57.123666 -65.136120
v -209.768425 57.123666 -64.941427
v -211.546779 60.972342 -74.390099
v -209.233512 57.305726 -61.868134
v -209.887350 57.305718 -62.358470
v -209.425357 57.508543 -62.974521
v -208.771517 57.508543 -62.484191
v -210.838955 62.648076 -60.408443
v -200.344486 45.977575 -57.990730
v -201.472405 45.977575 -59.261354
v -200.715176 46.988182 -59.933537
v -199.587256 46.988182 -58.662911
v -202.468430 47.562164 -56.177301
v -202.954957 48.609602 -57.868552
v -201.422349 48.272922 -57.094738
v -206.179796 50.331077 -53.008550
v -204.388216 48.228700 -56.570762
v -204.908430 50.023753 -56.067540
v -204.227704 50.236936 -54.697424
v -208.446029 52.021821 -51.073637
v -207.856136 50.906084 -53.370716
v -207.715851 52.056089 -53.479210
v -210.437796 53.507761 -49.373102
v -209.998389 52.559990 -51.393927
v -211.522134 53.736377 -49.987879
v -210.178952 53.839121 -51.208379
v -209.293970 53.783848 -50.368023
v -212.274957 54.878443 -47.804506
v -213.001409 54.878443 -48.622866
v -212.513708 55.529340 -49.055793
v -211.787256 55.529340 -48.237433
v -213.314824 57.007591 -46.616519
v -213.893997 57.086447 -47.151268
v -213.359274 57.281534 -47.677986
v -212.780101 57.202674 -47.143241
v -214.182112 61.508900 -45.058929
v -196.941955 37.232450 -74.297747
v -198.034536 38.805154 -75.073428
v -196.400472 37.568086 -73.887724
v -196.698426 38.239355 -71.122603
v -197.736502 39.733611 -71.859588
v -193.483851 40.146774 -68.985883
v -188.718728 42.974231 -65.818523
v -191.122125 43.239903 -67.453812
v -196.915186 39.424151 -74.227543
v -184.575433 44.897815 -64.933470
v -185.476908 44.897815 -63.663697
v -186.154582 45.873282 -64.144808
v -185.253107 45.873282 -65.414581
v -186.923867 47.284885 -61.408311
v -186.981107 48.008891 -62.792764
v -186.337804 48.008891 -61.780915
v -198.323283 54.738325 -54.871332
v -187.567163 47.284878 -62.420169
v -182.988022 46.214082 -61.909637
v -180.950872 49.044246 -54.790648
v -181.925158 48.960044 -54.712394
v -184.475943 47.128304 -62.064337
v -181.305724 49.394958 -55.985615
v -180.184160 50.109436 -52.111269
v -180.933188 50.109436 -51.873452
v -181.036841 50.633340 -52.199919
v -180.287813 50.633340 -52.437735
v -181.013681 51.727985 -49.874538
v -181.570212 51.547673 -49.994223
v -181.626090 51.821883 -50.487324
v -181.069552 52.002187 -50.367646
v -184.241632 55.415184 -46.022785
v -183.350377 54.029650 -47.901503
v -186.011021 57.436310 -43.911486
v -184.551058 55.830811 -45.818947
v -184.849658 55.896308 -45.502236
v -226.073275 28.337994 -75.372637
v -228.480396 30.588349 -72.155640
v -226.365036 31.399198 -74.983719
v -231.571367 31.230898 -73.034386
v -227.853399 30.542269 -78.009142
v -228.427963 33.325661 -72.226717
v -231.572315 33.478908 -68.023448
v -233.973842 33.478908 -69.819150
v -232.891183 35.250963 -71.267070
v -230.489656 35.250963 -69.471370
v -233.551351 36.089409 -64.588239
v -236.056875 36.391013 -65.882182
v -232.373898 37.572572 -66.238111
v -234.369249 37.838651 -62.467892
v -236.709822 38.120397 -63.676652
v -234.874120 37.862394 -67.548818
v -233.269314 39.224170 -64.009143
v -235.139254 39.485463 -60.471709
v -237.324530 39.748519 -61.600266
v -236.297576 41.042105 -63.039255
v -234.112301 40.779053 -61.910697
v -232.585504 42.000402 -59.261228
v -233.424776 42.000402 -57.832963
v -234.077997 43.091635 -58.216803
v -233.238725 43.091635 -59.645066
v -226.719448 45.467628 -54.853533
v -235.028867 41.860607 -56.140855
v -236.784542 41.860607 -56.027647
v -236.826321 43.071784 -56.675592
v -235.070647 43.071784 -56.788800
v -235.185098 45.860133 -44.893296
v -220.230690 30.382312 -89.274375
v -213.583893 33.174655 -86.507492
v -217.967650 33.174655 -84.557044
v -215.529386 33.427841 -90.880112
v -213.690063 37.331674 -86.245057
v -217.701629 37.331674 -84.460206
v -220.124841 31.397494 -89.159471
v -215.470379 37.563364 -90.246431
v -213.789855 41.238956 -85.998387
v -217.451590 41.238956 -84.369185
v -219.076654 41.450436 -88.021618
v -215.414918 41.450436 -89.650820
v -214.799999 46.613178 -89.310527
v -213.531605 46.613178 -85.873469
v -216.942415 46.947916 -84.614762
v -218.210809 46.947916 -88.051820
v -212.667977 52.984078 -86.307172
v -215.877913 53.299105 -85.122594
v -217.071607 53.299105 -88.357232
v -212.970719 59.033305 -89.761415
v -211.847954 59.033305 -86.718975
v -214.867159 59.329613 -85.604784
v -215.989925 59.329613 -88.647223
v -214.144373 45.767663 -88.976841
v -213.089997 46.622443 -93.615615
v -216.023231 45.767663 -89.870475
v -212.423357 61.955387 -91.596416
v -210.154159 61.955387 -89.819942
v -211.019179 63.764506 -88.246366
v -212.931475 63.958817 -89.906129
v -209.481523 64.218088 -94.992260
v -209.791602 64.710446 -90.455182
v -211.893708 64.710446 -92.100845
v -209.743517 62.314065 -90.401855
v -208.062515 65.963161 -92.892606
v -209.942553 65.963161 -94.364419
v -207.440738 65.787746 -97.347998
v -205.766640 65.787746 -96.037407
v -206.458995 67.124899 -95.153022
v -208.133093 67.124899 -96.463612
v -207.247585 69.263384 -100.388374
v -205.794110 69.263384 -100.694579
v -205.550574 69.930315 -99.538569
v -207.004048 69.930315 -99.232364
v -207.959266 76.952557 -107.369250
v -205.781153 68.509790 -99.538084
v -203.088778 68.479029 -103.617028
v -202.792079 69.258243 -100.704352
v -204.344867 69.258243 -101.706165
v -201.568832 68.479029 -102.636407
v -201.076508 70.186456 -103.435544
v -199.717151 70.354327 -108.705311
v -201.924706 70.519389 -105.359415
v -198.852169 71.389934 -106.976699
v -198.322643 70.354327 -107.805617
v -197.481541 72.131525 -109.158751
v -199.747043 71.654254 -108.646565
v -197.716614 71.467015 -111.724406
v -196.396540 71.467015 -110.872734
v -196.713946 72.546832 -110.380766
v -198.034020 72.546832 -111.232439
v -194.543640 74.479936 -113.578843
v -194.131624 74.479936 -112.442413
v -195.123340 74.917177 -112.082862
v -195.535361 74.917177 -113.219295
v -188.886641 83.071786 -114.986896
v -215.218118 61.648424 -83.702903
v -217.450265 61.648424 -85.694036
v -216.042004 63.777808 -86.380803
v -214.431016 63.683590 -84.585279
v -218.266501 63.156766 -80.447919
v -218.431815 64.501391 -84.496118
v -222.453124 65.228306 -75.977551
v -226.208852 67.086644 -71.967284
v -223.072305 66.647110 -79.037963
v -218.028421 61.950490 -85.013378
v -227.601611 68.741415 -73.710582
v -215.674679 64.228773 -83.256114
v -228.484386 68.212576 -69.537524
v -230.014435 68.212576 -70.902371
v -229.474907 69.607596 -71.507208
v -227.944858 69.607596 -70.142361
v -229.928994 70.574216 -67.133750
v -231.382559 70.644786 -67.536779
v -231.155380 71.223471 -69.238378
v -229.285868 71.223471 -68.988783
v -229.640461 71.878781 -66.574838
v -229.847079 73.879804 -65.419695
v -231.425174 71.467434 -67.056243
v -231.326268 74.120150 -67.381068
v -229.330909 71.628245 -68.732071
v -230.100225 76.331450 -64.004434
v -231.677142 76.331450 -64.214965
v -231.485518 76.819566 -65.650244
v -229.908605 76.819566 -65.439714
v -232.108452 79.938799 -62.442621
v -233.189107 79.589218 -62.789214
v -233.025146 79.925890 -63.919348
v -231.944493 80.275471 -63.572756
v -239.323578 89.191016 -59.134209
v -236.717017 86.041738 -60.702052
v -237.296673 86.018486 -60.341849
v -228.454501 69.127248 -67.369722
v -230.202713 69.127248 -66.639707
v -228.596731 70.503654 -67.710328
v -227.202220 69.664144 -64.233184
v -229.616731 70.750222 -65.310202
v -229.961394 69.223209 -66.086400
v -228.356946 71.176793 -62.420955
v -228.146236 70.668037 -66.582302
v -224.788479 70.699027 -58.187576
v -226.250196 70.699027 -57.577195
v -226.369115 71.849871 -57.861984
v -224.907400 71.849871 -58.472363
v -224.079369 71.909245 -54.647989
v -225.508117 71.789666 -54.473176
v -225.738236 72.684521 -55.238369
v -224.309487 72.804108 -55.413174
v -223.951620 75.090730 -48.227448
v -224.275495 73.359564 -54.179233
v -225.598253 73.495669 -53.464416
v -225.436637 74.432169 -51.416341
v -224.210596 74.420067 -51.823354
v -225.290554 75.278662 -49.565070
v -224.146233 75.471766 -49.487006
v -225.102618 74.597519 -48.892213
v -225.089193 76.445469 -47.013312
v -224.064396 76.809056 -46.516259
v -223.879998 76.874432 -44.627662
v -224.784723 76.798714 -44.516964
v -224.930442 77.365373 -45.001508
v -224.025716 77.441092 -45.112203
v -224.424558 78.959650 -42.685659
v -225.123405 78.841755 -42.671097
v -225.206921 79.069853 -43.313071
v -224.508074 79.187749 -43.327633
v -225.996926 83.484534 -39.813104
v -226.239316 83.449920 -39.804342
v -226.824232 85.865321 -38.301705
v -226.278545 83.572514 -39.992560
v -226.038222 83.599239 -40.007300
v -197.143139 72.656251 -114.399920
v -195.689870 72.656251 -114.380656
v -195.698832 73.609178 -113.704476
v -197.026024 73.968957 -117.610092
v -196.891758 75.473715 -121.289413
v -195.732413 74.921176 -117.247826
v -196.975991 75.421797 -118.616213
v -196.772427 76.811097 -124.559686
v -195.743768 74.866661 -119.789179
v -195.776812 76.656660 -121.935352
v -196.778480 77.454518 -124.103138
v -196.719787 77.401100 -126.002424
v -195.805572 77.401100 -125.990311
v -195.811213 78.000569 -125.564947
v -196.725425 78.000569 -125.577064
v -195.403438 79.387927 -128.141156
v -194.762997 79.220855 -127.888899
v -194.857148 79.517056 -127.292313
v -195.497591 79.684128 -127.544569
v -191.646799 83.994143 -131.421885
v -191.893325 83.467764 -130.657020
v -191.019827 84.851299 -131.858970
v -190.995296 84.562935 -131.794810
v -189.795266 86.264406 -133.038858
v -216.065241 63.815632 -88.928255
v -212.456455 63.955458 -85.869595
v -215.756338 66.098748 -86.202526
v -215.897241 66.098748 -89.223209
v -212.898881 66.370563 -89.363072
v -212.757977 66.370563 -86.342388
v -216.542307 71.315358 -86.243132
v -216.676018 71.315358 -89.109614
v -213.830720 71.573304 -89.242336
v -213.697009 71.573304 -86.375854
v -217.299166 76.338762 -86.282234
v -217.425950 76.338762 -89.000226
v -214.728044 76.583334 -89.126073
v -214.601260 76.583334 -86.408081
v -217.879811 80.390343 -86.449549
v -215.103107 82.434884 -86.138183
v -217.568666 82.434884 -86.138183
v -217.568666 82.541089 -88.599570
v -215.103107 82.541089 -88.599570
v -215.204457 86.619380 -85.910625
v -217.467316 86.619380 -85.910625
v -217.467316 86.716864 -88.169653
v -215.204457 86.716864 -88.169653
v -215.299941 90.561626 -85.696240
v -217.371832 90.561626 -85.696240
v -217.371832 90.650885 -87.764625
v -215.299941 90.650885 -87.764625
v -216.670715 78.765016 -84.558228
v -218.692334 78.765016 -85.600640
v -216.124430 80.199928 -85.617676
v -217.855674 79.940733 -82.679204
v -218.796217 80.848422 -85.108038
v -218.887693 79.037280 -85.124722
v -219.367532 81.418280 -83.744222
v -216.715968 80.632234 -84.664548
v -218.882729 80.959805 -81.050574
v -220.267074 80.959805 -81.764386
v -219.892994 81.942389 -82.489865
v -218.508648 81.942389 -81.776053
v -221.930694 83.135905 -79.459830
v -222.263514 83.135905 -80.419934
v -221.590606 83.672786 -80.653198
v -221.257785 83.672786 -79.693095
v -227.200412 87.594683 -78.170817
v -221.117861 81.783207 -78.425108
v -221.893436 81.783207 -79.044840
v -221.845169 82.516345 -79.105245
v -221.069594 82.516345 -78.485514
v -225.687556 82.539665 -73.501451
v -213.592335 80.271115 -89.436680
v -213.083036 80.271115 -87.688453
v -214.458350 81.103778 -87.287792
v -213.830079 81.964948 -89.185760
v -211.882972 81.848454 -88.318794
v -214.111652 81.390862 -87.449351
v -209.029306 85.599287 -89.817699
v -216.293621 92.488196 -89.178978
v -214.528365 92.488196 -88.435365
v -214.836309 93.612064 -87.292900
v -217.267952 93.496407 -88.001026
v -214.160915 95.301235 -93.933621
v -214.413444 94.385360 -88.793154
v -216.117895 94.385360 -89.511153
v -213.914593 95.062474 -90.055625
v -215.563052 95.062474 -90.750037
v -214.293795 96.611428 -93.584106
v -212.506307 96.974002 -93.619651
v -214.352688 92.746644 -88.880731
v -211.287369 98.628506 -96.704481
v -212.869622 98.349449 -96.764074
v -211.875216 98.315923 -99.029048
v -210.566993 98.315923 -98.477960
v -210.883298 99.176971 -97.727088
v -212.191520 99.176971 -98.278177
v -210.074023 101.097783 -100.924126
v -209.346892 101.097783 -100.146637
v -210.051668 101.430731 -99.487509
v -206.931961 108.080810 -103.133911
v -210.778799 101.430731 -100.265000
v -211.406865 100.148299 -102.372830
v -210.328638 100.148299 -102.337952
v -210.346389 100.836151 -101.789201
v -211.424617 100.836151 -101.824079
v -210.552106 104.888182 -112.113438
v -210.363343 100.884406 -103.856115
v -210.382072 101.538985 -103.579987
v -210.934470 103.112439 -107.604218
v -216.415396 92.752653 -84.145045
v -218.150776 92.752653 -84.939370
v -217.500763 93.824001 -86.074236
v -215.397550 93.670097 -85.403434
v -217.348920 94.311447 -82.249744
v -218.641876 93.681247 -83.780557
v -218.113214 94.664265 -84.935539
v -216.442846 94.664265 -84.170972
v -219.308458 94.941647 -82.207673
v -218.661640 96.503403 -79.584573
v -218.915044 96.059467 -83.049156
v -220.134423 96.503403 -80.258702
v -217.710556 96.621436 -81.590197
v -219.543216 97.975451 -77.794740
v -220.912938 97.975451 -78.421696
v -220.177841 98.256778 -80.078307
v -219.109706 98.781542 -78.741838
v -220.180584 99.039724 -76.500715
v -221.475796 99.039724 -77.093564
v -221.065869 99.801969 -77.989140
v -219.770657 99.801969 -77.396291
v -220.192835 99.770371 -75.084910
v -220.219561 100.765597 -75.328306
v -219.785105 100.290946 -71.295952
v -221.113436 100.306772 -71.033568
v -221.577138 100.765605 -75.179232
v -219.727051 101.379445 -70.751752
v -219.293790 100.918077 -66.731632
v -220.615442 100.918077 -66.586510
v -220.641460 101.886974 -66.823464
v -219.319809 101.886974 -66.968588
v -218.516131 102.989708 -64.034266
v -219.461144 103.091480 -63.726693
v -219.651140 103.490741 -64.551256
v -218.706126 103.388961 -64.858826
v -216.726837 108.479895 -60.211751
v -222.056833 101.386787 -74.478083
v -222.816307 101.386787 -75.171391
v -222.281294 101.871232 -75.757464
v -221.521820 101.871232 -75.064156
v -225.611894 106.218458 -71.346366
v -217.033468 95.076427 -87.968389
v -215.234333 95.076427 -87.667106
v -215.534724 95.180362 -85.873301
v -217.333859 95.180362 -86.174584
v -216.870970 99.046426 -88.243661
v -215.298287 99.046426 -87.980299
v -215.560869 99.137277 -86.412275
v -217.133552 99.137277 -86.675637
v -216.692980 103.394909 -88.545177
v -215.368338 103.394909 -88.323353
v -215.589505 103.471426 -87.002634
v -216.914147 103.471426 -87.224459
v -214.846948 104.983968 -86.761395
v -215.868054 104.983968 -86.197095
v -216.280848 105.573179 -86.944049
v -215.286934 105.650146 -87.488642
v -214.180086 106.292615 -85.380257
v -215.854837 106.169305 -86.258183
v -214.905702 106.169305 -86.782709
v -215.298189 105.899501 -85.287962
v -215.313759 106.926486 -85.387060
v -213.190451 108.234668 -83.330521
v -214.253366 107.267743 -85.445677
v -214.488065 107.201019 -83.995532
v -214.603040 107.921042 -84.242820
v -213.703507 108.461464 -82.743888
v -213.957632 108.824199 -83.203730
v -213.622303 108.330355 -84.152247
v -212.869618 108.864297 -82.666142
v -213.452767 108.864297 -82.343872
v -213.688512 109.200794 -82.770455
v -213.105363 109.200794 -83.092724
v -213.688724 110.314091 -81.170643
v -214.073752 110.314091 -81.502977
v -213.811781 110.545906 -81.806488
v -213.426753 110.545906 -81.474156
v -215.229430 112.593234 -79.995167
v -217.078953 115.264274 -77.632045
v -215.604475 113.359357 -79.183196
v -213.042438 110.724356 -83.309532
v -212.538205 110.724356 -83.170765
v -212.667452 110.865366 -82.701124
v -213.171685 110.865366 -82.839891
v -212.148126 116.225053 -85.869967
v -212.319704 115.539394 -85.339401
v -212.002751 116.161863 -85.797706
v -211.938317 117.097053 -86.145595
v -211.763649 118.589900 -86.970742
v -217.200115 105.102176 -89.214285
v -215.781906 105.093768 -89.576622
v -215.638777 105.698317 -88.651604
v -216.711028 105.675484 -88.594963
v -217.052794 105.794263 -90.155750
v -215.796787 106.340710 -89.472975
v -216.921093 106.340710 -89.299952
v -217.289522 107.714710 -92.243367
v -216.215093 108.168142 -91.645685
v -217.504731 109.460582 -94.141051
v -216.529535 109.541875 -93.278882
v -217.203569 108.370789 -91.741509
v -217.634001 110.509281 -95.280990
v -217.481284 110.366336 -94.141679
v -215.833964 105.342536 -89.843743
v -216.864916 111.007115 -95.020879
v -217.590391 111.150402 -95.084687
v -217.744518 111.405849 -96.255559
v -217.102773 111.405849 -96.354319
v -217.027599 111.717770 -95.865836
v -217.669344 111.717770 -95.767076
v -216.517007 113.281301 -95.699174
v -216.937404 113.281301 -95.378520
v -217.224613 113.455448 -95.755064
v -216.804218 113.455448 -96.075720
v -214.300647 119.402426 -92.489087
v -214.564901 119.014194 -92.857892
v -214.700465 119.042723 -92.729214
v -214.437468 119.378177 -92.404131
v -213.342502 122.048615 -91.101347
v -218.070749 112.358243 -97.586588
v -217.617270 112.358220 -97.738080
v -217.530957 112.649303 -97.479762
v -217.984429 112.649303 -97.328240
v -219.012168 114.466104 -101.158417
v -218.590986 113.721565 -99.588767
v -209.669963 61.898762 -87.036744
v -211.279993 61.898762 -84.576277
v -204.747268 64.814949 -83.533528
v -210.637388 64.693382 -84.256226
v -209.119399 64.693382 -86.576032
v -210.664847 62.245003 -84.207232
v -206.532507 66.688153 -81.785084
v -205.783296 66.396274 -84.209540
v -200.739595 67.189075 -80.681484
v -201.880835 67.189075 -78.937427
v -202.785138 68.509196 -79.529168
v -201.643896 68.509196 -81.273224
v -197.832225 68.367995 -79.657414
v -198.751848 69.723625 -77.900677
v -198.360361 69.723625 -79.768131
v -196.092961 68.773935 -79.270521
v -196.475502 68.773935 -77.445752
v -192.988541 69.498527 -78.579914
v -194.066121 69.333420 -76.971362
v -183.912875 71.616829 -76.561099
v -188.918876 70.528657 -75.957910
v -182.713592 71.969586 -74.736141
v -197.578314 69.973604 -77.669514
v -188.455980 71.844166 -77.565853
v -180.432083 72.429264 -75.786806
v -180.734045 72.429264 -74.346383
v -181.141417 73.474908 -74.431783
v -180.839454 73.474908 -75.872206
v -176.882871 74.568472 -75.175631
v -177.015675 74.611365 -74.076057
v -177.800700 75.182952 -74.211508
v -177.667888 75.140059 -75.311084
v -170.145692 80.360656 -74.214395
v -199.398019 68.893232 -76.854672
v -200.132381 70.071013 -77.592437
v -196.987411 69.658577 -77.091483
v -195.292308 70.878284 -75.332224
v -198.492710 71.147936 -75.996975
v -191.945116 73.286740 -71.858349
v -195.782705 72.927837 -73.360034
v -193.704987 74.292476 -71.338329
v -189.837459 74.803288 -69.670922
v -198.665347 69.403472 -76.142160
v -191.933372 75.456062 -69.614480
v -198.424450 70.315836 -78.558734
v -189.018704 75.392422 -68.821176
v -190.065641 75.392422 -67.779070
v -190.636436 76.307871 -68.352513
v -189.589498 76.307871 -69.394620
v -187.617322 78.591950 -68.595745
v -187.403240 78.591950 -67.483752
v -188.464070 78.843468 -67.279518
v -188.678152 78.843468 -68.391515
v -184.508146 87.195620 -68.617719
v -191.130388 77.606366 -66.041209
v -191.634955 77.606366 -67.028869
v -190.985542 78.225325 -67.360636
v -190.480973 78.225325 -66.372976
v -197.977449 82.938750 -63.165933
v -217.538343 61.797218 -89.481332
v -215.531754 61.797218 -91.658381
v -214.559074 63.759236 -90.761859
v -223.573611 65.132158 -95.391556
v -216.517370 64.655116 -92.462919
v -218.420398 64.655116 -90.398228
v -221.260216 66.026819 -93.174782
v -220.094536 66.291600 -95.570197
v -223.069406 65.736277 -98.195384
v -224.533039 68.322124 -99.425670
v -225.313272 67.984538 -97.137547
v -228.052583 67.607120 -99.777728
v -226.649393 67.607120 -101.300118
v -225.969208 68.979140 -100.673189
v -227.372397 68.979140 -99.150801
v -230.268197 69.951244 -102.213951
v -228.696131 70.067532 -103.389665
v -227.621964 70.646142 -102.054396
v -229.089408 70.646142 -100.873898
v -230.560815 71.219107 -102.753992
v -231.871071 75.017465 -104.551021
v -228.438755 72.558081 -102.983536
v -230.500659 74.715735 -105.426932
v -229.906896 75.994687 -104.653621
v -229.233987 71.023468 -101.070632
v -232.606678 77.150001 -105.559948
v -231.445778 77.150001 -106.493842
v -230.595999 77.607737 -105.437505
v -231.756900 77.607737 -104.503611
v -231.787071 80.229219 -106.160784
v -231.217635 80.105635 -105.306559
v -228.896969 84.668096 -106.283797
v -230.264599 80.365484 -105.937752
v -230.988925 80.001791 -106.752816
v -230.392407 68.440141 -100.312920
v -230.579992 68.440141 -102.198120
v -230.185232 69.834948 -100.333535
v -235.805492 68.951227 -99.863624
v -232.104808 69.956537 -102.017821
v -231.155401 68.494649 -102.131337
v -236.066732 70.234680 -101.558232
v -234.518461 70.138171 -99.973616
v -239.845351 69.332575 -99.528314
v -240.002196 69.332575 -101.104571
v -239.828974 70.498803 -101.121806
v -239.672123 70.498803 -99.545551
v -242.935717 70.276378 -98.699843
v -242.302501 71.210067 -98.969157
v -245.426016 71.422781 -97.725023
v -245.178142 72.385114 -97.840787
v -247.898992 72.561234 -96.756974
v -246.076954 72.554585 -98.815937
v -246.951697 73.109729 -97.145025
v -249.771386 73.423219 -96.024026
v -247.827033 72.319137 -98.029864
v -249.303296 73.904914 -97.334852
v -249.313612 74.074819 -96.218315
v -251.143245 74.054713 -95.487013
v -251.505103 74.054713 -96.337826
v -251.097435 74.655835 -96.511213
v -250.735573 74.655835 -95.660401
v -252.658536 75.751455 -94.337133
v -253.052066 75.853182 -94.892205
v -252.533585 76.127144 -95.168277
v -252.140055 76.025417 -94.613203
v -255.296789 80.677298 -91.255326
v -253.907207 78.389076 -93.223095
v -254.188770 78.296077 -93.050518
v -241.801954 72.102409 -98.682778
v -242.692462 72.102409 -99.448186
v -241.960722 72.357544 -100.299519
v -241.070220 72.357544 -99.534112
v -243.802991 79.347029 -97.255428
v -218.769823 91.964399 -86.346085
v -218.233779 91.964399 -88.158360
v -218.168176 93.284889 -86.168126
v -221.211489 92.690636 -87.143828
v -219.138615 93.657219 -88.381000
v -220.332535 93.828647 -86.874026
v -218.726781 92.108607 -88.289184
v -221.183400 94.162600 -88.924742
v -224.644959 93.711879 -88.265613
v -222.930276 94.481306 -87.721272
v -223.717104 94.788832 -89.598496
v -224.756605 94.940154 -88.316924
v -226.387753 94.230261 -88.835019
v -225.979911 94.230261 -90.213887
v -225.522142 95.234969 -90.078486
v -225.929989 95.234969 -88.699620
v -229.176665 96.719849 -91.002763
v -228.433232 96.719849 -91.793334
v -227.796548 97.196374 -91.194613
v -228.539980 97.196374 -90.404042
v -229.947211 97.985169 -91.852974
v -233.745915 104.223048 -96.044408
v -231.110339 100.665729 -93.188918
v -229.987885 94.993237 -88.833546
v -230.142890 94.993237 -89.878672
v -229.982363 95.766564 -89.902480
v -229.827358 95.766564 -88.857354
v -239.672405 96.507478 -87.931271
v -234.350542 95.661829 -89.018819
v -237.227988 96.320574 -88.428529
v -213.739998 92.288840 -86.853032
v -214.250551 92.288840 -85.046869
v -211.569409 93.244897 -86.166179
v -213.542775 94.107689 -84.896982
v -213.058494 94.107689 -86.610208
v -208.964189 94.392390 -85.341793
v -213.746384 92.507061 -84.921081
v -211.104107 95.034592 -84.286276
v -210.006216 95.287732 -85.647298
v -207.132599 95.199136 -84.762213
v -207.526361 95.199136 -83.369214
v -208.180704 96.145726 -83.554180
v -207.786943 96.145726 -84.947178
v -205.034526 97.747748 -83.160164
v -205.739452 97.747748 -82.426981
v -206.412403 98.046797 -83.073994
v -205.707478 98.046797 -83.807178
v -203.629807 102.871881 -81.104114
v -204.836739 96.269638 -84.221961
v -205.077994 96.269638 -82.877164
v -205.788357 97.128957 -83.004601
v -202.351774 97.438090 -83.770789
v -203.296022 98.290730 -82.562861
v -199.838924 98.619664 -83.314522
v -202.100293 97.668710 -82.349487
v -198.234644 99.484992 -81.664285
v -199.670247 99.980831 -81.920309
v -200.093539 99.673054 -83.359206
v -196.108475 100.373686 -82.637250
v -196.343161 100.373686 -81.329049
v -197.034196 101.209616 -81.453019
v -196.799509 101.209616 -82.761220
v -194.583900 103.338314 -82.571111
v -194.369624 103.338314 -81.565351
v -195.358209 103.478456 -81.354737
v -195.572485 103.478456 -82.360498
v -193.158426 110.741362 -82.349098
v -196.287391 102.632023 -79.877891
v -197.109647 102.632023 -80.468371
v -196.646000 103.096339 -81.114013
v -195.823746 103.096339 -80.523534
v -199.623706 107.947804 -76.099732
v -217.876504 105.110576 -87.931467
v -217.037090 105.681440 -87.594473
v -218.111811 105.347868 -88.038102
v -218.164819 105.822305 -89.291228
v -217.373258 106.360626 -88.973445
v -218.362534 107.223235 -89.324245
v -220.585606 108.179140 -90.142278
v -222.549325 110.090912 -90.832539
v -220.544694 109.125944 -90.097995
v -217.539322 106.134043 -87.820423
v -223.438369 110.719070 -90.451964
v -223.194527 110.719070 -91.059350
v -222.732194 111.033489 -90.873741
v -222.976038 111.033489 -90.266356
v -222.818072 112.521819 -90.840254
v -223.004225 112.513419 -90.363948
v -223.469932 112.596860 -90.543642
v -223.285722 112.596860 -91.021060
v -222.036752 116.836662 -90.176420
v -221.354162 118.856002 -90.001519
v -224.413166 111.772292 -89.590016
v -224.766313 111.772292 -89.948743
v -224.572648 112.086155 -90.139395
v -224.219501 112.086155 -89.780668
v -227.084694 113.615079 -87.170491
v -228.896966 114.865181 -85.529166
v -227.262113 113.641049 -87.278371
v -227.551927 114.000798 -86.963116
v -227.429647 113.993395 -86.862850
v -214.718622 105.180841 -88.881240
v -214.398342 105.180841 -87.721937
v -210.593102 109.420774 -89.849979
v -213.686574 105.928251 -87.948720
v -214.558113 106.448134 -87.707940
v -214.862919 106.448134 -88.811232
v -213.597896 107.363902 -88.011503
v -213.883048 107.363902 -89.043656
v -212.464710 108.444626 -88.369748
v -211.438008 109.423805 -88.694330
v -211.969030 109.152775 -89.497740
v -210.713674 110.114605 -88.923320
v -210.587808 110.443570 -89.825283
v -209.334619 111.614763 -90.122538
v -210.355286 109.426371 -89.010166
v -208.811823 111.928435 -89.524539
v -208.682480 112.224248 -90.277224
v -207.765855 112.326416 -90.513900
v -207.593512 112.326416 -89.890080
v -208.086295 112.620363 -89.753940
v -208.258637 112.620363 -90.377760
v -208.199294 113.880854 -89.791845
v -208.336883 113.880854 -90.269735
v -207.888927 114.009183 -90.398706
v -207.751339 114.009183 -89.920815
v -209.521501 116.760213 -89.765862
v -210.219541 118.456910 -89.468947
v -206.471006 113.369699 -89.969794
v -206.685205 113.369699 -89.550692
v -206.971815 113.624065 -89.697175
v -206.757616 113.624065 -90.116277
v -204.692169 114.999969 -88.861227
v -206.606692 113.867571 -89.544324
v -205.722587 114.370302 -89.483798
v -205.630276 114.255964 -89.119946
v -221.453182 29.086599 -87.039785
v -220.246596 29.509395 -91.674618
v -223.291630 26.513158 -87.636898
v -198.476652 51.034200 -119.316078
v -199.717004 50.190798 -120.536551
v -220.432372 36.133357 -132.334988
v -218.966340 35.001024 -131.900264
v -217.952475 25.419831 -84.709499
v -222.651036 29.565207 -79.655202
v -222.562765 26.352092 -79.368337
v -201.223459 46.393476 -59.984547
v -183.168896 47.128304 -62.479330
v -184.295075 46.214082 -61.494644
v -227.394824 30.113649 -78.622852
v -228.479685 28.337994 -77.171990
v -213.745331 44.388728 -89.815825
v -215.624188 44.388728 -90.709459
v -215.012924 80.897316 -88.913040
v -204.175400 68.509790 -98.502099
v -203.789308 67.196288 -99.100533
v -205.395060 67.196288 -100.136517
v -197.152104 73.609178 -113.723743
v -217.613573 80.690832 -88.790061
v -215.058199 80.580765 -86.239011
v -198.785438 70.071013 -78.933170
v -221.550412 99.770371 -74.935844
v -198.137390 68.630602 -77.992682
v -242.864566 71.210067 -100.290692
v -243.497782 70.276378 -100.021377
v -205.547105 97.128957 -84.349399
v -211.638958 16.297376 -92.851526
v -214.745601 16.297376 -94.628564
v -219.824162 16.297376 -87.903232
v -218.605755 16.297376 -93.908141
v -210.521844 16.297376 -89.040151
v -216.927233 16.297376 -85.356935
v -210.035091 3.359496 -93.451667
v -213.954448 3.359496 -95.693588
v -220.361589 3.359496 -87.208872
v -218.824440 3.359496 -94.784698
v -208.625734 3.359496 -88.643215
v -216.706808 3.359496 -83.996450
v -215.598407 29.756410 -85.414181
v -215.696474 41.327568 -84.882491
v -215.289201 46.824114 -85.032251
v -213.357557 59.181463 -86.161880
v -213.443735 63.819528 -85.227437
v -213.249056 61.773589 -84.139590
v -215.740067 33.230684 -85.031268
v -214.337842 53.268398 -85.469220
v -214.980328 25.977155 -85.719094
v -215.817458 37.689043 -84.921611
v -212.492724 16.297376 -85.935103
v -211.023851 3.359496 -84.472110
v -219.782637 25.315012 -90.668305
v -220.147953 16.297376 -90.905686
v -220.865889 3.359496 -91.900116
v -187.621872 63.439666 -73.237249
v -203.305374 64.427687 -70.300842
v -182.943118 64.998692 -65.205543
v -178.274239 57.659287 -50.653390
v -195.435666 56.459811 -81.350093
v -198.746193 48.866847 -42.133017
v -180.331693 44.620026 -71.120518
v -263.224617 39.220971 -95.920531
v -245.981316 62.374555 -87.246742
v -241.941385 39.499282 -110.765666
v -233.831338 46.967691 -79.287961
v -243.745882 56.102819 -74.126263
v -230.963998 59.044196 -91.145454
v -242.684557 59.945117 -106.666550
v -215.634884 35.209949 -141.045393
v -204.714668 34.914099 -133.654663
v -194.927460 59.441366 -128.872503
v -201.140650 46.848486 -111.776547
v -232.078946 41.136936 -119.692054
v -221.886188 41.654156 -107.913785
v -202.672439 48.857513 -138.618936
v -226.007051 57.993065 -113.406671
v -209.109937 67.133440 -134.122403
v -222.594403 54.683360 -52.489840
v -236.461242 52.056581 -44.751144
v -215.557143 41.165899 -51.600777
v -213.078715 39.350466 -59.290371
v -223.334721 33.419083 -73.358326
v -236.965237 45.938817 -73.550188
v -230.853986 34.480955 -79.258977
v -240.864253 35.563460 -60.620211
v -227.412476 28.258852 -59.091687
v -197.812683 63.507261 -100.661533
v -178.648515 62.485729 -78.078572
v -189.248140 54.213960 -116.455939
v -170.101607 53.043186 -76.300978
v -192.525124 39.715938 -109.364013
v -183.004107 34.728895 -101.590525
v -180.312855 59.203819 -75.509331
v -190.122685 74.696459 -91.458831
v -190.109367 96.624962 -78.068633
v -182.758465 69.285988 -81.860403
v -178.039160 92.658725 -72.138632
v -181.335274 93.632314 -82.564929
v -213.765601 68.862288 -58.205565
v -222.469523 75.312752 -37.839807
v -215.033629 78.907861 -44.171316
v -237.723785 78.124931 -67.057665
v -243.578601 80.605319 -63.521764
v -229.383905 80.196920 -69.306067
v -240.873166 88.834428 -61.932009
v -235.736891 92.376972 -52.332018
v -233.496640 92.949069 -64.662765
v -223.148519 92.655481 -63.766140
v -239.503768 66.039991 -90.233577
v -233.545491 64.292469 -105.307469
v -223.933120 81.664101 -111.184738
v -251.848337 82.078822 -80.497583
v -256.280961 87.168446 -90.836128
v -223.704207 92.706919 -103.024053
v -246.334909 91.532595 -104.495753
v -227.008406 90.468536 -110.553043
v -216.951005 73.133430 -117.899004
v -197.494550 88.154823 -98.180207
v -191.343523 86.535033 -133.745095
v -212.719889 71.395615 -121.681279
v -186.761592 85.778004 -107.370297
v -210.316834 90.896211 -123.950468
v -220.493018 86.022629 -84.074618
v -222.516852 81.707992 -71.188700
v -217.947721 111.236279 -101.985234
v -203.513097 113.360552 -95.154248
v -220.523757 112.667841 -101.484386
v -228.489962 116.564719 -92.652922
v -207.917697 124.648628 -93.364647
v -222.534341 126.820509 -92.835104
v -201.428627 114.037179 -81.189916
v -202.594206 96.609517 -80.061452
v -197.016890 96.879854 -91.134270
v -191.522872 99.911876 -89.957192
v -195.763452 100.215868 -94.171618
v -201.576242 105.577954 -94.870752
v -204.054623 111.711128 -77.523994
v -204.740891 108.703379 -89.090113
v -200.355854 110.426662 -91.406440
v -219.507316 94.297373 -69.998838
v -206.494949 104.560664 -75.353580
v -216.734975 99.163674 -60.003004
v -229.084789 101.467996 -76.597630
v -208.741356 107.151805 -66.140554
v -216.887473 111.854408 -63.672467
v -236.797122 106.670977 -99.972608
v -223.807838 100.819708 -88.159268
v -225.852626 102.981901 -83.659850
v -230.350494 106.670909 -101.968212
v -229.893749 110.083722 -85.160644
v -234.448410 112.110914 -85.883626
v -222.650832 101.336316 -101.817699
v -216.269768 99.397073 -114.768287
v -204.562970 110.242020 -102.151911
v -214.727609 108.771488 -104.912910
v -202.919021 107.565817 -112.498992
v -188.906014 37.426276 -52.786829
v -192.419489 36.679948 -53.415784
v -184.522180 36.591332 -62.837633
v -181.555886 37.838838 -60.089261
v -204.465598 37.703540 -59.600132
v -200.901836 38.239012 -53.298620
v -199.509486 34.252153 -62.974374
v -199.324491 34.947234 -59.512247
v -204.945721 38.508984 -69.251698
v -201.249930 36.457687 -70.014885
v -203.129867 38.961819 -72.769835
v -197.111603 39.839454 -77.544413
v -189.182469 40.270256 -76.071056
v -175.465319 54.784706 -65.182096
v -175.002976 49.548108 -63.177454
v -174.911173 46.634800 -55.650218
v -192.660089 44.735671 -45.251804
v -192.293010 49.860596 -41.844245
v -216.653712 49.905903 -54.985217
v -213.408912 46.700720 -53.605311
v -208.291748 41.308840 -53.865713
v -214.500690 50.000844 -47.989990
v -211.613828 51.030670 -70.240691
v -208.712600 46.007685 -72.392145
v -208.494875 47.867664 -73.639270
v -189.615895 45.594045 -80.945167
v -174.631697 52.378402 -52.206385
v -179.665302 54.402410 -46.629375
v -210.418124 51.628300 -42.907623
v -211.096310 58.271048 -41.966954
v -218.655488 55.431352 -57.351903
v -216.196853 52.703760 -62.616309
v -216.176225 58.025067 -63.530638
v -199.030983 56.656147 -79.445224
v -203.547428 50.250176 -79.427462
v -199.929161 53.183803 -81.098518
v -197.631363 57.932525 -79.813071
v -180.676541 58.183959 -71.828387
v -180.529990 52.959817 -73.534154
v -177.300330 57.644454 -67.593343
v -177.885344 61.781072 -56.903226
v -187.573029 63.614376 -49.792533
v -191.283159 65.868125 -54.094939
v -187.869645 67.060502 -63.116201
v -203.552598 65.259166 -48.358877
v -207.458140 62.800014 -44.188791
v -215.094228 64.948099 -51.832055
v -215.484500 64.443049 -57.402557
v -216.640360 62.126556 -61.002054
v -210.474273 64.905038 -65.147768
v -206.987644 67.058720 -60.882867
v -210.114404 65.897134 -60.386061
v -193.505781 63.933044 -74.838610
v -200.001813 62.117234 -75.184449
v -198.491388 66.209249 -70.013268
v -183.356051 62.612863 -71.352265
v -198.870619 67.537670 -66.054684
v -195.184765 68.074978 -64.760627
v -204.163658 67.020530 -64.624240
v -181.994643 64.879357 -60.889645
v -202.142819 68.252301 -57.659246
v -192.496322 67.657454 -57.118580
v -197.508110 64.421244 -47.900921
v -207.531276 57.160626 -74.328877
v -217.547352 62.963050 -54.651081
v -200.289314 60.524808 -42.432645
v -202.445495 46.041100 -79.783954
v -196.754982 49.684632 -83.023788
v -188.709320 57.022305 -79.636098
v -185.702128 54.780220 -78.736386
v -213.656324 49.983141 -65.287407
v -206.891762 52.889960 -75.380810
v -217.938893 54.080014 -51.257323
v -178.651173 44.308338 -50.237516
v -182.036873 48.063482 -46.460098
v -196.901236 56.206968 -41.042918
v -176.427660 51.577014 -68.579550
v -174.254553 57.323753 -58.644406
v -173.287270 53.733917 -58.291458
v -173.432377 50.740150 -59.342822
v -198.637821 46.239976 -82.178601
v -195.880736 45.790721 -82.305477
v -208.973307 44.225773 -70.534582
v -201.957318 40.613855 -76.204008
v -205.381544 43.502323 -48.346677
v -209.066086 40.855761 -62.164719
v -207.318878 39.079070 -65.433840
v -181.376023 41.505424 -68.355482
v -177.004422 45.250725 -65.315076
v -184.020578 41.270627 -50.005407
v -187.968142 34.928365 -61.894769
v -190.798213 61.882776 -76.397735
v -206.954603 62.540168 -70.313840
v -210.750911 60.269075 -69.099756
v -218.235510 62.085441 -50.820858
v -179.042330 60.408127 -68.264191
v -176.088786 59.173885 -62.976750
v -192.243458 59.470173 -78.626220
v -215.653208 61.225989 -45.627710
v -217.446692 58.999250 -45.550708
v -182.931660 58.522509 -46.015969
v -192.090996 55.671195 -81.517162
v -183.569221 47.551825 -76.384205
v -215.627085 54.880416 -44.410725
v -214.472113 47.049742 -58.898943
v -197.575060 44.085094 -45.142621
v -188.175965 43.805767 -78.993442
v -185.902962 44.927647 -77.366554
v -205.852470 45.585714 -76.552299
v -201.993800 42.231284 -77.495681
v -193.659325 37.070934 -73.891026
v -194.170824 35.616376 -71.472822
v -184.619474 40.515243 -71.553903
v -178.909149 40.665586 -61.585207
v -177.528348 42.200973 -54.469451
v -182.210781 39.380286 -53.214025
v -192.870239 41.065844 -48.823441
v -191.888413 33.813317 -64.339040
v -245.594611 32.111959 -92.232453
v -243.911941 38.488333 -76.544546
v -246.187304 39.092162 -74.545035
v -249.782981 35.811951 -80.210484
v -259.101834 36.659073 -87.937924
v -261.634609 37.253321 -90.539084
v -250.629669 40.911160 -109.245908
v -233.197705 40.267979 -106.738393
v -232.768855 39.556581 -87.802323
v -234.918495 38.929805 -84.027831
v -246.701419 42.526689 -71.889279
v -238.047228 48.947390 -74.503088
v -266.799620 42.850467 -92.803985
v -262.980464 39.585472 -91.017531
v -258.724755 49.602482 -75.075328
v -262.540184 52.635643 -80.512056
v -231.546680 48.833931 -110.366538
v -233.375702 54.454047 -80.689535
v -252.824443 53.615020 -72.086213
v -256.774111 54.224775 -74.867080
v -264.218091 50.807388 -101.402778
v -235.836600 54.854564 -113.322440
v -240.287441 54.865984 -73.598846
v -260.932998 55.394026 -80.578711
v -260.090918 57.126175 -98.679990
v -247.440167 33.367502 -84.243933
v -237.624035 38.570574 -80.356746
v -245.243567 31.669360 -96.723998
v -242.540232 33.157685 -99.065459
v -258.582797 35.601536 -94.125249
v -247.062902 40.413619 -110.878019
v -262.332675 40.327262 -99.480131
v -240.018525 42.214251 -112.626434
v -228.220103 52.855787 -91.185239
v -241.285371 52.299313 -71.880635
v -242.810853 48.026332 -71.096097
v -235.611778 40.520986 -80.229732
v -264.752817 49.146753 -83.063439
v -250.893170 39.014137 -75.732861
v -256.589142 52.327839 -108.938613
v -253.308473 51.482065 -111.464818
v -265.956341 42.897062 -96.730075
v -232.866400 52.176906 -113.096159
v -245.775359 44.940895 -114.365759
v -238.318763 49.661342 -116.774209
v -229.970708 52.276020 -84.378069
v -249.105874 50.891385 -69.865383
v -255.962144 55.019960 -106.983146
v -233.841640 57.495406 -110.689946
v -231.374241 56.195917 -107.614317
v -239.920692 60.875638 -82.499464
v -240.818403 61.919603 -89.943058
v -237.981986 61.514379 -97.516213
v -231.125232 58.949716 -96.788073
v -232.288004 59.824929 -101.113189
v -239.806203 59.788000 -108.456885
v -251.045970 60.247548 -99.830281
v -246.632247 59.648821 -104.457709
v -253.745630 60.662889 -94.235888
v -261.847521 56.600497 -94.366323
v -261.450249 56.804038 -83.935792
v -248.052732 60.201102 -79.357338
v -246.441520 58.548997 -75.271807
v -253.131946 58.271516 -76.381850
v -236.504091 58.866363 -81.459705
v -240.507694 57.988586 -76.102560
v -230.662153 55.396079 -86.001191
v -228.694683 49.938199 -103.407794
v -228.146769 52.901239 -99.285540
v -229.223117 45.984319 -102.949876
v -229.932868 50.523712 -107.091952
v -240.719907 54.171695 -115.849945
v -245.098595 53.406525 -114.983670
v -242.187092 56.527582 -113.755355
v -244.403501 49.709213 -115.935891
v -265.881773 49.612585 -98.412930
v -266.900955 48.540384 -94.776814
v -265.543497 53.171835 -96.987899
v -267.124903 46.005076 -92.362044
v -267.068225 49.388987 -90.830548
v -264.889943 43.000883 -86.498932
v -250.737671 47.645216 -70.330272
v -252.660296 50.058314 -71.312755
v -249.829408 45.454098 -70.897716
v -246.704501 47.003707 -70.079615
v -233.396993 43.140374 -81.951680
v -236.081107 46.454663 -114.096528
v -259.267527 49.054805 -107.426964
v -259.021344 40.043303 -103.655979
v -260.534819 44.497039 -105.966719
v -260.739963 40.631429 -83.779131
v -256.320457 41.922045 -77.063583
v -257.434398 38.234165 -81.685328
v -243.478599 41.981579 -73.406092
v -227.331018 48.690975 -92.686175
v -228.651648 44.960152 -93.519868
v -227.675164 47.700931 -95.810411
v -230.083305 41.632081 -94.065604
v -230.382910 41.006238 -91.733367
v -229.416971 44.223705 -96.099864
v -231.114705 39.589223 -97.894244
v -239.570572 34.142453 -101.032110
v -243.983766 38.081978 -108.900859
v -249.733995 36.612531 -106.444190
v -252.887290 38.343641 -105.949149
v -255.887260 35.541846 -98.871798
v -255.133887 34.910829 -87.479742
v -251.937173 32.644067 -94.552083
v -252.922963 33.833509 -89.509684
v -234.205264 35.886793 -94.199812
v -238.041642 33.526137 -92.249224
v -236.204859 35.130589 -98.008804
v -241.776966 36.543462 -79.316261
v -241.389482 33.096594 -87.910680
v -240.341292 35.592690 -82.739273
v -242.389902 34.219561 -84.534745
v -210.444273 30.638261 -126.150361
v -198.956622 39.749818 -118.412295
v -212.395896 33.970552 -113.878450
v -197.230846 41.955003 -121.880105
v -216.043913 30.066607 -129.690879
v -227.081299 34.313772 -125.655025
v -210.126106 31.148092 -130.126864
v -203.172346 44.063492 -138.645912
v -200.634066 40.738677 -132.800489
v -196.811242 48.011526 -114.754345
v -198.335904 42.737911 -115.461821
v -217.638966 39.488056 -107.220047
v -216.929148 36.147176 -110.674303
v -222.820918 40.824490 -140.141143
v -219.910579 37.278050 -140.663759
v -233.417346 50.081665 -128.469443
v -209.910547 54.851856 -142.368929
v -207.318214 58.033589 -140.314285
v -205.496796 48.381454 -108.689953
v -228.886256 58.443337 -121.012669
v -231.752450 54.517385 -125.627577
v -227.584791 56.442275 -130.526958
v -210.981656 63.191666 -138.738473
v -206.226882 61.317502 -139.441695
v -209.588879 53.716545 -108.694822
v -208.573850 68.142867 -125.114324
v -227.325814 54.663482 -110.798002
v -204.321912 66.706538 -134.576845
v -214.860102 33.476332 -116.129430
v -200.290088 40.402214 -114.234370
v -197.406210 44.517096 -128.765537
v -204.676044 33.605362 -129.263836
v -219.368717 34.272951 -116.764143
v -216.125865 32.672715 -138.741748
v -213.620421 32.340587 -136.523307
v -225.620444 33.264473 -128.955179
v -229.763392 36.576683 -129.680064
v -210.798559 37.031273 -141.538619
v -194.838258 57.131023 -120.599004
v -193.794391 52.610346 -120.125470
v -197.841480 47.902614 -131.476328
v -213.187020 51.826483 -106.200621
v -210.765832 43.295115 -106.725602
v -230.865606 43.530678 -114.459563
v -220.317649 38.803585 -109.366163
v -223.910714 39.690851 -111.353173
v -231.129678 36.845028 -126.972167
v -232.886817 39.757003 -126.482254
v -212.225464 45.560429 -142.921522
v -197.293225 57.435521 -117.903484
v -220.186128 49.645090 -105.291942
v -229.114690 56.555788 -115.598221
v -220.853670 55.978991 -138.427920
v -199.624278 64.597889 -133.493901
v -210.424971 62.369711 -115.691435
v -195.944758 63.428520 -123.899868
v -212.476412 65.457696 -121.011386
v -200.130617 68.049594 -126.940964
v -197.426036 65.036867 -125.173458
v -202.804399 68.968691 -130.683234
v -214.042049 66.340480 -130.472648
v -212.338936 64.840500 -135.743994
v -217.512258 60.452467 -138.202262
v -218.817781 63.503766 -118.110711
v -219.664287 63.038768 -129.810892
v -224.532077 60.449204 -117.107517
v -218.318121 58.424373 -110.907706
v -214.947763 58.178487 -110.140345
v -205.592255 62.885660 -115.642122
v -205.254019 67.363287 -122.202695
v -194.070731 51.911546 -125.701318
v -200.392710 56.106513 -136.347869
v -196.624620 63.967804 -128.677675
v -201.347000 59.597375 -136.943546
v -212.776282 58.413349 -140.454560
v -221.556783 46.724162 -140.851551
v -217.991905 54.076389 -141.109127
v -233.292932 51.983875 -122.181028
v -222.906461 45.331964 -106.600714
v -218.555284 42.380417 -105.879059
v -200.819196 50.226418 -111.319920
v -195.058545 49.268118 -117.224055
v -207.015637 51.993985 -140.940315
v -232.393444 42.604452 -131.614048
v -227.658261 43.919873 -110.144703
v -223.754670 36.724323 -115.908331
v -208.823910 44.397723 -106.908915
v -207.075683 42.373444 -108.471654
v -203.850033 39.307698 -112.109134
v -206.457024 38.148858 -110.554190
v -193.602196 57.416302 -124.614518
v -194.287971 49.689106 -121.817037
v -195.369536 45.601802 -124.076665
v -206.018346 35.345133 -136.576097
v -222.422010 32.860014 -134.792404
v -219.764992 31.219825 -133.635185
v -215.080204 32.239405 -119.090152
v -197.906793 41.447866 -127.990386
v -201.287683 36.850790 -129.107952
v -203.047753 34.871906 -124.928250
v -209.354183 32.989880 -119.720964
v -207.915169 34.159044 -117.602975
v -207.489620 32.025291 -123.495044
v -204.810021 33.679551 -122.511013
v -220.097390 30.356151 -52.194877
v -224.246854 28.453793 -52.517974
v -217.211089 32.458991 -55.969930
v -219.654269 31.032917 -55.885461
v -219.031512 32.854004 -63.470042
v -234.623876 32.975676 -50.854810
v -230.483077 30.798002 -50.906489
v -236.918941 31.889512 -55.702277
v -237.904392 34.694842 -53.627085
v -233.146010 28.698571 -57.360928
v -235.905003 31.047399 -61.568589
v -233.148081 29.734508 -63.642867
v -234.563291 30.272362 -65.496999
v -227.934664 31.295931 -73.077313
v -231.831268 30.636168 -70.962090
v -213.429483 40.049080 -67.869439
v -214.513104 37.172036 -63.923084
v -213.068013 43.714615 -68.281898
v -218.956095 34.671210 -50.249340
v -219.610787 44.993914 -47.987834
v -218.907220 37.602369 -49.051475
v -238.747651 45.647662 -45.788597
v -239.158671 37.486298 -51.965998
v -240.886086 38.342868 -68.428319
v -239.371006 34.944966 -67.479855
v -239.304734 37.839638 -71.729301
v -222.987122 37.561155 -79.117653
v -222.289836 39.011703 -81.138952
v -214.042983 42.150776 -54.336419
v -213.738454 46.395018 -56.903257
v -222.283048 46.229009 -45.724691
v -232.759927 51.393545 -43.756188
v -229.318567 47.221612 -43.918253
v -240.150144 50.519805 -58.954266
v -241.657551 47.586052 -56.034505
v -242.208164 41.793616 -63.259439
v -232.931582 42.985735 -79.427351
v -229.434511 37.004294 -81.548161
v -234.151019 40.135381 -79.048313
v -229.230672 42.404277 -82.114835
v -216.134348 40.805248 -74.554884
v -216.185460 42.937263 -76.508703
v -214.372164 44.025758 -71.960494
v -215.613233 47.304679 -73.849435
v -214.367714 48.517612 -61.464302
v -217.748053 50.610313 -56.695192
v -219.599205 53.376054 -60.357163
v -226.548417 57.097029 -55.063132
v -226.871007 56.692209 -50.451495
v -228.651452 55.238150 -46.415648
v -228.791505 58.024153 -52.467388
v -235.222485 55.763642 -58.364836
v -238.731844 53.481139 -58.096813
v -236.661643 52.315311 -65.352894
v -234.265664 55.156271 -62.240283
v -231.613822 50.252465 -73.880490
v -230.414856 48.265790 -78.009872
v -231.632735 53.910909 -67.611922
v -222.094170 51.612740 -74.412864
v -218.662680 49.761435 -75.475309
v -220.348380 52.561977 -69.841937
v -223.643591 54.975932 -63.423778
v -225.709274 53.847190 -70.433981
v -228.922989 56.178842 -63.388954
v -232.834920 57.659797 -55.025064
v -213.665002 48.238505 -65.492780
v -215.157465 49.388427 -64.293758
v -225.027189 56.117853 -59.699955
v -219.230668 47.587164 -78.958606
v -222.707261 53.151001 -48.531132
v -226.043701 52.045305 -45.410856
v -237.579700 40.941049 -75.666910
v -231.623721 38.165655 -45.964317
v -232.585043 44.757091 -43.818559
v -240.400057 51.663546 -52.430854
v -240.690348 49.108277 -49.833892
v -215.233941 35.669113 -52.544709
v -212.517826 44.908626 -62.236641
v -212.082518 44.129686 -60.428623
v -228.853588 32.456350 -76.113216
v -221.317121 30.551838 -62.232934
v -217.295768 34.347726 -65.579121
v -224.413074 50.057952 -78.642905
v -238.234446 45.865087 -71.428898
v -220.190508 52.640034 -66.587412
v -212.573485 45.170985 -66.195924
v -227.798644 45.798367 -81.704902
v -224.582684 46.405989 -81.244523
v -239.615595 48.526721 -66.940967
v -233.850045 55.384998 -46.147904
v -217.364332 48.097301 -51.172903
v -221.288739 50.014473 -48.543093
v -218.466518 39.298403 -77.084950
v -241.246162 41.992512 -68.368200
v -232.525061 37.036033 -80.129795
v -232.201942 32.832999 -76.367488
v -241.993479 42.450617 -57.452590
v -241.833893 40.235778 -59.646738
v -239.480067 34.373859 -57.023738
v -221.308918 32.341208 -67.919965
v -218.359995 35.225103 -70.324295
v -222.924869 35.050040 -47.885613
v -216.346256 33.187096 -54.196597
v -218.679904 31.705508 -51.715771
v -230.751901 28.355699 -53.951077
v -177.845980 37.813088 -87.455073
v -176.901058 36.889852 -90.120648
v -180.961862 36.683501 -87.251503
v -181.621540 39.324069 -84.188686
v -172.373028 40.497151 -93.084935
v -171.660058 40.730235 -100.210552
v -189.371838 38.248749 -87.385217
v -188.421714 36.819351 -89.236608
v -185.295111 35.300408 -90.948252
v -192.223297 36.581610 -99.908569
v -187.581317 35.328774 -96.885183
v -181.174047 36.822276 -108.323811
v -168.512132 47.228001 -96.275995
v -167.217959 50.347508 -87.568306
v -166.674879 50.579476 -91.136400
v -173.232271 47.002736 -78.443036
v -176.834418 43.510621 -79.891192
v -181.260641 45.544492 -79.371020
v -179.791308 42.182980 -81.467191
v -174.993307 52.306332 -73.820365
v -198.091530 46.178348 -87.607517
v -196.631782 43.222760 -89.033314
v -198.923826 44.523855 -106.727146
v -197.428515 47.011285 -112.502585
v -195.376286 42.127177 -110.194483
v -201.276012 49.989367 -108.530354
v -185.259562 47.183859 -115.496357
v -185.392358 54.499065 -115.579573
v -169.641022 56.794533 -76.519378
v -182.217033 51.820047 -76.270177
v -191.296472 49.810768 -81.295265
v -193.472191 53.910380 -81.955560
v -202.612410 53.132239 -94.319080
v -203.158932 51.449153 -99.811164
v -203.337623 56.238483 -100.932519
v -195.932905 56.906473 -114.961495
v -199.050288 55.002005 -113.813172
v -193.093831 53.360064 -116.398716
v -175.595930 53.107301 -109.843799
v -171.648878 58.229552 -100.956950
v -173.258055 64.079515 -83.422883
v -170.525657 61.389203 -79.673984
v -175.842356 62.337420 -77.394908
v -185.470987 63.255587 -82.048340
v -182.999572 58.430946 -76.638243
v -186.990876 56.284110 -78.580975
v -193.583753 59.389726 -85.795063
v -192.869696 62.135071 -86.731298
v -188.015356 64.741576 -87.305138
v -197.079488 63.066490 -95.823650
v -198.749030 62.900237 -105.428734
v -190.733500 66.409435 -103.938771
v -193.319528 64.524730 -108.570043
v -180.919452 67.004083 -97.279910
v -183.133407 66.109030 -102.762087
v -186.940415 66.711903 -103.916773
v -188.980712 67.029996 -100.850138
v -194.510965 64.506444 -95.164733
v -170.394681 62.057110 -88.129535
v -176.337189 65.031604 -93.729901
v -175.586337 61.422245 -104.880392
v -202.505546 57.121887 -94.890423
v -182.612440 58.210451 -113.246154
v -178.241951 52.331552 -113.192279
v -199.911270 43.869082 -99.921958
v -194.684790 45.325403 -85.259349
v -201.230940 55.201304 -90.795686
v -200.331722 49.223511 -89.540845
v -169.656243 47.273351 -81.687603
v -170.578360 48.444400 -78.879135
v -182.320222 55.140567 -75.409267
v -166.788722 55.395672 -86.346063
v -166.827438 51.944241 -84.054559
v -187.798117 42.952979 -114.823935
v -185.349137 43.181725 -113.992740
v -182.419725 39.195207 -111.245803
v -185.050450 38.093585 -109.171064
v -192.575491 41.930510 -86.657736
v -197.226446 40.149451 -99.068787
v -191.464440 36.646643 -94.584002
v -174.155800 37.162539 -98.118595
v -169.902247 42.669969 -100.566953
v -189.587059 41.173336 -85.692391
v -183.973509 37.309112 -86.077671
v -198.990313 60.511385 -92.515672
v -196.533626 59.109244 -86.637154
v -180.592392 66.371469 -91.814530
v -183.563223 66.449171 -88.601099
v -171.213894 60.899990 -95.378013
v -192.728486 58.414743 -114.524741
v -191.787505 60.964776 -113.901024
v -187.049205 58.548083 -114.302459
v -194.930395 56.583658 -84.258522
v -198.675465 54.533512 -86.137524
v -173.645145 44.755617 -108.847690
v -202.794528 53.780082 -106.167520
v -201.575038 55.899930 -110.004340
v -191.961646 43.615482 -113.732743
v -196.048303 52.103727 -84.275213
v -202.331065 47.512873 -95.987942
v -176.041080 55.409875 -73.562153
v -188.039260 45.209697 -81.434327
v -168.042580 56.518915 -95.690145
v -176.234751 42.315563 -110.406021
v -195.143509 39.730782 -91.410042
v -198.691546 42.201327 -96.178855
v -180.761508 34.267414 -97.620210
v -174.800326 38.146691 -103.872722
v -171.588330 42.642106 -104.678851
v -169.760574 43.770992 -92.229435
v -169.890115 44.432250 -87.213873
v -173.143994 39.873429 -88.267821
v -172.671080 42.428999 -84.543590
v -179.222223 34.487365 -94.086430
v -189.167709 68.775587 -70.328444
v -187.833054 68.332550 -75.031784
v -180.277657 69.201854 -67.557469
v -173.029530 70.996332 -73.491771
v -173.985214 71.452697 -70.485767
v -187.672294 70.049475 -83.893200
v -192.291285 74.214138 -88.821376
v -186.988373 86.204499 -57.212443
v -188.096573 90.171497 -58.109682
v -202.759848 81.432400 -72.293276
v -201.573824 78.443439 -74.522650
v -194.611039 80.869838 -91.197989
v -192.846941 77.191066 -92.036288
v -175.327439 80.018607 -86.972625
v -174.777908 76.490099 -85.043459
v -182.399162 88.738390 -62.061172
v -194.734610 93.389890 -62.317717
v -199.371419 89.945973 -60.511468
v -200.823848 89.040219 -62.860708
v -172.794485 88.952422 -78.602904
v -189.888718 92.366127 -60.525693
v -185.190342 89.739283 -60.447566
v -187.441836 96.998998 -73.668177
v -184.661130 90.657283 -87.587246
v -181.815865 66.878530 -71.135870
v -179.035818 73.253077 -65.323212
v -183.913406 73.027873 -61.518402
v -182.603640 67.063362 -75.273830
v -181.659837 67.592041 -77.776191
v -196.205443 73.224723 -73.543364
v -190.555998 71.714382 -85.871456
v -196.110187 74.356953 -80.922465
v -169.702769 80.942593 -74.618466
v -202.723630 88.567982 -66.084496
v -195.251227 81.100891 -55.758681
v -197.385422 87.712174 -87.334201
v -196.976845 85.104104 -89.319765
v -181.907942 88.697066 -89.379052
v -180.863083 84.137521 -91.608236
v -188.015679 78.449851 -94.254489
v -172.311247 87.886002 -73.684816
v -174.071632 89.303580 -72.701128
v -201.711461 91.453145 -66.660977
v -201.563178 91.759925 -69.638598
v -203.282611 91.094646 -72.072125
v -181.228433 90.802733 -86.650354
v -180.463883 94.261859 -79.220518
v -186.110212 95.573035 -81.633642
v -175.906129 91.477433 -78.721058
v -178.369629 92.012372 -82.380038
v -177.399977 88.097010 -86.801067
v -195.804997 92.718960 -83.521107
v -195.032220 89.436745 -87.812744
v -197.137082 95.144666 -75.949620
v -201.353543 92.416842 -73.005727
v -189.178573 94.799060 -64.586838
v -194.760758 90.979416 -57.675350
v -182.201386 94.745459 -70.350645
v -177.946382 89.561160 -67.277211
v -173.789951 87.931256 -82.424822
v -172.259706 83.098739 -83.526121
v -176.239545 83.515737 -87.220894
v -190.693434 83.804665 -93.310766
v -191.935754 79.814559 -93.255479
v -203.403740 85.477820 -77.058934
v -202.935715 88.395785 -78.617743
v -203.838949 86.758592 -73.221476
v -197.935677 84.347159 -56.433393
v -178.956421 79.864977 -61.839827
v -178.638359 83.279512 -63.508586
v -177.697743 86.439902 -63.983981
v -174.388499 78.759319 -66.824694
v -173.550893 86.146206 -69.100828
v -183.506035 77.839712 -92.465856
v -186.986785 82.882811 -94.180258
v -180.026859 77.994621 -90.728001
v -181.781631 73.784962 -88.884742
v -195.776365 78.612232 -89.693713
v -199.122580 81.807990 -85.936848
v -202.352129 85.183348 -80.369976
v -199.429866 79.844818 -84.295557
v -203.119068 84.184816 -66.103664
v -202.312074 85.440890 -62.950649
v -203.836275 83.495562 -70.756424
v -199.489619 78.477117 -63.289857
v -199.873126 81.410024 -61.151437
v -186.577197 82.442546 -56.693642
v -191.930308 81.756125 -55.244290
v -183.775979 77.685633 -59.102267
v -188.006573 80.515649 -57.106912
v -169.611126 77.426126 -75.500942
v -169.963236 74.789861 -75.462932
v -170.707108 81.027633 -80.860387
v -179.771328 70.883570 -83.987614
v -182.910004 71.990119 -87.102095
v -193.084086 71.276791 -78.255467
v -191.684148 70.002408 -74.025246
v -191.725568 69.078917 -72.063156
v -178.504832 67.665078 -73.687437
v -178.689542 69.211153 -80.620322
v -189.888185 76.814098 -58.057033
v -187.237577 69.150248 -67.633483
v -184.195098 70.785362 -64.872091
v -226.727042 62.828213 -53.305150
v -216.349783 65.798088 -52.149451
v -219.290597 68.073790 -63.641274
v -241.354810 69.322636 -53.868021
v -241.857265 70.038554 -60.288581
v -225.544267 63.176175 -57.384473
v -235.745370 74.281068 -66.302055
v -217.832151 72.335892 -65.815151
v -213.289687 73.370607 -48.935529
v -213.337131 83.333921 -59.695078
v -214.806624 86.454448 -56.234040
v -226.323291 68.874725 -42.107526
v -217.124337 81.979685 -40.557361
v -219.747746 81.772926 -37.589861
v -245.100600 75.462002 -59.343064
v -233.819750 77.845896 -68.655517
v -231.398393 75.152252 -68.266738
v -217.369273 76.217485 -66.824484
v -214.932544 73.747385 -64.077104
v -224.834409 85.782223 -68.553453
v -237.351904 86.313133 -44.448180
v -240.845893 86.914415 -63.853030
v -222.659266 88.534175 -40.173314
v -218.359201 85.787455 -40.800871
v -223.183757 94.348636 -56.546174
v -225.784483 94.721530 -55.652008
v -239.903771 87.277667 -48.212993
v -231.260555 70.067776 -43.189384
v -227.643494 65.607849 -46.452182
v -223.673536 63.243630 -54.681381
v -215.617707 70.162991 -47.431517
v -217.492485 67.462874 -47.497532
v -219.971105 66.511984 -46.835624
v -232.851326 71.272777 -66.031666
v -237.564443 72.189048 -65.296044
v -225.346792 72.680333 -67.483434
v -211.765382 77.171158 -51.221962
v -221.113507 78.271866 -36.995727
v -241.926746 82.283311 -47.799990
v -244.558273 79.608189 -52.043014
v -232.367216 74.300100 -40.019608
v -242.692361 72.829019 -62.261023
v -242.938658 74.921648 -63.433254
v -227.823929 76.366073 -69.168065
v -214.231549 84.740524 -49.717279
v -232.672132 90.290131 -67.150892
v -222.239889 89.605576 -66.019128
v -227.661246 94.738033 -51.301282
v -225.088775 93.801557 -50.960901
v -221.192089 90.697290 -46.238359
v -232.620815 94.830019 -54.924963
v -223.878007 94.113706 -59.623117
v -226.316773 95.020457 -59.893381
v -217.528674 88.433987 -61.912400
v -237.805238 91.531430 -62.557799
v -242.015312 87.192658 -54.620929
v -227.742816 92.848790 -45.774009
v -234.432641 89.646147 -45.208823
v -231.092942 87.455523 -40.351208
v -225.941248 87.540343 -38.544525
v -219.537246 89.544671 -48.030168
v -231.459566 87.142446 -68.579767
v -244.952066 75.317976 -61.660137
v -233.102608 83.947685 -39.600927
v -230.283598 79.756343 -37.697411
v -228.935429 83.565150 -38.099839
v -213.432244 79.718065 -47.342894
v -215.260579 83.410400 -46.001384
v -224.185971 80.395674 -69.583230
v -224.058830 77.348786 -68.914839
v -223.108128 75.595282 -69.228900
v -237.636215 76.849962 -43.079177
v -234.984192 71.183967 -44.219191
v -239.668694 72.456811 -48.227513
v -237.809288 69.253925 -48.731832
v -217.445514 76.552657 -40.189600
v -222.371092 73.288834 -39.337444
v -211.549589 75.774935 -54.597297
v -211.199880 78.424597 -58.520104
v -212.058283 76.270050 -60.913402
v -211.456636 74.745803 -57.980060
v -222.351985 68.095229 -64.563689
v -221.146864 71.193510 -66.445566
v -221.115462 65.189948 -61.464231
v -225.242016 67.111807 -63.864262
v -233.272367 69.427912 -64.095980
v -237.017127 69.934222 -62.959405
v -237.325934 66.829471 -51.815361
v -231.744499 64.140553 -55.123664
v -229.015535 64.219242 -49.590443
v -215.645740 69.147659 -62.039328
v -216.109722 66.208137 -55.863576
v -216.426410 67.035925 -59.441990
v -219.693596 64.657797 -57.260393
v -221.048529 63.846862 -53.499335
v -224.667991 65.918527 -45.244774
v -225.169470 63.764148 -50.242828
v -228.471621 71.446376 -92.845283
v -228.283331 69.143934 -106.719407
v -245.476990 65.947388 -96.497369
v -240.151237 64.534212 -95.222253
v -254.864521 74.181656 -89.870785
v -238.082862 69.323481 -113.984585
v -228.550300 70.189708 -111.123964
v -226.446789 74.799808 -91.270539
v -228.084031 75.413534 -88.323911
v -221.862515 83.352138 -104.542075
v -221.518969 84.342125 -99.695040
v -238.201850 80.472756 -79.423366
v -241.279541 77.280882 -79.782157
v -229.967613 82.692662 -82.982242
v -230.874875 85.535450 -83.644129
v -250.668651 88.351506 -81.251869
v -228.139983 82.566367 -117.094461
v -229.278940 89.556095 -85.988267
v -252.815498 89.948821 -97.949465
v -254.062436 87.373088 -101.766947
v -250.611006 89.133995 -104.072480
v -251.253563 85.530157 -108.693563
v -223.462000 89.115084 -107.552039
v -221.407780 86.956372 -103.475816
v -232.743080 89.733624 -83.720773
v -228.043540 94.687265 -96.888467
v -245.762208 93.618103 -88.486656
v -248.296474 92.959153 -85.968833
v -250.712047 91.156945 -86.256721
v -242.165632 90.526120 -111.246439
v -228.801484 88.826629 -113.839588
v -227.120176 71.016552 -104.731864
v -228.505759 69.184512 -101.880164
v -234.970388 63.819079 -100.224651
v -230.426873 66.333176 -102.736748
v -253.432400 71.458957 -94.940537
v -246.049811 74.793730 -81.626147
v -233.972289 67.347415 -112.777948
v -222.703766 85.920164 -94.171707
v -236.060946 87.146391 -80.945714
v -229.682084 79.416259 -84.536436
v -247.649496 79.932424 -79.610266
v -246.757284 88.888151 -110.652238
v -235.995572 74.589507 -117.240362
v -222.743703 90.938701 -95.539381
v -254.600787 89.114048 -88.312967
v -245.161082 87.446354 -113.075491
v -235.423674 95.536485 -96.594685
v -232.375289 94.305118 -103.960591
v -231.521918 95.546775 -100.067171
v -238.148346 93.523094 -106.103645
v -232.972023 91.538810 -111.784757
v -244.628674 94.428649 -96.169891
v -238.535836 90.582410 -82.002915
v -229.310696 93.970121 -92.330861
v -226.274336 93.371749 -93.807123
v -226.200188 79.951510 -114.407681
v -243.464862 79.075025 -115.478060
v -243.502824 82.763011 -115.882539
v -257.066272 84.662354 -95.059624
v -258.285156 82.703051 -90.217469
v -256.503770 86.040443 -86.045605
v -245.951578 88.016182 -79.949019
v -245.798051 83.283526 -79.065990
v -242.751067 81.047580 -79.005581
v -242.589997 86.170044 -79.307230
v -226.239564 84.454247 -87.741054
v -228.043961 86.570843 -85.744453
v -223.832419 87.870960 -92.814350
v -224.577787 84.122807 -91.473011
v -229.309746 76.422728 -116.614121
v -227.034345 76.263653 -114.195306
v -231.123972 72.407574 -115.721473
v -252.822204 81.521301 -106.994235
v -249.557091 76.412408 -109.577680
v -246.368612 72.672481 -110.813584
v -253.261673 78.514785 -103.892684
v -251.080505 71.773947 -101.699301
v -255.505467 82.735868 -82.709527
v -256.574222 79.158717 -85.679031
v -250.616764 73.362565 -84.353517
v -224.509399 78.772046 -92.967885
v -224.797583 77.712061 -97.068921
v -230.264746 67.508676 -109.377056
v -236.386805 64.380613 -106.203350
v -235.173832 65.912709 -110.661962
v -239.649041 65.509755 -108.297130
v -248.170376 69.020921 -104.122946
v -247.954661 67.836811 -91.315284
v -245.014140 70.133982 -85.635174
v -225.950242 73.849622 -95.741865
v -228.396386 70.135779 -95.986289
v -230.575805 67.717545 -94.652776
v -240.314463 69.804728 -84.701856
v -237.133834 70.138772 -84.145210
v -232.268782 67.910153 -91.375569
v -234.158505 69.466426 -87.530947
v -199.892543 75.373344 -100.185287
v -203.938903 73.670182 -101.988763
v -188.600914 73.936764 -108.941427
v -191.915790 71.687125 -127.635260
v -189.382328 72.463643 -125.074515
v -206.875631 68.846629 -118.203472
v -201.858381 67.004601 -118.661747
v -217.967825 76.014564 -108.558471
v -215.487071 72.282565 -116.245043
v -192.453463 75.328722 -132.175753
v -189.785803 76.080443 -131.452646
v -185.014135 80.116526 -109.343726
v -186.506646 76.343682 -110.584652
v -185.036800 83.677044 -120.637912
v -220.510753 76.055737 -113.976417
v -207.012373 77.893763 -132.252877
v -205.924158 74.514048 -131.593984
v -189.370928 78.095137 -131.538136
v -190.171279 86.918855 -102.145352
v -214.706867 86.612442 -101.913680
v -216.935495 87.902901 -121.380089
v -214.549763 87.460108 -126.052358
v -195.747045 85.824065 -135.422047
v -188.306646 89.849303 -124.737158
v -186.764836 88.373013 -120.782909
v -197.358937 92.036819 -104.682622
v -193.712940 93.854366 -122.930540
v -195.912299 94.594792 -120.817481
v -209.377664 88.940891 -129.054213
v -194.248200 90.011996 -131.339987
v -195.872829 88.695398 -132.656078
v -190.110496 74.907338 -104.716714
v -187.624936 74.505061 -124.186176
v -188.534240 73.044948 -122.560799
v -211.217152 70.539739 -114.813259
v -210.201343 73.866667 -103.429033
v -212.837566 77.657187 -100.186250
v -198.080264 72.664849 -131.599006
v -185.042607 85.797196 -117.420183
v -195.991086 84.296391 -96.777313
v -187.661791 76.999639 -106.134813
v -218.174687 86.848309 -107.672901
v -219.186776 83.101275 -105.365503
v -214.900685 80.162557 -100.561871
v -191.894128 81.441684 -134.828667
v -203.414554 88.025694 -98.459897
v -217.224894 88.438343 -110.044288
v -211.177708 86.463214 -129.628184
v -188.415574 86.172672 -131.772335
v -190.164436 92.204630 -119.341209
v -201.831053 95.168755 -120.349980
v -200.086463 93.778602 -125.727982
v -193.942344 92.892711 -126.546925
v -191.173500 91.720177 -125.601903
v -190.533642 89.804536 -129.332246
v -206.590082 90.377974 -127.994750
v -207.843723 85.713108 -131.544586
v -211.384439 91.898429 -120.702038
v -214.872985 90.500919 -119.361591
v -212.498786 92.185171 -111.656556
v -198.689084 93.615186 -109.705023
v -209.933566 92.334787 -107.352274
v -206.686383 91.592472 -105.526549
v -207.648831 89.231099 -100.371355
v -201.552396 90.739513 -101.748623
v -193.934216 92.274034 -108.296997
v -190.472133 90.777303 -110.025814
v -188.376150 90.498490 -114.804662
v -186.146277 82.057375 -126.901891
v -186.805720 87.280935 -126.182180
v -200.346572 80.987444 -135.264617
v -200.185786 86.114768 -133.911406
v -207.688724 81.899062 -132.985690
v -212.141950 80.508216 -131.213070
v -222.019913 82.025502 -118.839207
v -219.463784 86.650483 -117.795726
v -220.909044 78.701971 -119.314764
v -221.722206 80.643095 -115.077503
v -220.729533 83.484070 -110.821206
v -208.955922 84.820751 -97.799726
v -210.180726 80.602463 -96.946903
v -200.680632 83.632102 -96.014514
v -188.013010 83.530512 -101.980794
v -188.528081 87.356249 -104.814127
v -192.012009 78.634874 -133.941184
v -196.686821 77.498943 -134.681778
v -219.502272 78.507063 -124.046171
v -215.383839 76.004953 -126.720939
v -218.365662 79.457179 -104.923981
v -215.697579 77.145233 -104.494250
v -193.035955 83.888060 -97.656657
v -197.291782 77.783651 -98.003589
v -192.728018 74.941808 -102.943772
v -185.005919 80.641701 -115.823580
v -186.518901 74.722848 -118.405120
v -191.977116 73.334538 -129.382062
v -195.061279 68.941121 -125.403495
v -199.186408 68.564404 -125.049520
v -210.061047 72.946397 -127.675431
v -214.237447 73.007683 -111.022946
v -203.213060 69.042726 -113.520343
v -211.071493 72.843079 -107.437760
v -206.947972 72.537822 -105.454033
v -191.357744 70.074722 -123.442235
v -192.283309 69.190628 -116.172017
v -199.428827 70.153616 -108.458134
v -201.140875 73.214563 -103.191882
v -197.455335 72.373553 -104.895462
v -198.289670 68.629970 -112.493585
v -222.254718 74.963018 -78.215439
v -217.657237 78.384575 -74.969663
v -215.950102 79.458322 -76.681222
v -224.515207 75.730458 -79.406240
v -227.675486 79.016915 -76.532714
v -222.987113 75.118658 -80.626523
v -219.092194 80.710991 -83.427484
v -222.333797 80.294427 -71.744356
v -219.807744 85.000534 -72.086662
v -218.250167 82.376454 -82.092522
v -226.422640 86.668038 -74.601257
v -223.297741 86.616067 -84.750275
v -217.649441 86.315091 -79.947546
v -222.248477 88.787711 -74.519915
v -220.275640 90.843791 -78.937692
v -229.025786 84.490080 -75.206843
v -222.233344 77.981583 -73.082233
v -221.541927 74.960094 -79.809064
v -217.450045 79.026313 -80.394003
v -224.637410 78.514968 -83.158369
v -218.287727 79.911336 -82.423694
v -220.534884 83.783614 -71.083854
v -216.951848 80.452063 -73.738525
v -229.399487 83.241074 -76.360447
v -226.483037 80.767243 -72.803338
v -228.460236 83.306259 -82.981024
v -229.524826 81.073718 -78.385341
v -229.699139 81.901423 -80.356250
v -219.417601 84.592043 -83.434291
v -222.868931 81.135102 -84.539597
v -220.746808 86.808127 -72.729924
v -222.781909 87.895415 -73.103667
v -226.532115 86.752119 -83.104832
v -224.805899 87.734809 -84.022962
v -218.404538 87.115157 -82.639916
v -222.380619 91.092940 -79.747938
v -222.946474 90.195640 -77.399903
v -219.038785 89.669010 -79.079918
v -226.246529 88.417620 -80.699642
v -221.873150 88.169994 -83.832173
v -225.731926 87.948696 -75.566941
v -224.366892 82.492255 -84.946100
v -230.172789 84.091201 -79.434411
v -230.152058 82.491083 -78.018274
v -226.687366 84.939530 -73.423900
v -223.638768 84.778878 -72.257565
v -218.233595 86.182740 -75.434536
v -222.230527 79.843599 -84.039752
v -228.182390 81.821409 -82.037634
v -225.705627 81.832772 -84.249419
v -229.064643 81.599967 -75.426278
v -227.676307 79.846668 -74.476157
v -218.779142 81.948741 -71.786081
v -220.244248 80.585838 -71.709418
v -216.013486 82.210342 -77.926317
v -216.223396 81.195962 -76.471001
v -216.384807 80.556661 -78.909247
v -219.979837 78.540824 -82.517535
v -225.252486 76.948688 -81.266909
v -226.311652 78.513567 -82.330605
v -227.460408 78.400302 -79.972262
v -226.284436 76.483275 -78.874168
v -225.443656 76.283668 -76.060751
v -224.016221 76.788942 -75.228801
v -218.457584 77.723820 -81.559693
v -217.120781 78.251135 -76.892689
v -218.566400 76.346020 -77.375105
v -221.012251 76.942869 -74.781940
v -214.919637 101.939905 -86.274604
v -207.334386 106.662028 -82.981101
v -218.783438 102.939716 -91.145507
v -217.501048 102.364496 -87.016393
v -226.469757 107.777107 -83.905121
v -216.111693 101.917294 -89.198560
v -220.296423 107.742637 -99.384551
v -208.804097 107.111272 -96.798230
v -205.424148 107.584956 -94.772468
v -206.484141 109.119348 -83.825072
v -202.695865 113.292991 -92.200278
v -211.642856 118.547197 -75.938519
v -225.299662 118.906908 -95.730247
v -209.226495 121.450707 -79.724513
v -211.845329 121.506030 -77.293385
v -224.548887 118.606213 -76.970186
v -225.990497 120.208380 -79.580806
v -226.307145 122.197530 -91.931997
v -213.398718 123.212726 -77.622137
v -224.664368 122.780168 -93.959480
v -210.218610 123.961445 -96.553748
v -213.421761 121.337770 -99.125607
v -212.313453 102.217912 -86.007126
v -207.472091 109.902020 -80.591953
v -209.345926 107.301154 -80.657584
v -204.129195 118.889878 -87.761057
v -214.465349 116.358721 -74.011327
v -228.973939 115.388925 -80.397863
v -229.380318 113.276982 -82.057876
v -208.957934 118.117701 -99.222901
v -210.122117 114.648476 -101.364979
v -204.758059 120.620184 -88.539487
v -206.297343 121.058492 -84.907805
v -228.605457 121.219288 -85.122361
v -218.089521 130.296596 -86.664191
v -205.369161 123.014375 -89.920112
v -215.102229 129.852911 -90.395134
v -205.742036 119.449295 -95.717299
v -217.558463 127.453732 -94.569545
v -215.150302 125.516127 -96.022013
v -222.463655 128.089514 -86.863226
v -226.107849 124.487977 -88.578506
v -217.187190 125.798268 -79.713280
v -213.795882 126.356825 -80.937054
v -213.569355 128.599046 -84.849852
v -209.637084 127.946874 -88.809580
v -205.705230 112.609814 -97.884022
v -221.735468 116.513760 -100.401806
v -223.175266 115.701843 -75.918475
v -221.303101 117.845042 -75.000882
v -221.838335 111.034456 -75.600338
v -217.425891 112.541598 -73.623313
v -208.471817 118.849087 -79.164580
v -207.876434 114.418314 -78.830913
v -204.765286 114.540878 -83.927623
v -213.655737 116.407974 -101.996017
v -209.122083 110.518267 -99.714426
v -214.639682 111.706764 -101.576400
v -224.507334 114.106287 -98.468496
v -224.973729 107.502414 -96.543001
v -226.860501 112.189945 -95.284409
v -226.207082 109.658933 -94.166307
v -226.287914 114.825784 -77.471710
v -226.359714 111.726718 -78.983147
v -214.312585 112.209572 -74.799806
v -212.182260 109.853164 -76.165088
v -203.138487 114.140581 -89.345526
v -203.550039 110.587337 -91.879033
v -204.885044 106.460197 -89.719392
v -210.368318 106.050366 -97.604977
v -211.892578 103.638666 -95.409343
v -214.455120 103.140763 -94.928548
v -220.270359 105.248167 -96.514031
v -219.096148 103.620555 -93.889619
v -220.780925 103.983335 -87.161989
v -218.466416 104.196262 -82.586059
v -207.412364 104.368178 -86.754028
v -209.729702 102.844174 -86.855476
v -214.908806 104.511899 -80.160185
v -214.290138 102.796178 -84.086602
v -211.381321 104.208113 -82.687893
v -211.805210 104.905920 -80.995412
v -195.519687 98.129202 -76.691367
v -195.355936 95.881787 -87.809820
v -201.870099 94.162448 -86.779773
v -204.324418 97.302198 -91.505596
v -195.241399 98.356593 -92.312116
v -194.674528 96.765073 -90.721576
v -195.745360 104.454635 -71.643941
v -196.524635 106.496784 -71.745059
v -198.777993 106.764288 -71.030213
v -207.004192 99.235157 -84.205811
v -192.733179 99.881541 -91.761623
v -206.016564 108.236229 -85.704681
v -192.353049 107.550768 -88.150224
v -191.326117 107.258101 -82.033493
v -205.258881 110.031393 -78.780162
v -202.506023 100.009893 -75.928777
v -202.125425 98.138357 -77.959951
v -199.498424 95.616842 -81.396758
v -194.542777 99.935165 -74.398489
v -197.611615 98.377887 -75.254342
v -191.796069 98.085662 -85.967949
v -197.932756 94.684006 -84.696769
v -191.210215 105.385635 -80.773963
v -195.699765 100.994670 -73.040073
v -203.256956 101.993156 -74.832115
v -206.836590 105.745612 -88.991985
v -207.483739 101.703620 -83.901321
v -197.814824 102.395204 -95.815020
v -203.344406 99.216673 -93.760238
v -192.458814 108.993624 -81.148272
v -192.656896 107.785249 -77.654539
v -200.388044 109.572697 -72.005548
v -202.078219 107.310552 -71.969003
v -204.597986 105.214763 -93.063955
v -193.950360 103.543870 -94.526741
v -199.685811 114.451161 -80.598502
v -198.970794 114.101100 -77.211204
v -202.168932 113.669312 -83.866125
v -198.103628 112.931163 -87.438853
v -197.177784 110.560658 -91.650119
v -205.213930 110.818276 -82.770560
v -205.328859 110.372962 -85.322127
v -201.971491 112.012935 -74.440314
v -198.206101 111.060685 -73.095847
v -196.401012 112.055280 -76.836046
v -194.558099 110.509121 -77.141599
v -190.979504 103.356852 -90.328128
v -192.324546 105.937627 -91.084044
v -203.722525 100.492990 -93.912194
v -205.286457 101.211041 -92.714867
v -207.613074 102.070855 -86.713929
v -206.520703 105.233468 -81.443347
v -202.565006 109.010128 -73.235838
v -202.391453 104.460933 -73.431268
v -195.465844 107.174089 -73.351788
v -197.886280 98.162446 -93.925825
v -198.825347 100.113037 -94.792731
v -206.371926 100.652507 -91.147244
v -207.060600 103.425677 -89.334337
v -205.197866 106.088339 -76.062328
v -203.981228 101.244627 -76.522543
v -205.426057 101.797151 -78.379765
v -190.510314 101.611687 -81.442205
v -191.070894 100.118025 -82.012307
v -190.853578 100.655439 -85.410175
v -199.378645 94.536080 -87.594941
v -199.752564 95.355408 -89.814789
v -199.139993 95.940635 -91.285554
v -203.943047 95.406831 -85.749904
v -205.059368 97.127883 -81.626193
v -193.653013 96.349225 -87.035126
v -193.160958 97.181424 -82.052000
v -194.546943 96.223379 -83.145910
v -195.376706 95.449572 -84.622635
v -209.898739 95.167354 -68.689481
v -230.135398 96.813747 -68.433081
v -222.867463 93.823148 -70.404760
v -216.595674 101.502344 -77.677528
v -210.902800 101.361235 -76.455470
v -204.409207 101.140303 -69.389578
v -205.599588 97.867784 -69.504170
v -224.648068 106.237811 -62.582370
v -225.510454 107.696759 -63.755350
v -224.564577 100.344547 -77.558642
v -213.603689 100.277808 -76.254825
v -211.326777 107.263912 -62.228042
v -228.682010 108.415944 -70.388319
v -223.527101 108.055593 -78.605999
v -222.912283 95.538489 -62.571062
v -216.359626 94.293161 -69.743300
v -211.153285 95.266468 -63.088336
v -209.663298 99.720509 -75.375381
v -225.964686 98.340043 -75.563241
v -220.730433 99.123896 -76.302560
v -204.698603 103.840710 -73.791734
v -206.048419 99.455952 -64.729765
v -227.894509 106.972319 -66.028970
v -228.611069 102.159756 -65.545523
v -231.036398 98.210457 -71.379772
v -213.614994 104.155197 -78.508281
v -207.478606 108.092059 -72.391233
v -206.272768 106.762476 -70.047338
v -226.701264 108.546017 -76.742387
v -220.325087 108.821282 -78.006720
v -220.780364 113.957828 -67.511703
v -210.302338 109.572332 -71.983013
v -223.297545 113.123612 -71.576226
v -219.199784 112.741518 -71.891360
v -216.760858 111.255556 -75.360479
v -214.660405 109.757309 -76.854515
v -217.376799 110.065246 -77.116749
v -222.909203 112.049118 -73.577760
v -226.185509 111.868924 -69.035183
v -224.179332 112.000246 -66.030632
v -221.833806 112.234240 -64.220347
v -219.261703 112.196297 -62.688168
v -213.921201 112.143564 -66.840678
v -209.003410 109.116256 -68.876065
v -209.380409 104.002451 -77.428377
v -208.226225 102.071373 -76.032591
v -211.060985 103.149263 -77.748153
v -225.303757 104.184564 -78.743461
v -222.217759 106.400823 -79.170503
v -228.530256 104.360440 -78.196643
v -230.463558 105.356154 -73.608265
v -231.058238 100.240125 -71.981952
v -230.179371 100.682796 -68.156979
v -223.342633 107.950622 -62.553902
v -222.511434 109.144154 -61.538015
v -223.115956 101.421523 -61.246186
v -218.847631 108.556466 -60.701706
v -204.463043 104.323723 -69.767841
v -218.265506 104.730341 -79.190187
v -218.594494 102.837510 -78.664704
v -226.760664 102.928909 -63.408373
v -227.218687 99.327547 -63.756321
v -209.246966 99.825655 -61.532036
v -211.842123 97.491463 -61.493256
v -209.334845 97.274864 -62.887272
v -205.017289 100.017365 -71.352611
v -207.537186 100.424378 -74.653811
v -217.867075 99.560017 -76.186167
v -220.288103 95.865359 -72.725407
v -222.751888 96.948329 -73.974756
v -225.429133 95.871749 -73.082458
v -227.815846 95.097279 -70.972073
v -227.720393 96.689538 -73.599688
v -225.990508 94.218433 -68.426729
v -229.066133 95.350831 -68.677068
v -228.227403 95.304099 -66.593703
v -212.051968 98.404909 -74.082017
v -209.532693 96.135048 -70.506228
v -213.868089 96.102170 -71.518124
v -217.570676 94.892280 -63.795509
v -219.047112 93.786272 -65.932862
v -227.649395 95.907993 -88.726513
v -231.645332 97.910129 -80.194878
v -226.694899 97.441403 -86.585447
v -226.607956 96.804471 -92.192833
v -236.271973 94.382527 -91.531373
v -234.392904 93.723798 -90.491553
v -238.162372 97.783208 -82.658159
v -238.353467 97.666006 -96.941528
v -226.895309 97.775288 -95.420871
v -224.994418 99.123004 -87.983158
v -231.233743 101.235884 -79.097059
v -228.119811 104.882066 -81.675490
v -240.870176 99.414780 -84.273773
v -240.337396 97.644818 -84.778286
v -240.856407 97.147616 -87.914807
v -236.752713 104.718368 -79.663440
v -234.433825 99.393928 -99.728828
v -227.796220 105.242493 -101.438396
v -236.652509 108.555499 -81.717653
v -224.978410 106.379993 -93.332512
v -223.884057 104.203932 -90.834673
v -228.339302 108.332671 -84.028828
v -233.975398 96.511347 -82.225531
v -231.498553 96.687474 -82.913932
v -225.487275 98.265452 -93.736332
v -230.947632 94.197184 -91.131279
v -228.934849 95.602402 -91.492519
v -233.934127 97.716241 -98.445790
v -241.562187 98.351574 -91.073407
v -240.187771 96.199320 -92.001492
v -235.267038 98.780140 -79.384181
v -235.570320 101.684816 -100.530080
v -242.213956 100.513112 -92.696436
v -226.154505 105.069572 -99.677769
v -229.660063 107.087351 -81.378502
v -231.893085 106.972966 -80.364976
v -238.614558 107.850510 -84.506643
v -225.679102 107.191057 -90.115761
v -235.060146 112.891713 -91.491835
v -236.815457 112.369050 -89.256488
v -233.503824 112.691625 -92.077896
v -236.518047 112.218696 -93.790818
v -230.284618 111.311213 -95.942251
v -227.662731 109.519043 -94.442141
v -228.749371 109.577236 -96.100834
v -226.408632 107.547211 -96.481505
v -229.958279 108.365693 -100.838911
v -233.290024 109.557107 -99.558192
v -239.612534 109.548875 -88.623242
v -235.860813 110.445870 -83.937380
v -225.816473 106.872725 -86.877384
v -224.280630 100.000792 -92.915742
v -226.045774 103.035548 -99.344572
v -230.617394 104.528373 -102.348484
v -233.621788 103.134510 -101.910060
v -235.159522 106.172305 -100.974243
v -242.036958 104.012428 -93.805640
v -240.545985 106.432170 -95.082044
v -240.051801 108.719205 -93.906106
v -235.271743 100.493333 -77.955073
v -234.140568 105.022246 -78.960474
v -230.800107 104.030424 -79.289755
v -224.661717 101.154515 -85.098436
v -225.017032 103.528965 -85.978168
v -226.019000 100.803989 -98.462644
v -227.410407 99.268180 -98.077877
v -239.622381 101.919456 -98.724855
v -240.064141 100.490835 -96.892327
v -238.393731 102.426597 -79.993767
v -237.284177 100.159304 -79.939150
v -227.692749 102.934675 -81.605971
v -223.665645 101.794684 -90.040136
v -225.137336 98.611035 -89.287566
v -223.724345 101.941863 -91.865480
v -231.879573 95.685249 -95.394921
v -229.950671 97.243684 -97.305662
v -234.940880 94.242789 -93.258834
v -239.165510 95.499319 -93.741714
v -236.499512 94.733510 -88.191569
v -238.053896 95.854940 -85.343904
v -236.200088 94.987929 -86.066289
v -235.782303 95.457112 -83.198439
v -234.378912 94.796410 -85.647814
v -228.837844 95.882914 -94.069448
v -232.643256 94.529691 -88.028144
v -229.528565 95.477705 -86.245357
v -209.651654 94.531389 -105.367341
v -202.745556 97.884927 -99.916997
v -201.709698 96.459885 -101.068504
v -200.554780 94.332406 -105.841724
v -222.190138 98.796050 -102.250668
v -209.650119 93.680090 -107.416677
v -217.343898 97.125979 -113.567008
v -202.658992 95.293749 -110.322938
v -199.844456 96.148057 -108.729655
v -195.874815 103.471312 -104.031446
v -211.177295 102.907973 -97.891052
v -205.277804 107.169542 -98.266038
v -223.416341 98.716174 -105.457416
v -214.514440 96.693072 -114.044384
v -202.795097 107.158507 -99.186281
v -218.293959 105.067980 -111.383384
v -207.824659 106.086831 -115.531450
v -204.882291 104.892577 -115.239129
v -206.631592 109.330783 -99.596719
v -204.127402 108.568789 -99.685410
v -205.360435 110.180415 -107.463860
v -215.356760 105.642873 -113.266036
v -211.838673 100.795695 -98.307928
v -198.945950 95.526044 -105.256240
v -199.469648 96.205793 -102.155086
v -206.428442 93.657059 -107.817395
v -220.026407 95.654716 -105.608878
v -215.085284 100.978532 -98.603410
v -215.254719 95.346749 -111.542581
v -208.865671 96.692508 -114.236923
v -196.798774 103.245719 -100.566865
v -197.406358 97.492072 -105.993434
v -207.266665 105.990908 -97.580656
v -219.364812 105.836753 -101.068387
v -208.009018 108.404512 -99.313587
v -219.009236 107.060946 -104.061597
v -196.732485 105.667015 -102.303238
v -199.338669 109.035123 -105.179638
v -209.823749 109.786592 -103.130971
v -197.933266 107.467548 -104.771993
v -205.829143 109.092235 -111.294901
v -207.366107 107.669920 -113.507226
v -212.797232 106.607407 -112.628060
v -212.231753 109.564472 -107.065014
v -211.646713 108.861037 -100.789258
v -202.082072 109.556445 -102.861110
v -195.969352 104.482608 -106.264283
v -197.703374 98.498996 -108.245444
v -207.271385 103.502126 -116.525650
v -215.503787 101.311686 -115.543015
v -220.928122 103.117816 -110.527166
v -220.472902 104.552591 -108.604530
v -222.215436 103.932582 -106.332964
v -215.922748 104.718711 -98.311943
v -213.493355 107.589518 -99.816021
v -208.791459 104.100796 -97.405329
v -209.144818 107.002402 -98.492126
v -204.579567 105.681509 -97.720245
v -199.380199 103.593754 -98.741599
v -204.331486 100.764348 -114.728105
v -206.790392 98.190450 -114.538318
v -222.334424 100.524726 -109.583123
v -218.456494 102.007581 -99.084327
v -203.864681 103.993677 -96.983257
v -208.462885 101.450990 -97.883235
v -205.903597 102.785181 -97.737107
v -206.039518 100.148618 -98.739517
v -197.110744 99.868023 -100.982109
v -209.157798 94.242027 -110.572860
v -216.415817 94.250169 -109.332856
v -217.138830 94.820339 -107.584900
v -218.283576 96.403725 -103.098896
v -215.404620 96.317916 -102.224337
v -204.866930 94.484170 -104.827465
v -205.717201 95.535732 -102.957195
v -209.545040 99.558517 -98.943934
v -208.011096 96.222015 -101.520706
v -205.510338 96.775911 -100.695686
v -188.533878 35.615146 -55.294590
v -185.505093 37.145772 -54.432072
v -195.391390 36.364985 -53.501418
v -188.823002 35.035246 -65.626991
v -192.530503 34.413174 -67.925299
v -182.995242 38.670941 -65.868814
v -203.865753 39.653491 -52.793329
v -202.550690 36.326589 -58.815682
v -205.808991 37.930310 -63.088028
v -208.091413 40.305693 -60.376850
v -207.664930 41.350187 -67.476447
v -199.375102 42.823130 -80.054640
v -196.923928 41.727609 -80.253138
v -191.964483 40.203715 -77.188963
v -186.702813 41.687815 -75.635267
v -178.132189 46.242866 -67.485959
v -174.699208 47.273888 -58.728281
v -174.484342 46.707228 -61.685101
v -174.178226 54.146753 -60.902206
v -180.887861 44.365153 -48.728386
v -185.058159 46.513721 -44.923650
v -187.282498 44.236797 -46.665227
v -188.876242 48.464460 -43.134103
v -191.084426 53.793638 -41.128030
v -210.023165 46.007289 -48.170702
v -214.926000 49.261793 -51.445887
v -218.965902 54.950182 -49.052850
v -217.430507 56.757954 -47.417348
v -219.912936 57.721410 -51.421234
v -211.734675 45.246917 -66.197413
v -207.691243 50.860193 -75.472032
v -208.743066 54.133353 -73.632507
v -210.870149 56.616567 -70.680017
v -192.799105 48.816581 -82.748207
v -191.002044 50.284280 -82.190206
v -190.734822 53.389610 -81.764524
v -175.237460 57.915576 -55.668763
v -176.321969 55.136043 -51.079052
v -177.586336 53.012459 -48.715397
v -189.424126 57.928637 -41.723357
v -186.291291 55.086539 -42.575494
v -196.093816 53.871283 -40.301270
v -201.739513 56.886348 -40.387509
v -203.735667 55.004457 -40.327373
v -207.498844 53.634022 -41.331796
v -214.586583 57.860402 -43.820863
v -219.188108 59.585788 -55.359866
v -217.138885 55.255023 -61.294892
v -213.489795 56.836067 -67.753139
v -204.418261 57.671826 -76.139665
v -201.527097 54.592387 -79.483173
v -185.340628 57.960575 -77.071068
v -184.156622 59.939984 -74.815464
v -181.622629 56.221465 -74.348686
v -179.018035 62.513048 -59.900961
v -182.580369 63.519455 -54.874172
v -186.349331 65.345086 -55.475245
v -197.358307 68.150924 -59.080577
v -203.525801 60.243778 -41.636355
v -197.378377 62.597955 -43.848894
v -208.481914 64.118101 -47.114932
v -208.495614 65.856320 -50.764980
v -203.340306 66.877898 -53.049855
v -212.326474 66.184706 -59.522131
v -205.398054 67.412875 -56.904270
v -203.230410 60.776691 -74.489589
v -204.416349 62.180237 -71.881427
v -198.069684 64.282629 -72.809419
v -187.135194 61.894752 -75.829633
v -184.776386 64.964610 -68.792748
v -187.327048 65.812185 -68.647290
v -190.592127 67.190667 -66.669031
v -178.757739 62.524358 -64.651524
v -194.170550 61.527802 -77.546624
v -212.156671 62.835204 -66.188097
v -214.394876 62.883417 -47.238745
v -189.994359 62.332271 -46.564038
v -188.759034 60.599521 -45.300839
v -180.055115 49.914551 -73.334153
v -200.745395 49.455783 -81.598447
v -215.440520 49.073963 -62.064933
v -206.074656 47.892667 -44.006625
v -175.688723 48.369257 -51.576733
v -177.898675 49.154746 -48.481163
v -186.437364 49.536158 -79.643382
v -211.774461 44.282204 -57.692798
v -197.966832 40.353087 -49.014815
v -175.666644 43.722273 -57.216179
v -176.562634 45.227469 -52.067793
v -188.958529 36.316060 -69.885714
v -198.872131 34.880116 -70.014951
v -197.382021 34.346196 -68.196464
v -196.444378 32.845635 -64.089920
v -179.653398 39.639538 -56.607669
v -188.926768 35.220436 -58.274421
v -190.988329 33.335305 -61.383544
v -195.053952 34.009895 -60.247647
v -244.276507 32.180465 -90.010040
v -235.004445 36.936203 -87.436352
v -235.833142 35.444537 -89.628083
v -233.786112 37.371719 -91.385870
v -249.532259 31.949550 -91.303520
v -248.811357 32.678053 -97.408122
v -250.750443 34.136981 -100.010564
v -245.918526 34.285104 -101.695455
v -243.586520 33.986995 -102.298921
v -230.814964 41.568964 -89.079644
v -262.626061 40.226449 -87.501510
v -252.602384 43.710080 -111.087710
v -250.928520 49.316098 -112.824172
v -235.425931 43.228110 -112.552926
v -233.016115 44.914250 -110.659905
v -231.427301 43.224001 -85.205369
v -250.938718 42.739160 -72.863835
v -246.627115 48.325507 -115.324149
v -249.701330 45.068588 -113.731443
v -230.549185 45.459178 -107.872847
v -236.898641 56.541192 -78.527052
v -255.677802 56.240600 -75.436470
v -261.686458 54.915983 -99.711127
v -240.016575 58.435515 -111.210430
v -228.353492 55.910641 -96.990758
v -235.208930 60.915835 -94.512589
v -236.672465 62.264736 -93.960430
v -233.433427 57.804630 -106.679948
v -235.909151 60.060915 -105.314777
v -246.437411 61.630005 -92.232245
v -243.499496 61.869254 -97.630714
v -247.936996 57.546208 -109.474999
v -245.536331 60.706007 -101.709844
v -253.883910 57.423465 -106.044511
v -252.802619 60.908391 -86.663787
v -260.892641 57.116339 -89.255556
v -256.841825 59.454077 -88.365686
v -258.863625 57.881509 -81.485511
v -245.491157 61.458699 -80.585720
v -249.362754 61.621220 -82.143706
v -250.313027 57.822939 -74.946710
v -245.887099 54.668852 -71.668518
v -237.547934 61.820032 -86.391820
v -236.521515 59.942197 -85.375156
v -232.789530 58.090142 -84.663784
v -229.833839 56.141219 -88.482124
v -228.861414 56.776194 -92.921740
v -228.843242 55.293408 -101.852828
v -232.150783 54.661822 -109.887584
v -238.136354 54.416622 -115.686607
v -248.477076 51.820245 -114.611978
v -251.973505 55.347702 -110.729494
v -265.799691 51.175785 -85.003057
v -265.831747 52.595034 -87.871039
v -255.729168 47.664180 -72.554472
v -255.776695 50.887017 -72.832602
v -244.757102 50.752842 -69.865409
v -235.804312 49.812028 -76.687197
v -232.787284 51.308341 -79.870437
v -237.096538 54.255772 -76.293241
v -231.326203 47.931886 -82.448643
v -228.727650 53.173484 -87.864786
v -228.712770 49.490306 -87.558557
v -235.847155 52.384906 -115.177303
v -235.523010 48.237530 -114.766900
v -240.461815 47.474047 -116.215725
v -240.749971 45.253836 -115.335891
v -262.055758 50.650000 -104.925928
v -257.045373 44.900275 -108.048196
v -264.814609 46.839266 -102.119906
v -263.953405 41.996639 -100.742167
v -261.276711 47.601889 -78.849986
v -259.167057 41.869624 -80.119468
v -261.717867 43.379138 -80.991664
v -254.455368 39.577407 -78.463931
v -253.734622 41.301433 -76.137615
v -240.159546 46.749188 -72.181028
v -240.119459 44.770872 -73.357039
v -240.267767 41.766892 -75.250807
v -238.316082 40.409065 -78.540849
v -227.062791 50.742191 -96.466418
v -229.586334 42.500799 -99.678453
v -230.717063 42.795069 -103.854079
v -236.259329 38.886702 -106.975125
v -234.317860 42.118446 -109.437669
v -240.946561 36.567616 -106.236247
v -238.955686 37.818126 -107.806255
v -242.940905 42.698289 -113.393076
v -254.228503 36.041184 -101.268419
v -259.825139 37.088256 -98.522960
v -257.549308 34.952373 -90.909205
v -250.397153 32.520227 -88.264318
v -252.905923 35.058619 -84.513946
v -251.699497 36.240201 -81.190084
v -233.515351 37.923086 -100.143720
v -234.988105 37.951813 -103.908866
v -232.326728 39.236348 -102.409603
v -235.271998 36.117850 -95.880203
v -240.513739 32.368502 -93.285064
v -246.758910 35.687768 -79.683995
v -237.824975 35.885060 -84.959751
v -205.836932 32.541188 -125.878268
v -213.090905 29.940374 -127.218814
v -213.444154 30.401961 -132.659410
v -210.715163 30.471099 -133.251325
v -209.275538 33.227777 -136.363722
v -207.702889 31.912000 -132.890563
v -195.439251 45.856203 -117.596981
v -209.880622 38.968395 -108.804328
v -213.325918 40.164337 -107.551512
v -213.281815 37.602023 -109.571210
v -227.657554 38.770330 -117.756907
v -228.579676 37.255183 -120.558848
v -222.231795 37.401547 -139.142920
v -225.144448 38.262534 -137.002775
v -199.167451 49.638856 -134.824574
v -197.784960 45.811733 -113.681421
v -232.459242 39.970274 -123.145528
v -234.906357 43.608284 -123.772765
v -219.147117 42.841450 -142.420203
v -198.058783 53.059301 -132.921903
v -211.405730 57.667599 -110.639940
v -206.662863 55.334317 -111.134703
v -225.489399 51.984891 -108.064094
v -221.875297 52.766265 -107.057206
v -222.217508 56.587234 -109.789625
v -226.675513 59.227574 -128.009102
v -207.131104 64.591629 -137.657891
v -204.289993 68.710874 -126.348970
v -199.228611 67.020347 -130.022235
v -201.194066 66.724481 -133.440883
v -209.873413 68.049190 -130.800886
v -208.977384 68.645560 -128.284390
v -216.366160 64.312484 -133.878745
v -220.487792 60.436752 -134.633961
v -217.680842 65.082837 -124.902775
v -214.032199 66.369062 -123.611988
v -223.844580 61.454971 -121.675285
v -224.367999 61.198202 -123.968530
v -212.623801 64.441670 -117.661197
v -216.655254 61.199420 -114.241514
v -215.052516 54.468639 -107.753994
v -204.391431 65.277787 -120.077267
v -208.333982 65.930344 -119.613735
v -201.785301 61.355963 -117.209742
v -204.056416 58.296501 -114.384852
v -197.128569 61.227710 -120.496361
v -199.580758 63.578265 -120.479050
v -194.856419 61.489159 -125.728717
v -194.594278 58.892946 -127.031869
v -197.326832 56.019558 -132.703819
v -197.118297 59.848608 -131.624292
v -201.699911 62.635951 -135.697403
v -217.530826 49.735339 -142.549252
v -212.770386 55.588737 -142.502620
v -224.683907 52.051280 -137.327022
v -223.232622 56.409961 -135.897818
v -230.124055 52.472703 -131.472775
v -234.751887 47.992170 -122.888309
v -233.564127 47.682417 -118.482219
v -231.795494 51.902905 -115.563767
v -224.906785 48.392044 -106.828163
v -219.837232 45.708525 -105.460550
v -216.170152 49.479214 -105.292841
v -215.442630 46.012574 -105.211382
v -203.114550 51.994198 -111.646436
v -197.415713 50.827193 -114.359866
v -198.852885 53.367341 -114.659871
v -195.427610 54.647873 -117.979596
v -206.141697 55.740108 -140.176302
v -208.176273 46.705857 -142.052115
v -206.120010 48.411674 -141.284557
v -208.686879 42.067415 -141.720641
v -211.887550 42.033516 -143.288201
v -215.585594 42.425366 -143.581039
v -229.776586 47.053706 -134.957827
v -230.099852 49.918077 -132.853329
v -228.935309 38.765010 -133.984687
v -227.433356 44.038584 -137.286577
v -228.581420 37.058843 -131.742587
v -229.026849 47.675791 -110.356210
v -231.442798 49.015648 -113.532896
v -226.842738 40.017558 -113.538031
v -221.362216 36.812790 -112.693239
v -208.776798 47.150284 -106.967671
v -212.775504 47.380256 -105.655498
v -201.589940 41.615875 -111.597640
v -193.481092 55.286862 -123.048051
v -195.735023 48.550528 -127.629023
v -203.950930 38.789237 -136.373463
v -203.431728 41.341105 -137.213966
v -207.715685 35.479231 -138.392707
v -213.659534 37.380558 -142.094258
v -211.863370 34.545940 -140.247397
v -218.601029 32.001804 -136.300551
v -218.981662 34.023636 -138.669274
v -216.773706 30.497447 -133.593374
v -222.502027 31.862031 -128.560511
v -223.030848 32.736689 -125.126845
v -224.361305 33.971000 -121.467182
v -217.338821 30.774728 -125.044939
v -212.245330 30.983023 -123.131084
v -218.372795 32.079201 -120.862646
v -220.001220 31.369542 -124.531301
v -217.403811 33.545461 -115.627979
v -200.018841 37.968622 -126.241718
v -199.571681 38.547608 -122.500629
v -204.454820 35.172764 -117.958593
v -209.234826 35.664844 -113.521403
v -201.299828 38.302796 -115.802246
v -202.704845 36.877446 -118.035700
v -223.675657 29.780276 -50.554341
v -226.665444 31.154819 -48.753477
v -225.835811 35.594046 -47.169588
v -227.715543 33.261807 -47.906781
v -224.093761 28.770547 -57.242812
v -218.829210 31.915433 -59.368720
v -221.610721 29.362429 -56.687054
v -232.535684 33.921947 -48.782235
v -233.714126 30.819851 -53.088110
v -238.111050 32.396180 -61.729426
v -234.129351 32.121327 -72.400498
v -227.083970 30.557773 -68.519035
v -224.556168 31.403570 -70.562685
v -219.968671 35.678187 -74.687427
v -221.161687 33.692470 -71.156450
v -214.996883 37.746525 -67.027222
v -213.402060 39.315174 -62.348203
v -212.297095 42.666016 -63.778278
v -220.067189 31.492115 -50.289952
v -216.860157 34.996062 -50.825721
v -223.945401 40.568445 -45.764721
v -221.056090 38.424915 -46.885535
v -236.699591 41.762471 -45.364128
v -239.986138 41.662572 -49.857139
v -240.562041 44.935350 -48.718702
v -238.735883 53.083566 -49.695399
v -237.870298 32.076766 -65.487493
v -239.192387 41.917608 -72.701779
v -228.366975 35.087551 -80.393125
v -225.059369 34.620478 -78.118165
v -225.579165 37.065561 -81.532324
v -222.073370 42.642391 -83.027624
v -212.941412 44.269759 -58.348348
v -213.147520 41.178607 -55.996879
v -216.932497 46.006565 -52.259826
v -223.625670 49.567140 -45.666753
v -229.690927 51.440151 -44.344416
v -236.364572 54.132313 -47.397154
v -241.996883 44.039075 -60.394645
v -241.305971 45.726072 -62.395270
v -241.171904 45.110392 -66.577374
v -236.063426 43.837316 -76.928139
v -231.586205 41.183169 -81.317531
v -226.460964 42.939106 -83.110277
v -219.730320 45.734835 -80.065038
v -218.600371 44.120471 -79.729895
v -215.852633 44.578313 -75.686792
v -213.546471 45.742325 -70.694826
v -218.049765 51.914760 -59.877089
v -221.485064 55.270590 -60.620586
v -225.335671 55.240941 -48.437284
v -230.310247 57.604710 -49.238805
v -227.867364 57.401032 -58.262428
v -237.137979 55.005924 -55.387619
v -236.221862 54.359814 -61.928500
v -231.606543 56.131741 -62.681277
v -230.311892 57.015009 -59.307539
v -234.266033 45.678670 -77.622710
v -234.976256 48.334741 -73.961582
v -229.241515 51.099050 -75.163858
v -228.435394 53.578768 -69.689890
v -220.986604 49.347800 -78.038579
v -218.868258 50.652962 -72.526366
v -223.763972 54.119968 -68.445162
v -214.650546 48.651730 -70.074811
v -226.120120 48.155952 -79.581771
v -237.272643 49.721482 -68.713555
v -235.140710 56.992100 -49.775862
v -233.779283 57.271823 -51.779562
v -219.153028 51.089187 -52.523183
v -215.927929 38.346980 -71.875943
v -241.605174 37.624338 -64.491050
v -228.592478 43.118988 -44.050298
v -214.581890 37.795762 -53.440330
v -219.919027 37.454543 -77.471862
v -236.053021 33.728593 -73.055800
v -234.554969 34.645399 -76.863574
v -237.068696 35.877136 -73.534217
v -240.960142 37.337356 -56.049532
v -240.986887 40.055386 -53.705660
v -225.458701 38.526775 -46.159218
v -214.266551 36.406607 -55.856550
v -229.119653 29.067498 -63.489590
v -225.754549 29.601748 -64.389131
v -225.849364 29.218961 -61.518929
v -230.268710 28.403051 -56.001985
v -231.749990 28.733480 -61.323359
v -226.828061 28.150441 -55.227086
v -226.925790 29.002627 -50.910883
v -175.089802 40.348712 -85.776464
v -184.650414 39.136921 -84.982660
v -175.460742 35.970580 -95.523136
v -174.546257 37.033215 -93.646332
v -170.997269 41.140614 -95.599618
v -189.823350 36.869479 -91.214116
v -195.047865 38.374653 -95.306933
v -195.184580 38.552478 -101.997408
v -186.783680 36.044855 -104.923039
v -190.633856 36.625071 -102.599838
v -190.641328 37.671149 -106.973918
v -188.924379 39.091698 -109.836381
v -186.270416 39.909037 -111.660451
v -178.104368 37.767408 -106.685837
v -176.656760 39.229006 -107.899408
v -174.243776 40.532726 -107.051606
v -168.297910 48.180647 -99.925214
v -169.134571 47.004674 -102.354524
v -167.078499 51.188690 -95.904499
v -166.487853 54.635893 -91.310164
v -167.815521 57.501415 -89.296427
v -173.229872 44.890492 -80.162954
v -178.673297 46.839186 -77.774768
v -176.242949 47.942499 -76.470984
v -178.109650 52.256611 -74.779091
v -199.476638 45.397306 -91.777470
v -199.482578 51.380997 -87.392976
v -200.763756 52.865109 -88.673371
v -198.553272 42.142798 -103.283084
v -199.167898 43.478188 -104.767547
v -198.926316 46.002982 -109.296122
v -201.768921 48.497666 -105.787113
v -201.157939 52.572126 -110.294658
v -180.890508 48.812282 -114.477784
v -180.327329 45.755759 -113.828196
v -182.265810 52.870044 -115.068798
v -167.449260 56.951891 -80.992596
v -167.985673 54.000884 -78.666165
v -172.861057 55.933908 -73.933648
v -190.629639 51.978635 -80.505012
v -187.734781 52.595427 -78.578541
v -202.815151 54.075582 -97.469285
v -203.097813 56.605143 -105.015515
v -199.667729 58.261147 -111.901172
v -196.076307 53.462053 -115.211977
v -191.313764 56.718522 -116.164822
v -178.309683 58.132121 -110.138782
v -170.778108 52.611192 -105.337561
v -171.952451 55.235915 -105.213037
v -169.533892 58.767286 -96.935293
v -170.875688 61.528435 -82.969601
v -168.511770 59.617074 -83.913429
v -173.828305 63.254354 -79.455981
v -176.011023 64.791868 -82.464872
v -180.042323 66.014005 -87.925750
v -183.090143 60.710672 -77.578433
v -189.305178 60.809832 -82.590628
v -188.016822 66.199789 -92.027603
v -200.235207 59.059017 -92.442712
v -200.683855 60.857417 -97.913467
v -192.742566 65.815068 -97.556508
v -193.719729 65.577571 -100.940542
v -198.150141 61.471574 -111.102483
v -200.976809 60.044137 -107.334072
v -195.943478 62.822794 -110.541985
v -183.212587 62.433514 -110.082534
v -179.847191 63.174363 -107.143596
v -185.788038 64.572071 -109.213506
v -178.387926 65.115468 -101.554726
v -185.010144 66.924614 -98.673664
v -172.622870 63.068116 -94.573000
v -191.888416 63.759221 -111.242551
v -188.981074 62.274946 -113.215268
v -201.423339 60.226909 -104.063443
v -174.985048 58.839665 -73.650997
v -172.593397 59.923347 -75.191483
v -176.307986 61.502079 -75.301107
v -170.536403 48.745402 -105.219943
v -193.210652 46.626381 -115.186754
v -195.689499 49.695009 -115.375819
v -191.045902 48.209648 -116.115194
v -202.229840 48.403342 -99.958755
v -201.575961 46.190811 -99.842113
v -191.588160 46.942710 -81.631524
v -191.759042 43.284335 -84.500140
v -168.872574 49.561668 -80.749741
v -175.487291 45.682966 -111.221420
v -195.366457 44.143387 -112.120491
v -198.728204 42.256965 -93.274591
v -183.760052 42.157417 -82.131326
v -185.233903 45.582995 -79.805364
v -168.020612 46.816841 -87.173658
v -178.188212 35.657837 -100.809648
v -179.412470 35.840202 -104.143834
v -178.374450 34.340015 -99.191357
v -183.887931 33.996791 -96.105458
v -184.147967 33.927981 -99.579103
v -182.579390 34.229900 -92.920517
v -170.651934 42.851694 -90.034027
v -178.856439 35.274970 -91.200986
v -185.067060 67.291461 -71.969839
v -175.819649 71.017306 -68.381165
v -175.353848 69.356756 -73.638903
v -190.016427 68.990792 -77.441816
v -186.431279 68.277929 -79.614104
v -183.811458 67.458418 -79.047564
v -171.884672 73.600008 -71.512252
v -192.836239 78.721955 -56.643906
v -201.363974 79.014599 -69.595398
v -194.682020 75.743146 -87.737481
v -197.310888 76.814296 -85.332993
v -178.337984 76.707025 -88.603389
v -173.534359 75.708531 -67.562884
v -177.651937 76.859543 -63.759104
v -196.979753 82.296875 -56.041988
v -202.803565 81.663766 -75.005110
v -173.746555 78.800362 -85.442679
v -183.733320 91.987841 -63.918627
v -198.465028 92.817199 -64.677278
v -200.640249 93.050887 -77.224106
v -200.161555 91.709995 -80.266316
v -188.128624 90.123844 -89.871000
v -184.038881 96.344785 -77.939107
v -192.465855 95.819206 -79.818867
v -188.848567 96.465734 -80.073772
v -187.467344 92.487777 -86.682755
v -188.700610 94.128374 -84.116271
v -191.754786 91.406566 -86.700443
v -192.892715 93.271317 -84.990069
v -197.928411 90.851795 -84.514907
v -193.736355 96.687040 -75.637516
v -193.099845 97.129323 -73.135888
v -199.688031 94.236780 -74.627771
v -198.922887 94.641112 -69.848104
v -190.416595 96.692104 -70.214823
v -185.728506 95.498969 -70.084169
v -193.274247 96.056292 -69.964497
v -193.464744 94.329337 -64.288845
v -194.084796 95.290520 -67.464046
v -183.544459 96.356239 -72.731668
v -179.582901 92.427649 -69.503201
v -174.350290 91.182176 -75.463012
v -171.511356 85.758286 -80.378550
v -174.185335 83.786782 -85.397158
v -179.606099 85.727152 -89.813982
v -188.302012 86.243501 -93.154199
v -185.350595 86.315753 -92.405396
v -193.207194 82.500755 -93.255413
v -192.480790 85.640574 -91.720690
v -200.496828 88.805533 -82.770828
v -203.563591 88.145280 -69.178947
v -199.585875 86.951916 -58.883755
v -195.680211 86.733269 -55.980367
v -197.059530 88.047902 -57.057069
v -192.786651 89.396244 -56.769832
v -181.700898 85.380031 -60.204506
v -174.295965 82.625520 -67.383947
v -170.891495 81.506686 -71.041420
v -170.913558 85.396093 -73.600927
v -184.229940 79.657442 -93.667122
v -184.193271 83.180276 -93.163938
v -188.658072 76.433824 -93.006898
v -200.182731 84.545159 -85.649927
v -200.995983 85.329659 -83.717904
v -199.437624 77.274934 -78.378895
v -201.501065 79.689535 -78.914797
v -200.106708 79.108969 -81.251032
v -201.615046 82.514532 -64.610369
v -197.965175 80.342538 -58.699083
v -191.321330 86.416817 -55.243997
v -181.216449 75.795559 -61.932504
v -169.405049 82.743621 -77.059840
v -170.724080 74.464392 -78.122972
v -169.719086 77.926626 -78.320415
v -171.930783 75.591725 -81.441844
v -173.748307 72.316007 -80.660014
v -178.971927 73.222575 -86.155808
v -175.687934 72.800330 -83.274307
v -185.070398 70.363444 -85.052553
v -189.549045 73.656831 -88.973909
v -187.155776 71.974559 -88.163795
v -186.840434 74.456784 -91.214994
v -194.171203 74.034340 -85.764714
v -190.318050 69.757090 -80.392630
v -193.355487 72.074367 -81.156314
v -196.999813 73.749388 -77.588885
v -198.088602 75.019369 -69.311762
v -199.112072 76.196564 -71.293048
v -194.787907 72.555903 -68.475833
v -194.080399 72.332983 -65.321655
v -194.547825 74.504193 -62.395078
v -196.884090 77.335785 -61.004277
v -194.860327 75.942791 -60.118221
v -196.864447 75.010290 -65.186652
v -175.141297 70.128514 -79.318098
v -176.897063 68.673975 -76.271800
v -190.729698 72.186474 -62.862794
v -191.976632 74.998257 -59.711544
v -179.835911 70.695965 -65.502028
v -215.224495 68.068146 -52.136268
v -213.707911 68.866324 -54.009644
v -230.341621 63.035714 -56.286465
v -231.117822 64.635428 -59.737235
v -229.022619 64.229793 -58.441040
v -232.252880 66.309787 -61.431205
v -227.957658 65.637977 -61.338720
v -224.624865 64.639061 -61.082016
v -222.263977 64.393278 -58.727075
v -213.051288 71.040596 -51.688117
v -211.731437 72.935392 -53.755182
v -223.025195 70.275068 -41.403950
v -242.820453 70.979417 -56.118171
v -244.869036 72.769318 -57.609967
v -213.275996 75.922266 -46.494249
v -227.596954 72.365709 -39.251760
v -229.024035 75.449725 -38.384349
v -231.512303 78.525790 -69.378141
v -215.307603 77.234790 -65.141226
v -217.778110 88.308140 -45.459960
v -228.274191 90.844560 -67.795225
v -225.461027 90.056313 -66.718350
v -216.676466 88.258111 -59.018954
v -218.811350 90.139000 -59.605930
v -217.465090 90.011387 -55.820096
v -220.762266 91.876617 -60.781022
v -230.328606 94.468260 -62.578890
v -230.897412 95.370655 -59.615726
v -229.067947 95.087988 -61.236237
v -228.252732 92.298954 -65.618021
v -230.843862 93.727309 -64.783787
v -236.623835 90.257322 -65.490370
v -230.300670 96.009705 -55.709314
v -238.749517 90.956591 -57.144089
v -236.052115 93.269337 -58.440294
v -240.299151 88.321049 -51.105270
v -226.277198 93.949193 -48.330093
v -230.589702 93.433789 -49.373208
v -228.544449 91.088538 -43.280684
v -220.281290 88.046432 -41.458221
v -221.885277 92.837465 -49.547523
v -222.692655 93.610601 -52.983630
v -219.027242 90.693771 -50.730300
v -216.183032 88.263693 -52.160773
v -214.741348 84.487613 -61.089112
v -216.127165 81.992784 -64.898836
v -213.306933 79.726526 -62.325993
v -216.402302 84.690320 -64.407270
v -220.214983 83.301454 -67.429799
v -220.538727 87.428662 -65.924264
v -219.435535 85.079580 -65.908398
v -228.559427 87.277180 -68.906530
v -228.570069 84.891283 -69.626641
v -234.496699 83.490041 -68.451807
v -231.851704 82.978049 -69.566284
v -237.353446 85.838444 -67.487987
v -235.273535 88.787917 -67.714791
v -234.916436 86.091821 -68.016736
v -244.449333 83.318003 -60.643350
v -242.402192 84.763593 -63.675561
v -245.389120 80.674122 -59.323512
v -245.173363 78.198242 -59.057723
v -244.415468 82.311734 -52.159950
v -244.454034 83.207031 -55.747836
v -235.567081 82.232528 -41.003490
v -226.578243 79.910506 -36.900821
v -222.234114 85.191299 -37.679147
v -223.305497 82.023332 -36.445899
v -216.811397 84.439305 -42.972538
v -212.469499 80.885557 -51.089017
v -214.351069 84.835755 -52.095058
v -212.854974 82.897334 -56.566592
v -222.614691 82.132895 -68.858590
v -220.581906 75.169876 -67.770679
v -228.116083 73.803439 -68.224508
v -240.514443 81.330361 -66.414396
v -240.206556 83.072898 -66.474336
v -239.881669 76.279814 -65.618939
v -241.522771 78.553337 -64.765496
v -241.075239 77.475264 -47.285515
v -239.855663 80.514453 -44.148373
v -242.459817 74.734295 -51.201288
v -218.464650 79.906606 -38.633830
v -219.543803 73.271942 -40.513771
v -217.414818 71.236738 -43.678292
v -215.750127 73.608333 -43.682328
v -211.944478 80.733336 -56.042495
v -213.632980 71.530113 -61.973764
v -212.509062 73.835654 -60.465648
v -217.944671 69.861147 -64.581547
v -228.567193 70.223942 -66.088156
v -226.606652 69.841444 -66.430612
v -236.902335 67.085658 -60.731041
v -234.636772 67.995817 -62.758058
v -239.686586 69.208769 -61.145333
v -239.503667 67.696593 -56.107958
v -240.635762 68.165501 -59.101584
v -236.092040 65.160653 -56.688094
v -233.985898 64.855355 -52.193597
v -232.532656 66.948064 -47.361789
v -222.278290 65.218234 -49.040615
v -236.780837 65.104139 -92.492203
v -243.150912 65.289051 -93.156162
v -242.939631 64.098281 -98.307334
v -242.114066 64.349540 -102.220715
v -239.064261 63.228874 -101.003652
v -235.921741 63.620541 -102.737851
v -225.717946 76.311253 -93.542944
v -240.882619 73.529431 -81.567295
v -235.866639 77.787032 -80.720715
v -257.771496 78.196079 -88.597970
v -246.365385 70.765766 -108.785983
v -228.397459 72.335549 -113.693626
v -226.824863 73.403409 -112.471182
v -226.038431 79.307975 -88.881452
v -226.766778 79.534169 -87.404585
v -258.043836 80.020313 -91.282172
v -256.534912 76.186632 -95.581731
v -240.644187 76.086094 -116.597874
v -243.216901 74.166607 -115.058852
v -225.217722 76.871842 -111.527667
v -224.833902 76.926106 -108.983376
v -230.419091 92.348625 -88.060251
v -232.418367 91.114326 -85.972534
v -245.343171 92.251354 -84.111820
v -236.079530 87.826087 -116.135677
v -233.032832 88.151396 -115.667677
v -222.173905 90.476769 -102.848580
v -221.663529 90.455634 -99.134941
v -228.471809 94.405900 -103.181635
v -226.473618 92.282130 -106.426309
v -226.540930 88.413469 -113.356139
v -234.278118 93.868501 -105.832849
v -237.028014 91.307216 -111.357840
v -239.102012 85.554939 -116.982316
v -239.565282 94.804430 -99.821659
v -241.355208 94.543620 -97.920251
v -246.836865 92.599145 -98.339569
v -250.289661 92.198567 -94.208818
v -249.638936 92.686265 -89.189890
v -238.799785 95.923583 -92.900698
v -234.903628 95.375339 -92.932736
v -242.382431 93.429402 -84.956934
v -240.374532 95.186996 -89.608843
v -238.758201 94.179165 -86.876587
v -235.472184 93.700348 -86.077701
v -235.850034 91.666842 -83.285542
v -231.071334 95.604473 -94.745802
v -227.053029 91.728814 -90.246473
v -224.163251 91.302090 -94.205947
v -223.198732 83.996595 -109.169421
v -226.043206 83.700874 -114.571305
v -225.132291 86.031114 -112.557631
v -228.115474 85.960696 -115.837750
v -236.169989 80.522823 -118.225713
v -235.292944 84.918792 -118.079088
v -232.442716 82.524806 -118.759068
v -240.999100 80.676171 -117.227240
v -247.999714 81.415165 -113.538882
v -246.776196 84.603840 -113.948407
v -254.955532 83.052335 -103.465811
v -255.580736 85.488993 -100.641233
v -257.554822 85.186227 -91.861872
v -253.542832 88.851914 -84.766780
v -247.811207 89.824422 -81.589619
v -238.844576 86.580744 -80.181932
v -230.116908 81.098302 -117.934514
v -232.130816 77.359197 -118.453606
v -234.852826 72.494335 -116.338236
v -250.548901 82.055319 -110.729808
v -253.717120 75.567544 -103.272245
v -254.091122 73.775884 -97.322506
v -256.144635 78.534587 -99.142710
v -253.807065 86.264673 -82.167026
v -254.365644 78.723897 -82.812877
v -249.165957 77.311521 -80.891177
v -233.015927 83.936612 -81.682668
v -234.167405 85.951542 -81.015134
v -233.291940 78.877344 -81.583478
v -229.631750 75.282745 -85.475217
v -232.264861 75.484134 -82.764164
v -222.952912 81.978801 -98.267537
v -221.679219 85.429778 -97.365328
v -224.931456 74.547322 -103.282395
v -222.668883 79.620740 -102.717741
v -224.303923 76.714854 -100.711790
v -234.083147 64.864989 -109.227002
v -238.132880 66.684943 -111.540265
v -244.877096 67.500398 -106.920779
v -243.041678 67.276084 -109.941663
v -246.690587 66.501927 -100.843332
v -250.059586 68.590283 -95.713640
v -254.806891 75.531704 -85.924070
v -251.067839 71.491478 -88.155867
v -252.443057 71.457998 -89.650556
v -246.989747 68.743692 -88.035453
v -244.938770 72.010004 -83.054857
v -229.743050 67.024715 -98.903140
v -234.451759 64.741534 -96.900327
v -232.859523 65.227598 -98.969503
v -237.320127 74.986178 -81.440885
v -236.296620 67.968750 -87.761305
v -230.233797 70.528406 -89.199612
v -231.529887 70.474150 -86.630527
v -196.063097 68.126142 -115.011790
v -199.853484 67.853734 -116.491456
v -187.981078 72.573709 -113.408209
v -204.026294 68.449524 -116.150443
v -205.135640 68.149325 -121.568353
v -202.394554 67.858326 -122.857312
v -197.095360 67.452767 -121.949628
v -186.026655 76.723110 -113.438201
v -202.616376 80.973400 -95.630618
v -201.095820 76.946814 -98.483961
v -220.740890 78.234327 -110.375364
v -209.873729 76.050718 -130.716295
v -186.146121 79.734363 -106.172071
v -187.345918 79.001766 -103.579223
v -208.267084 76.151568 -99.825536
v -206.245322 79.932318 -96.570304
v -220.993592 78.333631 -114.938961
v -202.207534 76.273622 -133.591915
v -204.679372 79.225577 -134.393539
v -187.467945 79.990291 -130.803723
v -187.005254 77.890435 -128.211844
v -193.017339 90.568625 -104.474116
v -210.238575 90.068986 -104.562461
v -214.237033 89.504055 -123.117802
v -198.522515 89.673237 -132.146131
v -196.309371 93.882835 -123.914593
v -192.202511 88.686624 -132.777576
v -202.546097 90.260056 -130.315256
v -205.911940 93.996450 -119.753111
v -203.828858 93.041756 -125.376580
v -210.703453 92.278642 -117.127728
v -214.942129 90.183104 -111.484931
v -212.776567 90.321418 -107.337693
v -200.532408 94.508213 -114.150229
v -204.620448 94.242538 -115.301529
v -202.571761 92.928103 -105.806405
v -204.873140 93.134648 -109.237432
v -196.511273 89.777789 -101.031605
v -194.923413 93.538196 -113.514214
v -198.111016 95.281038 -116.887097
v -194.890862 94.762130 -117.028827
v -191.813374 92.717696 -113.100352
v -186.530772 88.773987 -116.124859
v -185.949275 85.675013 -124.012722
v -187.027445 83.745229 -130.237212
v -189.295780 83.731323 -133.700736
v -197.879218 84.201122 -135.437024
v -204.185738 82.451761 -134.622373
v -203.066115 84.768993 -134.230805
v -211.930909 84.480850 -129.755116
v -218.235079 85.296887 -123.188684
v -221.265666 83.482128 -115.729071
v -212.019549 86.048097 -99.057874
v -211.205652 87.717155 -100.717969
v -206.387091 82.681536 -96.546807
v -205.845298 85.126312 -96.925064
v -199.607326 86.382104 -97.005320
v -190.996941 85.643536 -99.315451
v -186.456807 83.263648 -106.957465
v -185.456831 84.451307 -114.292402
v -187.117580 88.532705 -112.023777
v -186.007862 86.462262 -112.174005
v -193.091487 82.876825 -135.881927
v -194.639485 78.624097 -135.888149
v -199.370185 76.149878 -134.313587
v -218.965690 82.104815 -125.583808
v -215.975298 82.635025 -127.547741
v -213.969321 77.457359 -129.254822
v -216.093804 78.917968 -126.994642
v -218.589908 76.459010 -122.610196
v -219.622796 75.642569 -119.530325
v -216.440274 82.658657 -101.482414
v -217.674811 83.867047 -103.178037
v -199.021727 81.175528 -97.218786
v -192.133152 79.221632 -99.036601
v -195.311830 81.178224 -96.684701
v -190.164906 76.542786 -102.240112
v -185.340162 78.306679 -118.925886
v -184.888101 81.478560 -119.802117
v -187.488903 76.112445 -126.825304
v -186.192914 78.026943 -124.392904
v -197.517643 69.983102 -127.460420
v -195.493737 71.095865 -128.512542
v -200.764095 72.459020 -131.330638
v -207.807165 72.248324 -128.634595
v -203.524690 72.175378 -129.835499
v -208.977683 70.060792 -123.886982
v -207.466479 70.712005 -125.743701
v -215.988526 73.246421 -121.537479
v -215.992799 73.066768 -112.694848
v -207.600319 70.202328 -111.621773
v -210.148376 71.779903 -109.814849
v -189.907175 70.502154 -119.257673
v -190.084152 70.911863 -116.128855
v -194.736415 67.810208 -118.923761
v -193.501967 68.454421 -120.673178
v -195.203877 70.785720 -108.526455
v -191.345294 71.921095 -108.773797
v -221.562293 75.361799 -76.586180
v -223.582451 75.033778 -77.551656
v -229.343850 80.429162 -76.471936
v -215.666170 80.643727 -74.881534
v -216.341550 82.113787 -74.277496
v -224.603223 81.212473 -71.728043
v -219.392700 87.477244 -73.881973
v -220.675675 88.457825 -74.161409
v -228.268320 83.336906 -74.125930
v -228.222122 85.845360 -82.383592
v -229.300758 84.428071 -80.464052
v -228.471450 86.907173 -80.546004
v -218.047428 88.464626 -80.761196
v -220.250213 90.893911 -80.443816
v -219.220413 89.513050 -81.781525
v -219.961837 88.223336 -83.159287
v -223.563240 89.786745 -81.890101
v -221.072261 90.498322 -82.236886
v -223.259835 89.499204 -83.137667
v -224.645835 89.345201 -77.662722
v -224.698833 90.041157 -80.178018
v -227.675664 87.199367 -78.808179
v -229.550259 84.731575 -77.115105
v -228.437642 86.511682 -76.568244
v -221.108435 90.498200 -77.589109
v -224.036382 88.723646 -75.031223
v -219.579871 89.469273 -76.401622
v -218.599145 88.039890 -76.950206
v -217.548976 88.063759 -78.925643
v -217.441272 84.636033 -79.378137
v -217.337931 83.654188 -81.435686
v -218.607733 85.523851 -82.239330
v -222.419396 85.441606 -84.858809
v -225.595663 84.205128 -84.625957
v -224.013296 84.587892 -85.422468
v -226.983765 84.880194 -84.093252
v -226.029117 83.462082 -72.656018
v -224.523047 83.345543 -71.786261
v -222.693024 85.344335 -71.586477
v -217.845811 84.206682 -73.085026
v -217.007645 83.701704 -74.741960
v -216.904833 85.533196 -76.707898
v -221.118500 83.752282 -84.283350
v -220.803336 81.628374 -84.311999
v -229.353940 83.631523 -81.707124
v -228.507579 80.173303 -80.788050
v -227.912050 81.615641 -73.909025
v -218.224019 79.649513 -72.881916
v -216.334615 84.499981 -77.789456
v -216.144436 83.071375 -79.860486
v -216.655341 81.477205 -80.568419
v -221.010253 76.579282 -81.988677
v -222.994775 77.959504 -83.220269
v -226.304673 80.483974 -83.523145
v -227.916679 78.625065 -78.293028
v -226.526764 77.360827 -75.966580
v -225.729050 78.986367 -73.118166
v -217.874070 77.573107 -79.021009
v -220.302607 75.439009 -78.822033
v -219.135363 76.059803 -79.522020
v -224.265746 78.159484 -73.479218
v -219.880110 76.546754 -75.412037
v -206.564350 106.877157 -85.365448
v -216.432804 101.864858 -91.951101
v -210.333923 102.114426 -90.610989
v -212.073593 101.687001 -88.991894
v -213.438197 101.772765 -91.757823
v -204.175452 110.508054 -85.929787
v -215.346462 108.830862 -75.413040
v -217.373335 106.860714 -76.943363
v -227.728199 110.271388 -81.739500
v -229.593144 110.596194 -85.075865
v -220.455352 109.930077 -101.458604
v -222.576023 110.433204 -99.148264
v -207.079718 108.559398 -97.617542
v -205.448598 112.317277 -83.782938
v -206.478780 113.543100 -81.495612
v -218.991977 109.939712 -75.110995
v -230.856635 113.156414 -87.577182
v -230.237395 114.957350 -90.064409
v -218.398228 114.113895 -102.392019
v -215.955797 113.514936 -103.049557
v -205.090949 110.512723 -96.569681
v -211.896767 124.454200 -79.954598
v -220.253475 123.551469 -78.311590
v -223.952555 122.389537 -79.375834
v -225.004418 125.244784 -91.741275
v -212.899309 124.490353 -96.873819
v -204.545183 119.653640 -92.731145
v -211.619356 128.675336 -90.698384
v -206.750695 122.325852 -93.187273
v -208.475347 121.916135 -95.641959
v -209.229944 120.904611 -97.412672
v -217.910474 130.102472 -89.422990
v -215.707925 128.590356 -92.699604
v -220.785863 123.901729 -96.728346
v -220.564860 125.532653 -94.908927
v -220.107230 128.519475 -84.639471
v -223.904691 126.008965 -88.715974
v -225.855408 124.157260 -84.917034
v -226.718183 121.997360 -83.509928
v -224.273007 124.585667 -82.335093
v -217.152351 128.870152 -84.140483
v -219.881063 126.084568 -80.590463
v -216.885543 124.253617 -77.496156
v -213.027989 129.123879 -87.174041
v -209.663060 125.780158 -83.487177
v -206.528833 123.646182 -86.891952
v -210.362867 126.995082 -85.370664
v -204.134994 116.202716 -94.684352
v -203.090352 115.569348 -92.168657
v -205.243491 114.219117 -97.524561
v -208.191364 115.459274 -100.046044
v -205.956540 116.548900 -97.852345
v -213.231901 119.416303 -100.476580
v -215.821516 119.752198 -100.944385
v -217.764101 117.361914 -101.875788
v -219.335937 120.053502 -100.298539
v -221.737421 119.575858 -99.308267
v -227.522790 119.359244 -93.267921
v -229.903771 117.745790 -88.327391
v -229.772649 118.017056 -84.182685
v -230.565273 118.098524 -86.119236
v -220.055382 114.678308 -74.304625
v -216.935673 116.702393 -73.891591
v -216.153776 118.734010 -73.760519
v -217.330198 121.412673 -75.473205
v -206.417368 118.065547 -82.048682
v -204.432572 117.494013 -86.063402
v -211.513765 116.039063 -101.259066
v -213.775628 106.834020 -99.192376
v -215.053308 109.185950 -101.460180
v -211.963822 110.947771 -100.851837
v -223.906867 116.984489 -99.215388
v -225.885842 116.558062 -97.258247
v -224.297699 111.425430 -98.693088
v -228.970412 111.510196 -91.634620
v -229.722499 117.254056 -81.649456
v -223.123073 108.601705 -78.219106
v -212.661580 116.307458 -75.122868
v -210.309105 111.650452 -77.539122
v -211.308681 113.882369 -75.597645
v -208.853538 110.306840 -78.969469
v -203.158190 111.249227 -89.774860
v -204.023741 108.809553 -93.249181
v -209.911930 102.342364 -92.765375
v -207.924532 105.426998 -94.936095
v -216.486889 106.148262 -99.091534
v -218.589295 105.270718 -98.033216
v -220.483263 104.395458 -92.819072
v -228.145147 108.811777 -90.409462
v -222.471689 105.560742 -94.559312
v -224.929327 106.718379 -92.728013
v -225.110850 106.049292 -87.000550
v -227.818565 108.730461 -86.771047
v -224.706636 105.715575 -89.664187
v -221.509608 104.847414 -83.809904
v -221.253093 105.617344 -80.312731
v -216.435146 105.074576 -78.408110
v -220.743636 106.907621 -77.951003
v -206.440757 104.956414 -92.760976
v -204.813980 106.992098 -92.268152
v -207.015227 103.772730 -88.992017
v -213.372305 105.896820 -77.828145
v -209.332772 105.554565 -83.020676
v -199.187312 96.398272 -79.186023
v -193.534012 97.637423 -79.110191
v -201.862475 95.248144 -82.387295
v -203.776060 96.061470 -82.816444
v -202.195527 95.192479 -84.300676
v -192.119569 99.870140 -78.877227
v -199.429946 100.860660 -73.026819
v -206.609852 100.872442 -81.319655
v -205.684258 99.130247 -90.678424
v -193.335396 102.199397 -75.124349
v -201.281775 102.274323 -72.948441
v -207.682064 103.049478 -83.425786
v -197.697443 109.057065 -72.080817
v -204.177331 107.545749 -74.861772
v -204.132588 109.549743 -75.377917
v -201.985701 107.592625 -92.982407
v -200.299536 107.723460 -94.312094
v -192.793915 110.188731 -86.114665
v -195.350136 113.703325 -83.425533
v -198.209902 114.109927 -84.392832
v -195.922119 111.489115 -88.613626
v -194.403500 109.480826 -89.879471
v -197.355621 107.986280 -93.430199
v -196.208136 106.881605 -94.507682
v -200.845217 112.131432 -88.295755
v -201.304451 112.933029 -85.917437
v -202.861022 109.664813 -90.635894
v -206.216480 107.573829 -88.562324
v -203.310421 112.706355 -81.456283
v -205.619265 109.682428 -81.213353
v -201.514529 113.806255 -77.400701
v -198.117925 114.424284 -80.509922
v -197.122016 113.872826 -78.450734
v -193.789863 111.654009 -81.435004
v -190.784887 105.235920 -87.899056
v -192.250555 102.924766 -92.237526
v -195.558323 104.222789 -94.968810
v -198.269434 104.635171 -95.947284
v -201.456655 103.788236 -95.757004
v -203.354140 103.393736 -94.023798
v -205.738498 104.133948 -91.913226
v -207.839000 104.927054 -85.282309
v -206.637040 106.034730 -86.627378
v -207.386248 106.082764 -83.183349
v -206.842086 106.677793 -80.094849
v -206.049588 108.110809 -79.408237
v -203.625994 105.412756 -74.045671
v -200.260442 105.244861 -71.696884
v -193.261725 104.026563 -75.714110
v -193.604164 105.879913 -74.468893
v -201.235792 102.097115 -94.932422
v -201.096738 98.159651 -93.838113
v -206.961886 100.602166 -88.926707
v -207.501756 100.132153 -86.579695
v -206.012685 106.058408 -78.174654
v -205.890429 104.245210 -78.437046
v -198.599004 103.360736 -71.344795
v -197.851212 104.843255 -71.664421
v -197.509043 101.591543 -72.004128
v -190.305832 102.951925 -85.462505
v -190.542402 104.386913 -84.136217
v -191.070526 98.671933 -87.850144
v -196.675565 95.287763 -89.864146
v -202.264653 95.859457 -90.637044
v -201.808554 97.128911 -92.503522
v -205.230289 97.141767 -89.423576
v -204.064657 95.750068 -87.922335
v -205.185063 96.430663 -87.384298
v -206.449064 97.664391 -85.663911
v -205.861302 98.816385 -82.023712
v -203.795144 98.814900 -78.010800
v -199.789438 98.593496 -75.013800
v -200.599899 99.567374 -74.804932
v -196.923486 96.452924 -77.821921
v -219.119245 93.381627 -68.337969
v -216.000045 93.840802 -67.385978
v -223.494063 93.406516 -66.675341
v -222.793222 93.851282 -68.342670
v -224.952433 94.335049 -70.665270
v -223.716262 95.499837 -72.407185
v -207.700138 95.602714 -68.288956
v -216.961062 96.609539 -61.412538
v -215.169041 94.657426 -62.956237
v -230.045664 98.232338 -68.024384
v -227.207725 100.153074 -76.950755
v -228.723468 98.874030 -76.015919
v -214.689338 101.564498 -77.339490
v -205.389858 97.900936 -66.696119
v -206.891003 96.495597 -65.250919
v -220.735335 99.846690 -60.520306
v -226.543776 102.081030 -78.049514
v -224.893994 102.304825 -78.813025
v -210.750790 109.252841 -63.747958
v -213.548893 110.503409 -63.301707
v -221.693790 111.019094 -62.687573
v -224.790277 110.314654 -64.938112
v -228.871800 108.265642 -74.539671
v -221.233116 110.070714 -77.000413
v -208.553543 107.487776 -75.601080
v -216.211241 111.926265 -73.312773
v -220.430020 112.159443 -74.699420
v -211.254403 109.734484 -75.093545
v -224.211349 110.117979 -76.274696
v -228.589536 107.389119 -76.964182
v -224.845950 112.505316 -71.012795
v -223.149699 113.249816 -69.879964
v -226.986893 110.392489 -73.187115
v -227.188097 110.636879 -70.321557
v -226.808162 109.940808 -67.493613
v -220.504930 113.297850 -65.186281
v -216.507685 110.568030 -61.315758
v -217.586207 113.366851 -70.302346
v -216.407167 112.994978 -68.502986
v -211.859001 110.730959 -68.921210
v -207.518023 105.480904 -76.685456
v -211.389620 105.498382 -78.479331
v -210.386658 107.285922 -77.785922
v -214.213348 107.090146 -78.990329
v -216.426972 108.082227 -78.222139
v -226.323816 105.577192 -78.766183
v -227.723892 106.209098 -77.868512
v -231.105358 103.096979 -74.630124
v -230.436088 104.109966 -70.680430
v -231.225158 103.142081 -71.727731
v -229.546893 105.251404 -68.275996
v -219.553850 103.969481 -59.743746
v -222.107255 105.745772 -61.443624
v -215.568677 108.042799 -60.460384
v -215.411132 105.852663 -59.680581
v -207.770533 103.808007 -63.738676
v -205.078699 101.326735 -67.052680
v -205.141255 105.306124 -71.349822
v -218.522301 106.621473 -79.344039
v -222.543465 102.263311 -78.303257
v -221.481747 101.530379 -77.688753
v -230.244215 103.624767 -76.852525
v -230.267342 105.275836 -76.022587
v -230.649388 100.969005 -75.339800
v -230.085021 98.822120 -73.582443
v -227.672836 104.852646 -64.724741
v -228.893122 99.209164 -65.644435
v -225.841245 95.548313 -64.349488
v -220.437989 96.831484 -62.226544
v -225.155175 98.324354 -62.783482
v -214.392115 102.506260 -60.300201
v -210.760643 102.119711 -60.887132
v -208.683399 95.389124 -64.281159
v -205.667312 101.465871 -73.323808
v -215.622953 98.610236 -75.115333
v -219.176100 97.700765 -74.817369
v -222.767782 98.871997 -76.362497
v -229.848913 96.769635 -71.206820
v -228.851548 95.708477 -71.898131
v -226.973856 94.271166 -67.239325
v -224.343769 95.074782 -64.574205
v -207.819452 98.672717 -72.199771
v -211.406872 96.418965 -71.262550
v -217.446251 96.269768 -72.161960
v -220.338265 94.323115 -64.148315
v -215.711096 93.421024 -65.419556
v -211.179854 94.001507 -65.457432
v -211.260778 94.114772 -66.924296
v -235.065550 94.345871 -89.057861
v -233.086180 94.302003 -93.127822
v -229.987037 99.757690 -80.556216
v -236.911059 99.533674 -98.742543
v -225.362316 99.392824 -86.206264
v -232.644998 100.987603 -78.416780
v -241.959986 99.092647 -88.607892
v -232.361807 102.433307 -101.480167
v -224.641832 100.349932 -96.266928
v -237.400787 109.485631 -96.806792
v -228.870173 108.448860 -99.479371
v -226.240858 108.472302 -91.253101
v -228.932891 110.856623 -91.810230
v -227.102586 107.254818 -99.358044
v -233.031738 111.546821 -95.871618
v -231.435572 110.079221 -98.829056
v -235.425799 108.559307 -99.783474
v -234.357707 110.582356 -98.448053
v -238.196454 110.972652 -91.388653
v -238.181506 110.335606 -86.206584
v -232.263536 111.993621 -87.052320
v -233.438269 112.835682 -88.549026
v -233.044304 110.699497 -84.299128
v -230.659483 108.437291 -82.733113
v -233.822418 108.589619 -81.873601
v -230.427074 111.790982 -89.174340
v -230.908069 111.730854 -91.897393
v -228.099205 110.226339 -89.272566
v -227.935830 109.246581 -87.202436
v -224.168842 104.257899 -93.637324
v -224.523470 102.657468 -95.944833
v -224.999723 104.838107 -96.344211
v -225.239376 104.046052 -97.637680
v -232.752265 105.691661 -101.890263
v -241.872345 104.784140 -90.258694
v -241.603864 100.952904 -87.265327
v -241.165105 103.192575 -87.577705
v -240.320047 105.609446 -84.070829
v -240.697762 106.998107 -86.887939
v -235.865569 105.851322 -79.810384
v -232.741597 104.373083 -78.918695
v -230.067080 105.153043 -80.442875
v -226.150458 105.392223 -83.813354
v -223.714149 103.343981 -88.045925
v -224.453183 105.383137 -88.300073
v -227.638675 103.456507 -101.348181
v -228.858547 101.302806 -100.478751
v -231.419527 100.462328 -100.547951
v -240.122719 103.297820 -97.386390
v -239.940415 104.689984 -96.947576
v -238.462103 104.888022 -99.653471
v -241.454421 98.039265 -93.909664
v -239.319118 103.814344 -81.398276
v -238.710394 99.214503 -80.838482
v -235.560695 97.271589 -80.862341
v -227.716473 100.276948 -81.908558
v -227.269656 98.941973 -84.133630
v -224.203006 100.052048 -90.755438
v -228.173767 97.122042 -96.250961
v -232.907174 96.518498 -97.066436
v -230.606494 98.716250 -99.501219
v -236.745470 95.717350 -94.886016
v -235.162387 96.319675 -96.463702
v -237.580186 95.366657 -92.975770
v -239.532912 95.780745 -86.591094
v -239.618491 95.521619 -89.182179
v -230.275468 94.874626 -89.021915
v -231.405110 95.892883 -85.113538
v -228.436217 96.939258 -85.186785
v -210.450800 95.868459 -102.193539
v -213.161915 95.184056 -103.833710
v -214.749864 94.165395 -105.751396
v -212.826226 94.074133 -107.049074
v -198.806437 99.064910 -100.231830
v -223.698157 100.090569 -103.173809
v -201.237167 96.062933 -110.348705
v -200.790241 98.609999 -111.290040
v -199.121865 101.422011 -99.160828
v -213.661327 102.963562 -97.832562
v -223.759063 100.720556 -105.081323
v -212.620640 98.693242 -115.337570
v -196.830472 99.337996 -106.330879
v -200.800434 108.858432 -101.011091
v -214.396544 108.938575 -101.726172
v -215.847392 106.922434 -110.450317
v -217.555335 107.188445 -108.189657
v -204.925864 106.405286 -114.497498
v -203.253952 109.744849 -108.965933
v -200.085361 108.068754 -108.925295
v -199.800560 107.003933 -110.759865
v -201.770381 109.088785 -108.795929
v -201.287749 105.584778 -113.003838
v -208.161864 109.476675 -110.872191
v -210.729659 106.839367 -114.182859
v -209.214023 109.911753 -108.405669
v -211.530857 108.707042 -109.768679
v -215.017989 108.492225 -107.753122
v -216.395722 108.395906 -103.396874
v -208.575204 110.666040 -105.317490
v -208.828192 110.025658 -101.485777
v -207.267624 110.081224 -103.043725
v -203.688723 110.224763 -105.503386
v -206.708442 110.241960 -105.779964
v -199.685808 108.417909 -102.551345
v -197.478385 106.460578 -106.008451
v -196.636959 101.631511 -107.258643
v -200.330466 102.557760 -112.906434
v -199.114798 104.337486 -110.800129
v -212.167800 102.315297 -116.397585
v -215.476058 104.137520 -114.644138
v -222.811399 103.131137 -104.435535
v -220.548908 105.165244 -102.603303
v -216.018486 106.541917 -99.310953
v -212.638609 105.641776 -98.433696
v -200.306847 105.807637 -98.514336
v -198.410531 107.368563 -101.468646
v -198.401965 105.813105 -100.251615
v -203.616828 102.983729 -114.964554
v -204.089910 98.677698 -113.736686
v -210.538741 100.984168 -116.202510
v -219.798732 100.099731 -112.892847
v -218.741337 102.257492 -113.505419
v -220.955668 99.282910 -111.146492
v -219.341522 96.822444 -110.460589
v -222.659463 98.240738 -107.734709
v -219.079977 104.856576 -99.792869
v -220.595765 101.674481 -99.997085
v -218.168700 99.379503 -99.697261
v -216.807964 101.473335 -98.546481
v -203.449915 100.390182 -97.996962
v -200.930880 99.759899 -98.356867
v -201.237023 102.102080 -98.417663
v -196.084305 100.425376 -102.339793
v -196.298000 103.107070 -102.328675
v -197.045416 97.733560 -102.725788
v -197.731570 96.560515 -104.923562
v -202.576102 94.487064 -108.418331
v -206.242463 94.142265 -110.564321
v -212.330570 94.051841 -109.553474
v -210.931978 95.448879 -112.852699
v -221.325215 96.647147 -106.566139
v -220.761640 95.968616 -108.379015
v -221.166320 97.382105 -102.864336
v -217.776759 97.498119 -101.189656
v -215.180488 98.593336 -99.619860
v -201.875739 94.070195 -105.286781
v -202.253168 94.703701 -103.552476
v -206.857785 93.906079 -104.883949
v -211.094613 98.734810 -99.225326
v -208.325572 97.791487 -100.362773
v -204.648587 98.772174 -99.260483
# 4199 vertices

vn 0.456207 0.256085 -0.852230
vn 0.537809 -0.754530 -0.376093
vn -0.098530 0.935418 -0.339538
vn -0.182386 0.108177 -0.977258
vn -0.419975 -0.771571 0.477807
vn -0.362461 -0.927256 -0.093907
vn -0.211039 0.230390 -0.949939
vn 0.290820 0.879728 -0.376168
vn 0.290820 0.879728 -0.376168
vn -0.799713 0.593034 -0.093641
vn -0.339087 0.882409 0.326151
vn 0.564895 -0.014575 -0.825034
vn 0.081700 0.979432 0.184492
vn 0.446116 0.613572 -0.651544
vn 0.725845 0.687712 0.014168
vn -0.325248 -0.595617 -0.734475
vn -0.910124 0.392690 -0.132170
vn 0.266674 -0.082108 -0.960283
vn 0.292472 0.452254 0.842572
vn -0.329997 0.049264 0.942696
vn -0.329997 0.049263 0.942696
vn -0.420430 -0.726296 0.543813
vn 0.850141 0.478275 0.220256
vn -0.363099 0.920538 -0.144113
vn -0.245866 -0.879317 -0.407862
vn -0.905298 0.382559 0.184620
vn 0.903050 -0.325062 0.280778
vn 0.521554 0.286029 0.803846
vn -0.128951 -0.169755 -0.977013
vn 0.227617 0.827040 0.513999
vn 0.885215 0.087640 -0.456851
vn 0.427234 0.191758 0.883572
vn -0.142454 0.328056 0.933856
vn 0.894419 0.166943 -0.414902
vn -0.926716 0.272468 0.258763
vn -0.281984 -0.717635 -0.636777
vn 0.648473 0.210236 0.731631
vn -0.861445 -0.494293 0.116565
vn 0.752770 0.562907 0.341282
vn -0.813723 -0.451687 -0.365832
vn 0.906707 -0.192838 0.375095
vn 0.277057 0.951886 0.130969
vn 0.271299 0.707754 -0.652288
vn 0.001333 0.543821 -0.839200
vn 0.212261 0.744812 0.632614
vn -0.921157 -0.002954 -0.389180
vn 0.816875 0.183678 0.546788
vn 0.261316 -0.439638 0.859321
vn -0.526584 0.707205 0.471774
vn 0.890115 -0.438085 0.125605
vn -0.862267 0.050257 -0.503955
vn 0.090620 0.903798 -0.418254
vn -0.708363 0.473628 0.523352
vn 0.221514 0.973148 0.062563
vn -0.149553 0.987851 -0.042239
vn 0.001916 0.999998 -0.001146
vn -0.391372 0.878592 0.273687
vn -0.391372 0.878592 0.273687
vn -0.957248 0.102850 -0.270368
vn -0.760341 0.640696 0.106723
vn -0.245834 0.944427 0.218226
vn 0.771715 -0.170771 0.612611
vn 0.691103 0.348709 0.633070
vn -0.138913 -0.793696 -0.592242
vn -0.779806 -0.610365 -0.139132
vn 0.168727 0.339618 0.925306
vn 0.721874 -0.684710 -0.100354
vn -0.995743 0.014358 0.091044
vn 0.807712 0.508676 -0.298076
vn 0.860447 0.422394 -0.284981
vn -0.180818 0.711372 -0.679158
vn -0.479561 0.350648 -0.804405
vn -0.538129 0.121297 0.834089
vn -0.605077 -0.568200 -0.557701
vn -0.542054 -0.580448 0.607666
vn -0.064856 0.991787 0.110233
vn -0.064857 0.991787 0.110235
vn -0.073831 0.993093 -0.091192
vn 0.526265 -0.520724 -0.672229
vn -0.177980 -0.623426 0.761356
vn 0.111655 0.993671 -0.012313
vn 0.842568 0.521143 -0.135978
vn 0.725310 -0.498666 0.474614
vn -0.389682 0.695217 0.604005
vn -0.789264 0.039574 -0.612778
vn -0.207721 0.564773 -0.798676
vn -0.233966 0.353494 0.905705
vn 0.534584 0.593444 0.601701
vn -0.081682 0.523765 -0.847938
vn -0.026525 0.048051 -0.998493
vn -0.026525 0.048051 -0.998493
vn -0.083353 0.991735 -0.097540
vn -0.090968 0.910991 0.402270
vn 0.302113 0.489111 0.818228
vn -0.903226 0.426474 -0.047989
vn -0.597614 0.775387 -0.204042
vn 0.419821 0.537427 0.731384
vn -0.527305 0.318700 -0.787642
vn 0.444767 0.824620 -0.349549
vn -0.668472 0.110656 -0.735459
vn 0.761931 0.003200 0.647651
vn -0.961858 -0.159585 -0.222176
vn 0.721227 0.241105 0.649384
vn 0.112865 0.000030 -0.993610
vn 0.112865 0.000030 -0.993610
vn 0.947366 -0.315294 0.055556
vn -0.738456 0.184515 0.648566
vn 0.008306 0.987915 0.154777
vn 0.409324 -0.532771 0.740681
vn -0.518577 0.508294 0.687543
vn 0.868120 -0.000383 0.496353
vn 0.868120 -0.000384 0.496354
vn 0.952798 -0.091197 0.289584
vn -0.811948 0.458592 -0.361157
vn -0.481073 -0.104002 -0.870490
vn -0.225116 0.040354 -0.973496
vn -0.225116 0.040354 -0.973496
vn 0.787635 0.261562 -0.557868
vn -0.979025 -0.065936 0.192778
vn -0.129339 0.890448 -0.436319
vn 0.221554 -0.867381 0.445605
vn -0.083327 0.392342 -0.916037
vn -0.600367 0.115582 -0.791329
vn -0.694315 0.177127 -0.697533
vn 0.605389 0.451326 0.655599
vn -0.342104 -0.939045 0.034039
vn -0.310826 -0.062757 -0.948393
vn -0.683503 -0.483984 0.546428
vn 0.675046 0.474225 -0.565176
vn -0.837781 0.521673 -0.161185
vn -0.294731 -0.908547 -0.296100
vn 0.870361 0.138897 0.472419
vn 0.075740 -0.720064 0.689762
vn 0.006040 0.509406 -0.860505
vn -0.568888 0.340016 0.748836
vn 0.540032 -0.087945 -0.837037
vn -0.981884 0.069846 -0.176141
vn 0.875383 -0.446012 -0.186489
vn -0.473198 -0.494966 0.728761
vn 0.287112 0.316009 0.904270
vn -0.620078 -0.421655 0.661597
vn -0.658810 -0.704286 -0.264481
vn -0.466994 0.865708 -0.180183
vn -0.338723 -0.092897 -0.936289
vn 0.073493 0.021649 0.997061
vn 0.195705 0.379637 -0.904199
vn -0.849055 0.498274 -0.175582
vn 0.649508 0.609787 -0.454202
vn 0.641007 0.724902 -0.252244
vn 0.477536 0.693340 -0.539665
vn 0.394412 -0.261536 -0.880930
vn 0.429402 -0.023326 -0.902812
vn 0.410303 0.722515 -0.556438
vn 0.411990 -0.282744 -0.866210
vn -0.326736 0.544885 -0.772233
vn -0.231465 -0.059941 0.970995
vn -0.091461 0.911246 0.401579
vn 0.351863 -0.022910 -0.935771
vn -0.868754 -0.477242 -0.132313
vn 0.823714 -0.465086 0.324331
vn 0.371409 0.542851 0.753239
vn 0.715724 0.443676 -0.539343
vn -0.368443 0.063945 -0.927448
vn -0.368447 0.063949 -0.927447
vn 0.444776 0.051943 0.894135
vn -0.377937 0.020507 -0.925604
vn 0.386408 0.885911 -0.256614
vn 0.386408 0.885910 -0.256616
vn 0.386409 0.885910 -0.256615
vn 0.712739 -0.192756 -0.674424
vn 0.712740 -0.192759 -0.674423
vn -0.855877 -0.000630 0.517179
vn -0.855877 -0.000629 0.517180
vn -0.213957 0.012480 -0.976763
vn -0.213957 0.012480 -0.976763
vn -0.725503 0.082309 0.683280
vn 0.544211 0.082301 -0.834902
vn 0.544209 0.082309 -0.834902
vn -0.531641 0.096372 -0.841469
vn 0.658891 0.647705 -0.382544
vn 0.467176 0.096371 0.878897
vn -0.094666 0.019748 0.995313
vn 0.037984 -0.713384 0.699743
vn -0.986133 0.106162 0.127561
vn 0.561558 -0.559005 -0.610054
vn -0.473872 0.714441 0.514800
vn -0.698000 0.105351 -0.708305
vn 0.374050 -0.909827 -0.179728
vn 0.374050 -0.909827 -0.179727
vn 0.374050 -0.909827 -0.179727
vn -0.413482 0.016944 -0.910354
vn -0.413482 0.016944 -0.910355
vn -0.413482 0.016944 -0.910354
vn -0.619604 -0.728225 -0.292879
vn 0.390943 0.059465 -0.918492
vn -0.461603 0.059467 0.885091
vn -0.102194 0.875548 0.472199
vn -0.102197 0.875548 0.472198
vn -0.102198 0.875549 0.472197
vn -0.102199 0.875549 0.472197
vn 0.906338 0.418964 -0.054960
vn 0.906340 0.418959 -0.054967
vn -0.969695 0.001521 0.244313
vn -0.969695 0.001522 0.244313
vn 0.027602 0.993949 0.106319
vn 0.027602 0.993949 0.106320
vn -0.020626 0.035486 0.999157
vn -0.020626 0.035483 0.999157
vn -0.811152 0.581766 -0.059840
vn -0.226890 -0.688824 -0.688508
vn -0.087385 0.968780 0.232012
vn -0.087385 0.968780 0.232012
vn 0.400789 -0.810651 -0.426865
vn 0.762991 0.060753 0.643548
vn 0.021166 -0.996875 -0.076113
vn 0.989119 -0.002831 0.147091
vn -0.496654 0.027458 0.867514
vn -0.496654 0.027459 0.867514
vn -0.987028 0.146809 -0.064978
vn -0.724874 0.062736 0.686019
vn -0.418639 0.772972 -0.476714
vn 0.144898 0.003323 -0.989441
vn 0.144897 0.003323 -0.989441
vn 0.051616 -0.855211 0.515704
vn 0.051617 -0.855211 0.515704
vn -0.283273 0.022414 0.958777
vn -0.283272 0.022415 0.958778
vn -0.283272 0.022414 0.958778
vn 0.673959 0.713821 0.190365
vn 0.673965 0.713818 0.190356
vn 0.673962 0.713819 0.190362
vn -0.283274 0.022413 0.958777
vn -0.283271 0.022415 0.958778
vn 0.673958 0.713824 0.190358
vn 0.673959 0.713825 0.190350
vn 0.965010 0.026869 -0.260832
vn 0.084934 0.928255 0.362116
vn 0.787081 0.069046 0.612974
vn 0.654572 0.012311 0.755899
vn 0.654572 0.012314 0.755899
vn 0.654572 0.012314 0.755899
vn -0.369110 -0.869713 0.327653
vn -0.369110 -0.869713 0.327654
vn -0.369110 -0.869713 0.327654
vn 0.351402 0.882722 -0.311959
vn 0.351417 0.882721 -0.311944
vn 0.351415 0.882721 -0.311948
vn 0.654563 0.012292 0.755908
vn 0.654569 0.012303 0.755902
vn -0.369111 -0.869714 0.327651
vn -0.369113 -0.869715 0.327646
vn 0.351389 0.882723 -0.311971
vn 0.351396 0.882722 -0.311966
vn -0.369119 -0.869714 0.327641
vn -0.369117 -0.869715 0.327641
vn -0.672958 0.012291 -0.739578
vn -0.672959 0.012296 -0.739578
vn -0.672960 0.012295 -0.739576
vn -0.659602 -0.356124 0.661892
vn -0.329262 0.914847 -0.233755
vn -0.329258 0.914848 -0.233758
vn -0.561046 0.018457 0.827579
vn -0.561043 0.018461 0.827581
vn -0.561043 0.018455 0.827581
vn -0.416672 -0.869602 0.264909
vn -0.945800 0.015024 0.324403
vn -0.945800 0.015039 0.324402
vn -0.089287 0.727291 -0.680497
vn -0.089287 0.727291 -0.680497
vn 0.069162 -0.691048 0.719492
vn 0.069168 -0.691044 0.719496
vn 0.800745 0.000216 0.599006
vn 0.800745 0.000216 0.599006
vn -0.876296 0.217430 -0.429919
vn -0.876296 0.217432 -0.429918
vn 0.370287 -0.903075 0.217584
vn -0.430662 0.058981 0.900584
vn 0.577149 0.058981 -0.814506
vn 0.021615 -0.941889 0.335227
vn -0.990928 0.035204 0.129700
vn -0.014723 0.973473 -0.228327
vn -0.911505 0.048817 0.408381
vn -0.911506 0.048817 0.408380
vn -0.344721 0.016699 -0.938557
vn -0.344720 0.016699 -0.938557
vn -0.077785 0.983465 0.163542
vn -0.765082 0.029309 -0.643266
vn -0.765082 0.029309 -0.643266
vn -0.983312 0.063702 0.170410
vn -0.834551 0.005687 -0.550902
vn -0.834551 0.005684 -0.550902
vn -0.834551 0.005682 -0.550902
vn -0.149922 0.960988 0.232436
vn -0.149945 0.960990 0.232411
vn -0.149937 0.960988 0.232425
vn -0.834552 0.005696 -0.550899
vn -0.834552 0.005690 -0.550900
vn -0.149912 0.960989 0.232437
vn -0.149908 0.960991 0.232429
vn 0.361625 0.054872 0.930708
vn 0.191037 0.957934 -0.214166
vn 0.191040 0.957934 -0.214163
vn 0.191037 0.957934 -0.214166
vn -0.213338 -0.947254 0.239157
vn -0.213337 -0.947255 0.239157
vn -0.213337 -0.947255 0.239157
vn -0.213336 -0.947255 0.239157
vn 0.191041 0.957935 -0.214161
vn -0.114182 -0.505499 0.855238
vn -0.114184 -0.505498 0.855239
vn -0.145731 -0.431914 0.890064
vn -0.145738 -0.431919 0.890060
vn 0.803450 0.528559 0.274034
vn 0.803448 0.528552 0.274052
vn -0.051684 0.990964 -0.123770
vn -0.051688 0.990964 -0.123771
vn 0.980973 0.165488 -0.101517
vn 0.980975 0.165476 -0.101514
vn 0.980975 0.165477 -0.101514
vn -0.125303 0.905971 -0.404372
vn -0.125301 0.905971 -0.404372
vn -0.125299 0.905971 -0.404372
vn 0.980974 0.165484 -0.101518
vn -0.125296 0.905971 -0.404373
vn -0.125296 0.905972 -0.404372
vn -0.125296 0.905971 -0.404373
vn 0.980976 0.165473 -0.101512
vn -0.966141 -0.255648 0.034859
vn -0.966142 -0.255646 0.034856
vn -0.113422 0.572067 -0.812327
vn -0.113425 0.572064 -0.812328
vn 0.004993 -0.925640 -0.378372
vn 0.005024 -0.925644 -0.378363
vn 0.005008 -0.925644 -0.378362
vn -0.004589 0.937761 0.347252
vn -0.004575 0.937761 0.347250
vn -0.004571 0.937763 0.347247
vn 0.004992 -0.925645 -0.378361
vn -0.103106 0.688637 0.717738
vn -0.103100 0.688633 0.717742
vn 0.129498 -0.643149 -0.754711
vn 0.129500 -0.643150 -0.754710
vn 0.165261 0.932722 -0.320498
vn 0.165260 0.932720 -0.320502
vn -0.368925 0.059400 -0.927559
vn 0.510178 0.841689 -0.176855
vn 0.284315 0.059391 0.956890
vn -0.824704 0.007694 -0.565512
vn 0.733530 0.007703 0.679614
vn 0.340731 0.113717 0.933258
vn 0.340731 0.113717 0.933258
vn -0.915475 0.014427 -0.402116
vn -0.915475 0.014425 -0.402116
vn -0.915473 0.014420 -0.402122
vn -0.915475 0.014428 -0.402115
vn -0.915470 0.014412 -0.402127
vn -0.173313 0.894809 0.411436
vn -0.173317 0.894808 0.411436
vn -0.173315 0.894808 0.411436
vn -0.593513 0.582788 0.555068
vn 0.014109 -0.899588 -0.436511
vn 0.014115 -0.899590 -0.436508
vn 0.999469 0.031735 -0.007461
vn 0.999469 0.031734 -0.007459
vn -0.011767 0.930727 0.365524
vn -0.011763 0.930727 0.365525
vn 0.902967 0.018789 0.429300
vn 0.902966 0.018787 0.429302
vn 0.902966 0.018788 0.429300
vn -0.915069 0.018789 -0.402859
vn -0.915069 0.018790 -0.402860
vn -0.915069 0.018791 -0.402860
vn 0.234256 0.826566 -0.511774
vn 0.234253 0.826568 -0.511773
vn 0.234254 0.826567 -0.511773
vn -0.915070 0.018789 -0.402858
vn -0.915070 0.018787 -0.402856
vn -0.993796 0.000517 0.111215
vn -0.993796 0.000518 0.111215
vn -0.152551 0.697984 -0.699676
vn 0.953628 -0.118014 -0.276886
vn 0.417914 0.784708 -0.457800
vn 0.708924 0.066510 0.702142
vn 0.886326 0.035615 -0.461690
vn 0.886317 0.035637 -0.461706
vn 0.886320 0.035638 -0.461700
vn -0.862519 0.035625 0.504769
vn -0.862520 0.035626 0.504768
vn -0.862520 0.035630 0.504767
vn 0.314214 -0.760233 0.568608
vn 0.314185 -0.760232 0.568626
vn 0.314182 -0.760223 0.568640
vn -0.287541 0.804110 -0.520315
vn -0.287545 0.804105 -0.520320
vn -0.287543 0.804107 -0.520319
vn 0.886330 0.035576 -0.461686
vn 0.886327 0.035597 -0.461689
vn -0.287544 0.804110 -0.520313
vn -0.287542 0.804110 -0.520314
vn -0.768827 0.032643 -0.638623
vn -0.768823 0.032647 -0.638628
vn 0.744138 0.032676 0.667226
vn 0.744143 0.032683 0.667220
vn 0.434690 0.746581 -0.503648
vn 0.434690 0.746582 -0.503647
vn -0.961489 0.029111 -0.273299
vn -0.961484 0.029100 -0.273316
vn 0.965920 0.029135 0.257195
vn 0.965927 0.029123 0.257170
vn -0.102687 -0.737844 -0.667114
vn -0.102563 -0.737818 -0.667163
vn -0.102634 -0.737826 -0.667143
vn -0.102620 -0.737824 -0.667147
vn 0.096938 0.770796 0.629664
vn 0.096957 0.770795 0.629663
vn 0.096938 0.770797 0.629663
vn -0.990376 0.025735 0.135989
vn -0.990377 0.025733 0.135984
vn -0.990376 0.025735 0.135988
vn -0.102669 -0.737830 -0.667133
vn -0.990376 0.025734 0.135987
vn -0.990377 0.025732 0.135986
vn 0.800288 0.024422 -0.599119
vn 0.800295 0.024414 -0.599109
vn 0.800290 0.024419 -0.599116
vn 0.511657 -0.536998 0.670701
vn 0.511657 -0.536998 0.670702
vn 0.800283 0.024429 -0.599125
vn 0.800284 0.024426 -0.599123
vn 0.511656 -0.536999 0.670701
vn 0.933509 0.039488 -0.356372
vn 0.132229 0.908847 0.395617
vn 0.132211 0.908846 0.395625
vn -0.960240 0.039464 0.276374
vn -0.960239 0.039465 0.276374
vn 0.570614 0.022915 -0.820898
vn 0.570614 0.022915 -0.820899
vn -0.194181 0.004469 0.980956
vn -0.194182 0.004466 0.980955
vn -0.194180 0.004467 0.980956
vn -0.194181 0.004474 0.980956
vn 0.217434 -0.975010 0.045579
vn 0.217433 -0.975011 0.045580
vn 0.217433 -0.975011 0.045579
vn -0.194180 0.004466 0.980956
vn 0.639371 -0.761428 0.106920
vn 0.315154 -0.894668 0.316618
vn 0.315154 -0.894668 0.316617
vn 0.315154 -0.894668 0.316618
vn -0.300484 0.904752 -0.301883
vn -0.300489 0.904751 -0.301882
vn -0.300493 0.904750 -0.301879
vn 0.315155 -0.894669 0.316616
vn -0.300499 0.904749 -0.301876
vn -0.300488 0.904750 -0.301884
vn 0.315155 -0.894669 0.316615
vn 0.202552 0.060663 0.977391
vn -0.879916 0.443906 0.169400
vn -0.174808 0.060661 -0.982732
vn -0.520362 -0.811514 0.265835
vn -0.490059 0.047642 -0.870386
vn -0.695018 0.016107 0.718812
vn -0.695018 0.016108 0.718812
vn -0.695018 0.016107 0.718812
vn -0.695019 0.016106 0.718811
vn 0.240136 0.945170 0.221334
vn 0.240135 0.945170 0.221334
vn 0.240136 0.945170 0.221335
vn -0.541054 -0.504850 -0.672597
vn -0.541051 -0.504849 -0.672600
vn 0.526399 0.542880 0.654359
vn 0.526400 0.542880 0.654358
vn 0.526401 0.542879 0.654358
vn -0.508354 0.308702 -0.803915
vn -0.700930 0.471204 0.535410
vn 0.069235 0.997577 -0.006889
vn 0.069235 0.997577 -0.006889
vn 0.370877 0.016178 0.928541
vn -0.362692 -0.919049 0.154283
vn -0.362688 -0.919049 0.154291
vn -0.362694 -0.919047 0.154293
vn -0.362685 -0.919049 0.154300
vn 0.649332 0.682626 -0.335245
vn 0.649324 0.682627 -0.335259
vn 0.545090 -0.215031 0.810332
vn -0.619099 -0.312913 0.720279
vn 0.744973 0.075174 0.662845
vn 0.222862 0.972619 0.065922
vn 0.222858 0.972619 0.065923
vn 0.222860 0.972619 0.065922
vn -0.307368 0.011809 0.951517
vn -0.307368 0.011810 0.951518
vn -0.307367 0.011811 0.951518
vn 0.222864 0.972618 0.065924
vn 0.222863 0.972618 0.065922
vn -0.307367 0.011813 0.951518
vn -0.307367 0.011813 0.951518
vn -0.260994 -0.962249 -0.077199
vn -0.260990 -0.962250 -0.077199
vn 0.492590 0.736758 0.463187
vn 0.492584 0.736757 0.463196
vn 0.074014 0.997197 -0.010977
vn 0.074014 0.997197 -0.010978
vn -0.198520 0.011049 -0.980035
vn -0.198520 0.011044 -0.980035
vn 0.294796 0.017092 -0.955407
vn 0.294797 0.017089 -0.955407
vn 0.294796 0.017090 -0.955408
vn 0.372737 -0.921936 0.105364
vn 0.372737 -0.921936 0.105365
vn 0.372735 -0.921937 0.105365
vn -0.670461 0.085775 0.736970
vn 0.710070 0.085770 -0.698887
vn 0.413287 -0.907578 0.074132
vn 0.413291 -0.907576 0.074138
vn 0.413291 -0.907577 0.074133
vn -0.410597 0.908840 -0.073625
vn -0.410595 0.908840 -0.073629
vn -0.410594 0.908841 -0.073623
vn -0.175123 0.001299 0.984546
vn -0.175132 0.001314 0.984544
vn -0.198722 0.067586 -0.977723
vn 0.789354 0.061241 0.610877
vn 0.589499 0.772318 0.236678
vn 0.589505 0.772315 0.236673
vn 0.589513 0.772314 0.236657
vn 0.589517 0.772313 0.236649
vn 0.355875 0.028261 -0.934106
vn 0.355904 0.028316 -0.934094
vn 0.355884 0.028279 -0.934102
vn -0.353696 0.038614 0.934563
vn -0.353695 0.038614 0.934564
vn -0.881531 0.327440 -0.340126
vn -0.881523 0.327442 -0.340146
vn 0.365719 0.038613 -0.929924
vn -0.324633 -0.890216 0.319576
vn -0.324636 -0.890215 0.319576
vn -0.721539 0.025077 -0.691919
vn 0.287077 0.915313 -0.282469
vn 0.287058 0.915314 -0.282486
vn -0.252495 0.024673 -0.967284
vn -0.252408 0.024524 -0.967310
vn -0.648712 0.739622 0.179255
vn -0.648716 0.739618 0.179255
vn -0.648715 0.739620 0.179251
vn -0.252454 0.024656 -0.967295
vn -0.252431 0.024656 -0.967301
vn -0.252475 0.024662 -0.967289
vn -0.648726 0.739622 0.179206
vn -0.648719 0.739620 0.179238
vn -0.648722 0.739622 0.179220
vn -0.252480 0.024657 -0.967288
vn -0.252495 0.024667 -0.967284
vn 0.837954 0.489521 -0.241254
vn -0.467579 0.851060 -0.238886
vn -0.467584 0.851061 -0.238874
vn 0.491973 0.054048 -0.868931
vn 0.491938 0.054131 -0.868946
vn 0.961303 0.130605 0.242568
vn 0.221419 -0.856885 -0.465534
vn 0.431983 0.063940 0.899613
vn 0.431982 0.063942 0.899613
vn -0.360973 0.063930 -0.930382
vn 0.690468 -0.657080 -0.302489
vn 0.690471 -0.657078 -0.302488
vn -0.608729 0.747195 0.266736
vn 0.437523 0.062571 0.897028
vn 0.715926 -0.623308 -0.314543
vn 0.791298 -0.000259 0.611431
vn 0.791298 -0.000261 0.611431
vn 0.281857 0.881892 -0.377921
vn -0.849542 -0.061424 -0.523932
vn -0.290497 -0.880002 0.375775
vn -0.290504 -0.880001 0.375773
vn 0.791297 -0.000264 0.611431
vn -0.790975 -0.000259 -0.611848
vn -0.790976 -0.000259 -0.611848
vn 0.290820 0.879728 -0.376168
vn -0.790975 -0.000259 -0.611848
vn -0.290511 -0.880000 0.375770
vn -0.341112 0.041918 0.939088
vn 0.269709 0.956165 0.114045
vn 0.138842 0.018357 -0.990144
vn -0.366811 -0.925429 -0.095035
vn -0.366810 -0.925429 -0.095034
vn 0.233147 0.970564 0.060405
vn 0.233146 0.970564 0.060405
vn -0.329998 0.049262 0.942695
vn 0.169266 0.049260 -0.984339
vn 0.169267 0.049262 -0.984338
vn 0.233147 0.970564 0.060405
vn 0.169268 0.049264 -0.984338
vn -0.366812 -0.925428 -0.095036
vn -0.176355 0.535991 -0.825598
vn -0.933232 0.087645 0.348419
vn -0.183026 0.558311 -0.809191
vn -0.674657 0.629053 0.386174
vn 0.769290 -0.517532 -0.374638
vn -0.675629 0.624661 0.391565
vn 0.252496 -0.439772 0.861885
vn 0.759169 -0.516174 -0.396519
vn -0.534432 0.032891 -0.844572
vn -0.366219 0.886807 0.281883
vn 0.602688 0.084669 0.793472
vn 0.443870 -0.837113 -0.319722
vn -0.545147 0.035979 -0.837568
vn -0.545147 0.035976 -0.837568
vn -0.391372 0.878592 0.273686
vn 0.599637 0.035975 0.799463
vn 0.599637 0.035976 0.799463
vn 0.445405 -0.839404 -0.311472
vn 0.445405 -0.839404 -0.311472
vn 0.599637 0.035976 0.799463
vn -0.545146 0.035974 -0.837569
vn 0.445405 -0.839404 -0.311473
vn 0.208417 0.692939 -0.690216
vn 0.174184 0.710447 -0.681854
vn -0.965623 0.231533 -0.118169
vn 0.976958 -0.112132 0.181604
vn -0.973432 0.203289 -0.105376
vn -0.198637 -0.628499 0.752018
vn 0.984592 -0.103489 0.140958
vn -0.003269 0.038968 -0.999235
vn -0.524667 0.847905 0.076032
vn 0.089178 0.143638 0.985604
vn 0.649576 -0.758064 -0.058220
vn -0.026525 0.048051 -0.998493
vn -0.565097 0.824294 0.034715
vn -0.565096 0.824294 0.034716
vn 0.095885 0.048052 0.994232
vn 0.095885 0.048053 0.994232
vn 0.641319 -0.766262 -0.039398
vn 0.641320 -0.766261 -0.039400
vn -0.565098 0.824293 0.034715
vn 0.095885 0.048052 0.994232
vn 0.374555 0.312018 -0.873128
vn 0.374554 0.312017 -0.873129
vn 0.641318 -0.766263 -0.039397
vn 0.556626 0.110656 0.823361
vn -0.574353 -0.682913 0.451386
vn -0.806936 0.539102 -0.241293
vn -0.806937 0.539101 -0.241294
vn -0.360584 -0.247646 0.899250
vn -0.360584 -0.247646 0.899250
vn 0.835352 -0.482807 0.262839
vn 0.835352 -0.482807 0.262840
vn 0.374555 0.312020 -0.873128
vn -0.806938 0.539100 -0.241294
vn -0.360584 -0.247646 0.899250
vn 0.835353 -0.482806 0.262838
vn 0.409607 0.287465 -0.865786
vn -0.863069 0.440249 -0.247574
vn -0.391176 -0.251273 0.885349
vn 0.813865 -0.536957 0.222039
vn 0.118787 -0.042164 -0.992024
vn -0.041544 0.998898 0.021822
vn -0.094156 0.062902 0.993568
vn 0.152190 -0.988348 0.002509
vn 0.112865 0.000030 -0.993610
vn -0.111316 0.993705 -0.012628
vn -0.111317 0.993705 -0.012629
vn -0.112583 0.000029 0.993642
vn -0.112582 0.000030 0.993643
vn 0.111529 -0.993681 0.012653
vn 0.111529 -0.993681 0.012654
vn 0.174078 -0.056692 -0.983099
vn -0.111316 0.993705 -0.012628
vn -0.153935 0.983153 -0.098562
vn -0.112580 0.000030 0.993643
vn 0.111528 -0.993681 0.012654
vn -0.868361 -0.000384 -0.495932
vn -0.868360 -0.000384 -0.495933
vn -0.324390 0.756647 0.567676
vn -0.324391 0.756646 0.567677
vn 0.868120 -0.000385 0.496354
vn 0.324109 -0.757135 -0.567186
vn 0.324109 -0.757136 -0.567185
vn -0.868362 -0.000383 -0.495931
vn 0.324109 -0.757135 -0.567187
vn -0.324390 0.756647 0.567676
vn 0.866836 0.047522 0.496323
vn 0.382739 -0.805625 -0.452195
vn -0.225116 0.040354 -0.973496
vn -0.295725 0.951333 0.086677
vn -0.295725 0.951333 0.086677
vn 0.336020 0.040354 0.940990
vn 0.336020 0.040353 0.940990
vn 0.391280 -0.913098 -0.114684
vn -0.295724 0.951333 0.086677
vn -0.190953 -0.012988 -0.981513
vn 0.336019 0.040355 0.940990
vn -0.210272 0.974352 0.080154
vn 0.216387 -0.142960 0.965784
vn 0.301921 -0.942530 -0.143114
vn -0.809766 -0.082498 0.580924
vn -0.048844 0.304607 -0.951225
vn -0.563063 0.821743 0.087745
vn 0.967165 -0.000575 0.254149
vn 0.966984 0.020276 -0.254031
vn 0.397654 -0.404836 -0.823395
vn 0.466425 -0.027727 0.884126
vn -0.918151 0.121232 0.377229
vn 0.575331 -0.046609 0.816592
vn -0.654887 -0.126479 0.745067
vn -0.255989 0.714189 0.651463
vn -0.353043 -0.464615 -0.812092
vn -0.980585 -0.053473 0.188661
vn -0.636716 -0.101489 -0.764390
vn 0.221464 0.001531 0.975167
vn 0.371293 0.349477 0.860237
vn -0.050102 -0.972938 -0.225569
vn -0.215907 -0.939571 0.265691
vn 0.956209 -0.274491 -0.101583
vn 0.123840 -0.754436 -0.644585
vn -0.097541 -0.015356 -0.995113
vn -0.803432 0.011168 -0.595292
vn -0.997435 -0.047085 -0.053904
vn 0.402566 0.001359 -0.915390
vn 0.729130 -0.030127 0.683712
vn 0.272896 -0.961551 -0.030795
vn 0.121366 -0.019497 0.992416
vn 0.183823 0.844105 0.503683
vn 0.389934 -0.905587 0.166922
vn 0.000320 -0.976353 -0.216181
vn 0.215357 -0.608682 0.763628
vn -0.612440 0.736988 -0.285948
vn 0.868736 -0.029392 -0.494403
vn 0.733484 -0.647084 -0.208046
vn 0.316636 0.037509 0.947805
vn 0.633485 0.088555 0.768671
vn -0.241151 0.837734 0.489947
vn -0.953464 -0.199268 -0.226273
vn 0.679720 -0.699627 -0.220234
vn -0.910607 -0.305771 -0.278026
vn -0.997239 -0.074119 -0.004459
vn -0.875424 0.332332 -0.350982
vn -0.636808 -0.015490 0.770867
vn 0.601227 -0.633147 0.487495
vn -0.322315 0.187203 -0.927937
vn -0.781967 -0.603888 0.154422
vn -0.153733 -0.638336 -0.754250
vn -0.120933 -0.445509 -0.887072
vn 0.877151 -0.375082 0.299868
vn -0.772160 -0.545734 0.325489
vn -0.304075 0.082003 -0.949112
vn -0.018061 0.999824 0.005039
vn 0.915797 -0.372960 -0.149053
vn -0.211424 0.912453 0.350328
vn 0.999171 -0.038263 0.013928
vn -0.898237 -0.220036 0.380467
vn -0.159846 -0.896171 0.413917
vn 0.569063 -0.375685 0.731456
vn 0.758143 -0.645790 0.090409
vn -0.352935 0.832755 -0.426564
vn -0.822224 0.568435 0.028791
vn -0.746566 -0.414059 -0.520763
vn 0.521485 -0.130472 0.843226
vn 0.239034 0.794737 0.557903
vn 0.050971 -0.986507 -0.155583
vn -0.818986 -0.554624 -0.147150
vn 0.393953 -0.878854 0.269106
vn -0.002276 -0.063670 0.997968
vn 0.294756 0.525660 0.797998
vn -0.821594 0.146697 -0.550875
vn 0.827938 0.022970 0.560348
vn -0.533974 -0.489664 0.689276
vn 0.628774 0.498401 0.596858
vn 0.153916 0.115394 -0.981323
vn 0.328043 0.853935 -0.403958
vn 0.214033 -0.929608 -0.300032
vn -0.354689 -0.871328 0.339092
vn -0.317099 0.911726 -0.261158
vn 0.699097 0.046907 -0.713487
vn 0.916126 0.366844 0.161675
vn 0.786111 -0.603468 -0.133627
vn 0.807935 0.474370 0.349591
vn -0.621993 0.011967 0.782931
vn -0.678238 -0.003874 -0.734832
vn -0.123444 -0.539689 0.832765
vn -0.256222 -0.916926 -0.305935
vn 0.381475 -0.025107 -0.924038
vn 0.306741 -0.930157 0.201786
vn 0.708660 0.052152 -0.703620
vn -0.225960 -0.682979 0.694609
vn 0.236254 -0.266047 -0.934560
vn -0.715675 0.636870 -0.286718
vn 0.563474 0.476882 -0.674597
vn 0.749089 0.386611 0.537957
vn 0.283924 -0.090824 0.954536
vn -0.095910 -0.830527 -0.548658
vn 0.857380 -0.369655 0.358127
vn 0.223560 0.437226 -0.871123
vn 0.160940 -0.410753 -0.897430
vn 0.718330 0.635701 -0.282641
vn 0.093946 -0.494613 0.864021
vn -0.389153 -0.810047 0.438616
vn 0.465940 0.514698 0.719713
vn 0.402739 0.806044 0.433699
vn -0.478203 0.201342 -0.854859
vn 0.213639 -0.530551 0.820289
vn 0.965621 -0.252199 0.063029
vn -0.613214 0.774901 0.153289
vn -0.805560 -0.342367 -0.483588
vn -0.716910 -0.485884 0.499957
vn -0.578472 -0.656969 -0.483489
vn -0.805814 -0.590265 -0.047444
vn -0.843002 0.536769 0.035023
vn -0.390849 -0.919641 0.038691
vn -0.322937 -0.073740 0.943543
vn 0.049296 0.998664 -0.015467
vn -0.766744 0.545557 0.338336
vn -0.258219 -0.964007 0.063350
vn -0.260180 0.087458 -0.961591
vn 0.835404 0.063011 -0.546012
vn -0.411065 -0.911606 0.000137
vn 0.224605 0.775991 -0.589398
vn -0.902336 -0.333746 -0.272771
vn 0.102376 -0.891425 -0.441454
vn -0.965908 0.058572 0.252174
vn -0.124282 -0.945876 0.299786
vn -0.142398 -0.809439 0.569676
vn -0.218713 -0.199768 0.955122
vn 0.146617 -0.531477 -0.834287
vn 0.770600 -0.631856 0.083264
vn 0.605923 0.054761 0.793636
vn -0.364201 0.845420 -0.390669
vn 0.836888 0.545677 0.043073
vn 0.117136 -0.933296 -0.339466
vn 0.093225 -0.557536 0.824902
vn -0.192763 -0.981091 -0.017416
vn 0.385866 -0.832825 -0.396876
vn -0.458646 -0.558972 0.690792
vn -0.030446 -0.042159 0.998647
vn 0.987853 -0.064364 0.141438
vn -0.078933 0.958174 -0.275085
vn 0.340633 0.791764 -0.507029
vn -0.838182 0.018759 -0.545068
vn 0.889558 -0.114790 -0.442164
vn -0.962917 0.001950 -0.269791
vn 0.266526 -0.907196 0.325514
vn -0.130312 -0.970508 0.202812
vn -0.424185 0.685724 0.591482
vn -0.749845 -0.652529 -0.109265
vn 0.412930 0.850834 -0.324915
vn -0.054408 0.414609 -0.908371
vn 0.172569 0.646361 0.743262
vn -0.370992 0.281788 -0.884851
vn -0.797666 0.134261 -0.587965
vn 0.393054 -0.914994 0.091071
vn 0.935469 -0.025219 -0.352508
vn -0.774517 0.065039 -0.629201
vn 0.237959 0.012253 -0.971198
vn -0.591839 0.722369 -0.357644
vn -0.358957 -0.225331 -0.905746
vn -0.606050 0.098439 0.789312
vn 0.020633 0.085234 -0.996147
vn -0.076793 0.983966 0.160979
vn 0.784026 -0.305322 -0.540446
vn -0.798393 0.120854 0.589884
vn -0.037229 0.999108 0.019940
vn -0.769052 -0.551142 0.323731
vn -0.197236 -0.290831 -0.936224
vn 0.286554 0.957821 0.021602
vn -0.292265 -0.068575 -0.953876
vn 0.653923 0.644276 -0.396603
vn 0.686499 0.442605 0.576906
vn -0.844290 -0.467559 -0.261847
vn -0.021947 -0.480939 -0.876479
vn 0.729811 -0.108955 -0.674910
vn -0.783019 -0.604569 0.146208
vn -0.316052 0.449442 -0.835531
vn 0.724397 -0.631791 0.275843
vn 0.882611 -0.469748 -0.018282
vn 0.872844 0.034784 -0.486758
vn -0.241684 0.967028 0.080279
vn 0.986998 -0.074475 0.142440
vn 0.941419 -0.095895 -0.323317
vn -0.085604 -0.917500 0.388415
vn -0.542255 -0.109645 -0.833029
vn -0.590530 -0.454562 0.666819
vn 0.845131 -0.241093 0.477104
vn -0.063895 0.997376 -0.034048
vn -0.363430 -0.275582 0.889929
vn 0.793043 0.072753 -0.604806
vn -0.911488 0.016891 0.410980
vn 0.478269 0.877575 0.033462
vn -0.370820 0.724846 0.580595
vn -0.682370 0.722081 0.113887
vn 0.475627 -0.162334 0.864538
vn 0.105252 -0.419832 0.901478
vn 0.801466 -0.263001 -0.537106
vn -0.850086 0.330147 -0.410313
vn 0.324709 0.220748 0.919692
vn -0.573639 0.775527 -0.263622
vn -0.802743 0.063170 -0.592970
vn 0.382197 0.212525 0.899310
vn -0.611656 0.311081 0.727396
vn 0.210321 -0.178360 -0.961225
vn 0.049175 -0.043896 0.997825
vn 0.065027 0.981494 -0.180114
vn 0.768560 0.520464 -0.372065
vn -0.706509 0.553104 -0.441498
vn -0.003167 0.999926 0.011774
vn -0.337712 0.317531 0.886073
vn 0.074479 0.936010 -0.344003
vn -0.326937 0.933163 0.149394
vn -0.884811 0.465636 -0.017083
vn 0.928704 0.043430 0.368270
vn 0.356762 0.038935 -0.933384
vn 0.362384 -0.305320 0.880601
vn -0.306488 0.550431 0.776589
vn -0.931243 0.083189 0.354776
vn 0.493876 -0.065576 -0.867056
vn -0.129612 -0.831221 -0.540622
vn 0.714319 0.672239 0.194532
vn 0.800136 0.575888 0.167735
vn 0.593681 0.656198 -0.465776
vn -0.959309 -0.080623 0.270604
vn -0.206835 0.899914 -0.383893
vn -0.718423 -0.571007 0.397265
vn -0.257767 0.056813 -0.964535
vn 0.579433 -0.217821 -0.785373
vn 0.776471 0.193817 0.599606
vn 0.679863 -0.732690 0.030848
vn -0.190346 -0.739045 0.646205
vn 0.964335 -0.077470 0.253094
vn -0.106697 0.971750 0.210517
vn -0.175013 0.877301 0.446893
vn 0.383574 0.923494 0.005519
vn 0.031225 0.539171 0.841618
vn 0.690466 -0.657081 -0.302491
vn 0.431981 0.063943 0.899613
vn -0.611169 0.744839 0.267746
vn -0.611168 0.744840 0.267746
vn -0.368440 0.063941 -0.927450
vn 0.463102 -0.863130 -0.201354
vn 0.467248 -0.860481 -0.203104
vn -0.403061 0.898535 0.173713
vn 0.442689 0.057353 0.894839
vn -0.414536 0.892185 0.179348
vn -0.379085 0.025630 -0.925007
vn -0.407982 -0.871857 0.270954
vn -0.407982 -0.871857 0.270954
vn -0.407983 -0.871857 0.270954
vn -0.564400 0.013368 -0.825393
vn -0.564401 0.013368 -0.825392
vn 0.386406 0.885911 -0.256617
vn 0.541881 0.013368 0.840349
vn 0.541877 0.013375 0.840351
vn -0.564403 0.013365 -0.825392
vn -0.407982 -0.871857 0.270955
vn -0.407982 -0.871857 0.270954
vn -0.564403 0.013363 -0.825391
vn 0.386408 0.885909 -0.256619
vn 0.541873 0.013383 0.840354
vn -0.457270 -0.843248 0.282554
vn -0.579845 -0.025969 -0.814313
vn 0.321014 0.931344 -0.171899
vn 0.547066 0.115132 0.829134
vn -0.678762 0.337293 0.652315
vn -0.589184 0.512996 -0.624258
vn 0.709251 -0.253019 -0.657986
vn 0.632488 -0.326620 0.702338
vn -0.632574 0.387316 0.670698
vn -0.632573 0.387313 0.670701
vn -0.546647 0.506619 -0.666719
vn -0.546646 0.506619 -0.666720
vn 0.712739 -0.192754 -0.674425
vn 0.629536 -0.324089 0.706152
vn 0.629535 -0.324085 0.706155
vn -0.159603 -0.951015 -0.264761
vn -0.159603 -0.951015 -0.264761
vn -0.632571 0.387311 0.670705
vn -0.546644 0.506620 -0.666720
vn 0.629533 -0.324082 0.706158
vn 0.856974 -0.000647 -0.515360
vn 0.856974 -0.000638 -0.515360
vn 0.199714 0.961487 0.188832
vn -0.862492 0.066442 0.501690
vn -0.159604 -0.951014 -0.264761
vn 0.160515 0.950439 0.266271
vn 0.160515 0.950439 0.266271
vn 0.856974 -0.000628 -0.515360
vn 0.160514 0.950439 0.266271
vn -0.855877 -0.000630 0.517179
vn -0.731292 -0.673319 0.108877
vn -0.202015 0.081674 -0.975971
vn 0.744325 0.648711 -0.158605
vn 0.744324 0.648711 -0.158605
vn 0.202811 0.012480 0.979138
vn 0.202811 0.012480 0.979138
vn 0.202812 0.012480 0.979138
vn -0.759279 -0.630332 0.161790
vn -0.759280 -0.630332 0.161791
vn -0.759280 -0.630331 0.161792
vn 0.202812 0.012480 0.979138
vn -0.213958 0.012480 -0.976763
vn 0.744325 0.648710 -0.158605
vn 0.202813 0.012480 0.979138
vn -0.352553 -0.888124 -0.294858
vn -0.352557 -0.888123 -0.294858
vn 0.544206 0.082317 -0.834903
vn 0.184001 0.942986 0.277344
vn -0.771302 0.054951 0.634092
vn -0.050278 -0.961716 -0.269397
vn 0.195980 0.966813 0.163907
vn -0.352561 -0.888122 -0.294857
vn -0.750870 -0.496142 0.435932
vn -0.208018 -0.978110 -0.005371
vn -0.043161 0.019749 -0.998873
vn 0.102754 0.994703 0.002653
vn 0.973490 -0.036224 -0.225843
vn -0.040273 0.989123 0.141471
vn -0.985567 -0.103909 0.133645
vn -0.062043 -0.941083 -0.332437
vn 0.967868 0.036101 -0.248854
vn 0.041958 0.973497 0.224818
vn -0.992475 0.036100 0.117008
vn -0.348239 -0.523371 -0.777696
vn 0.892237 0.091553 -0.442190
vn 0.385867 0.548459 0.741822
vn 0.385867 0.548459 0.741822
vn -0.892595 -0.100074 0.439612
vn -0.387569 -0.542795 -0.745093
vn 0.886572 0.003517 -0.462578
vn 0.385867 0.548459 0.741822
vn -0.887731 0.003515 0.460349
vn -0.580712 -0.810308 0.078576
vn -0.580712 -0.810308 0.078576
vn -0.158793 0.030833 -0.986830
vn -0.158793 0.030834 -0.986830
vn 0.528850 0.845693 -0.071558
vn 0.528850 0.845693 -0.071559
vn 0.109170 0.030835 0.993545
vn 0.109170 0.030834 0.993545
vn -0.580712 -0.810308 0.078577
vn -0.158794 0.030834 -0.986830
vn 0.528849 0.845694 -0.071558
vn 0.109170 0.030835 0.993545
vn 0.374050 -0.909827 -0.179728
vn -0.029021 0.844584 -0.534636
vn 0.994147 0.106151 0.020070
vn 0.763581 0.105345 0.637061
vn 0.452372 0.016946 0.891669
vn 0.452371 0.016946 0.891669
vn -0.339496 0.926355 0.163125
vn -0.339496 0.926355 0.163125
vn -0.413482 0.016945 -0.910355
vn -0.413482 0.016944 -0.910355
vn 0.452371 0.016947 0.891669
vn 0.374050 -0.909827 -0.179726
vn -0.339496 0.926355 0.163124
vn 0.374049 -0.909827 -0.179727
vn 0.452371 0.016948 0.891669
vn -0.339496 0.926355 0.163124
vn -0.413483 0.016945 -0.910354
vn 0.116869 -0.833503 -0.540013
vn 0.116869 -0.833502 -0.540014
vn 0.538582 0.803190 0.254590
vn 0.983407 0.038310 0.177324
vn 0.983407 0.038307 0.177323
vn 0.983407 0.038305 0.177321
vn 0.116870 -0.833502 -0.540015
vn -0.968718 0.038311 -0.245188
vn -0.968718 0.038305 -0.245191
vn 0.983408 0.038302 0.177319
vn 0.983408 0.038301 0.177317
vn -0.102196 0.875547 0.472200
vn -0.968718 0.038298 -0.245193
vn 0.122358 -0.831528 -0.541839
vn 0.984696 0.035292 0.170668
vn -0.114054 0.882092 0.457063
vn -0.966813 0.071049 -0.245408
vn 0.105652 -0.562889 -0.819752
vn 0.910498 0.408528 -0.064014
vn -0.110460 0.592632 0.797863
vn -0.924766 -0.377693 0.046429
vn 0.093733 -0.563928 -0.820487
vn 0.093709 -0.563938 -0.820483
vn 0.906337 0.418968 -0.054953
vn -0.103001 0.597558 0.795182
vn -0.103000 0.597559 0.795182
vn -0.924013 -0.380511 0.037582
vn -0.924010 -0.380517 0.037571
vn -0.030327 -0.992690 -0.116817
vn -0.030328 -0.992690 -0.116817
vn -0.030328 -0.992690 -0.116817
vn 0.093757 -0.563918 -0.820491
vn -0.924008 -0.380524 0.037560
vn -0.103002 0.597557 0.795183
vn 0.978383 0.059234 -0.198136
vn 0.033239 0.994208 0.102206
vn -0.979271 0.021597 0.201400
vn 0.966076 0.001523 -0.258253
vn 0.966076 0.001524 -0.258254
vn -0.030328 -0.992690 -0.116817
vn 0.027602 0.993949 0.106320
vn -0.030328 -0.992690 -0.116817
vn 0.966076 0.001525 -0.258254
vn 0.968585 -0.084644 -0.233833
vn 0.019409 0.990204 0.138275
vn -0.969695 0.001524 0.244313
vn 0.793084 -0.607948 -0.037644
vn -0.016094 0.194026 0.980864
vn -0.794829 0.606214 -0.027415
vn -0.794829 0.606214 -0.027414
vn 0.048305 0.035239 -0.998211
vn 0.834206 -0.550702 0.028771
vn 0.834206 -0.550701 0.028770
vn 0.834206 -0.550702 0.028772
vn 0.048269 0.035480 -0.998204
vn 0.048268 0.035484 -0.998204
vn -0.020627 0.035488 0.999157
vn -0.794828 0.606215 -0.027415
vn 0.048267 0.035488 -0.998204
vn 0.834813 -0.549954 0.025247
vn -0.004994 0.069484 0.997571
vn -0.791444 0.610015 -0.038698
vn 0.073207 0.112684 -0.990930
vn 0.893003 -0.449087 -0.029451
vn 0.258009 0.767273 0.587132
vn -0.804537 0.591790 -0.050053
vn -0.231769 -0.697374 -0.678198
vn 0.103217 -0.956161 -0.274050
vn 0.103217 -0.956160 -0.274050
vn 0.103217 -0.956161 -0.274049
vn 0.884640 -0.464114 -0.044832
vn 0.260041 0.782952 0.565125
vn 0.966522 -0.018831 0.255891
vn -0.092079 0.954280 0.284378
vn -0.925579 0.014212 -0.378288
vn -0.925579 0.014212 -0.378289
vn 0.945157 0.014215 0.326307
vn 0.945157 0.014214 0.326308
vn 0.103217 -0.956161 -0.274049
vn 0.103217 -0.956161 -0.274048
vn 0.945157 0.014215 0.326306
vn -0.087385 0.968780 0.232011
vn -0.925578 0.014213 -0.378289
vn -0.061183 -0.995696 0.069608
vn -0.327057 0.878464 0.348332
vn -0.690304 0.060739 -0.720965
vn 0.027948 0.994544 -0.100502
vn -0.923055 -0.002842 -0.384659
vn -0.792957 -0.062291 -0.606085
vn -0.111943 0.990085 0.084860
vn 0.779900 -0.031877 0.625091
vn -0.126909 -0.981350 0.144385
vn -0.810121 0.020956 -0.585888
vn 0.016693 0.985698 -0.167695
vn 0.666465 0.058597 0.743230
vn 0.577206 -0.722047 0.381420
vn -0.479022 -0.055672 0.876035
vn -0.730289 0.533384 -0.426825
vn -0.730289 0.533385 -0.426824
vn -0.730290 0.533382 -0.426826
vn 0.451059 0.247487 -0.857494
vn 0.753636 -0.487870 0.440472
vn 0.753636 -0.487872 0.440471
vn 0.512115 0.027461 -0.858478
vn 0.512115 0.027462 -0.858478
vn -0.730289 0.533386 -0.426823
vn 0.753635 -0.487873 0.440470
vn -0.496655 0.027461 0.867514
vn -0.730289 0.533386 -0.426822
vn 0.512114 0.027463 -0.858478
vn 0.330366 -0.942701 0.046618
vn 0.330366 -0.942701 0.046617
vn -0.002523 -0.525367 -0.850872
vn 0.986626 0.146809 -0.070824
vn 0.001982 0.742417 0.669935
vn 0.477525 -0.690134 0.543769
vn 0.773916 0.062728 -0.630173
vn -0.043867 -0.085398 0.995381
vn -0.354733 0.913286 -0.200181
vn 0.056200 0.045239 -0.997394
vn -0.321646 0.945772 -0.045386
vn -0.321647 0.945771 -0.045386
vn -0.134543 0.003324 0.990902
vn -0.134542 0.003323 0.990902
vn 0.330365 -0.942701 0.046617
vn -0.134543 0.003324 0.990902
vn -0.321647 0.945771 -0.045386
vn 0.144899 0.003322 -0.989441
vn 0.091484 -0.842986 0.530099
vn -0.992795 0.019704 0.118193
vn -0.992795 0.019704 0.118193
vn -0.992795 0.019701 0.118192
vn -0.006175 0.849203 -0.528030
vn 0.979714 0.142351 -0.141054
vn -0.047958 0.876419 -0.479155
vn -0.047959 0.876419 -0.479156
vn -0.992795 0.019706 0.118193
vn 0.996526 0.019704 -0.080923
vn 0.996526 0.019705 -0.080923
vn 0.051617 -0.855211 0.515704
vn -0.992795 0.019704 0.118194
vn -0.047959 0.876419 -0.479156
vn 0.996526 0.019705 -0.080922
vn 0.673963 0.713821 0.190352
vn 0.260163 0.022416 -0.965304
vn 0.260163 0.022412 -0.965304
vn 0.260159 0.022412 -0.965306
vn -0.702963 -0.682951 -0.198547
vn 0.260164 0.022417 -0.965304
vn 0.673956 0.713821 0.190376
vn 0.260168 0.022419 -0.965303
vn 0.260162 0.022415 -0.965305
vn 0.673961 0.713823 0.190350
vn -0.283267 0.022418 0.958779
vn -0.369108 -0.869714 0.327654
vn -0.098637 -0.901901 -0.420531
vn -0.980343 0.026875 0.195460
vn -0.557266 -0.370501 0.743091
vn -0.808898 0.069038 -0.583881
vn 0.522474 0.491555 -0.696702
vn -0.672952 0.012314 -0.739583
vn -0.672952 0.012311 -0.739584
vn -0.672952 0.012312 -0.739584
vn 0.351415 0.882721 -0.311947
vn 0.351415 0.882721 -0.311948
vn 0.654572 0.012313 0.755899
vn -0.672952 0.012311 -0.739584
vn -0.672953 0.012306 -0.739583
vn 0.654559 0.012287 0.755911
vn -0.369121 -0.869712 0.327643
vn -0.369121 -0.869710 0.327651
vn 0.654557 0.012287 0.755912
vn -0.672959 0.012307 -0.739577
vn 0.351401 0.882720 -0.311965
vn 0.654562 0.012292 0.755909
vn -0.381453 -0.862317 0.333022
vn -0.675298 0.007497 -0.737507
vn 0.339770 0.893845 -0.292569
vn 0.656715 0.027775 0.753627
vn -0.662230 -0.372417 0.650198
vn -0.735851 0.245482 -0.631080
vn 0.629743 0.487890 -0.604473
vn 0.714218 -0.101789 0.692482
vn 0.311393 -0.908434 0.278896
vn -0.724163 0.255818 -0.640426
vn 0.624696 0.495503 -0.603516
vn 0.716605 -0.100745 0.690165
vn -0.639234 0.118341 0.759852
vn -0.316138 0.918856 -0.236135
vn 0.596291 0.018424 -0.802557
vn 0.596293 0.018426 -0.802556
vn -0.561037 0.018451 0.827585
vn 0.361376 -0.896429 0.256560
vn 0.361377 -0.896428 0.256560
vn 0.361375 -0.896429 0.256561
vn 0.361375 -0.896429 0.256560
vn 0.361376 -0.896429 0.256559
vn -0.561042 0.018443 0.827582
vn -0.329266 0.914846 -0.233752
vn 0.596295 0.018428 -0.802554
vn 0.108073 -0.934047 0.340407
vn 0.108072 -0.934047 0.340406
vn -0.560997 0.028342 -0.827332
vn 0.369413 0.899096 -0.234864
vn 0.511137 0.028335 0.859032
vn 0.959709 0.015015 -0.280595
vn 0.959708 0.015010 -0.280597
vn -0.096294 0.948023 -0.303282
vn -0.096298 0.948023 -0.303280
vn 0.108072 -0.934048 0.340404
vn -0.945800 0.015010 0.324404
vn -0.096303 0.948024 -0.303277
vn 0.959710 0.015020 -0.280592
vn 0.123098 -0.931640 0.341896
vn -0.936769 0.076079 0.341579
vn -0.115810 0.954010 -0.276503
vn 0.965669 0.003437 -0.259754
vn 0.092744 -0.685451 0.722188
vn -0.862479 -0.470442 -0.186589
vn -0.102430 0.718001 -0.688464
vn 0.841583 0.497717 0.209802
vn 0.069157 -0.691053 0.719488
vn -0.862594 -0.477300 -0.167682
vn -0.862593 -0.477301 -0.167681
vn -0.089286 0.727291 -0.680497
vn 0.830183 0.521827 0.196195
vn 0.830178 0.521843 0.196174
vn -0.292628 -0.872474 0.391355
vn -0.292628 -0.872474 0.391354
vn -0.862593 -0.477302 -0.167679
vn 0.830188 0.521811 0.196217
vn -0.800996 0.000218 -0.598669
vn -0.800996 0.000220 -0.598670
vn 0.292983 0.872535 -0.390953
vn 0.744116 0.032849 0.667243
vn -0.292629 -0.872474 0.391354
vn 0.292385 0.872703 -0.391026
vn 0.292384 0.872703 -0.391026
vn -0.800996 0.000215 -0.598669
vn 0.292382 0.872703 -0.391026
vn 0.800744 0.000216 0.599006
vn -0.294498 -0.871948 0.391123
vn -0.803062 0.000459 -0.595895
vn 0.293089 0.873386 -0.388968
vn 0.799895 0.005375 0.600116
vn -0.359050 -0.784519 0.505583
vn -0.877099 0.210217 -0.431864
vn 0.340343 0.815538 -0.468042
vn 0.867745 -0.165574 0.468620
vn -0.356994 -0.783476 0.508646
vn -0.356993 -0.783477 0.508645
vn 0.866893 -0.164898 0.470431
vn 0.866893 -0.164897 0.470431
vn 0.339874 0.815792 -0.467941
vn 0.339878 0.815791 -0.467941
vn -0.356995 -0.783475 0.508647
vn -0.876296 0.217434 -0.429917
vn 0.339871 0.815793 -0.467941
vn 0.866893 -0.164897 0.470432
vn 0.330128 0.000087 0.943936
vn -0.244113 0.959079 -0.143446
vn 0.999379 0.035203 0.001364
vn -0.911337 0.048316 0.408815
vn -0.422074 0.166176 -0.891201
vn 0.905447 0.181350 -0.383768
vn 0.226639 -0.029329 0.973537
vn 0.913605 0.048817 -0.403661
vn 0.913605 0.048817 -0.403661
vn -0.402253 0.144272 -0.904090
vn -0.402253 0.144272 -0.904090
vn 0.261810 -0.029431 0.964670
vn -0.911505 0.048817 0.408381
vn -0.402253 0.144272 -0.904090
vn 0.913605 0.048816 -0.403661
vn 0.233511 0.035140 0.971719
vn 0.927675 -0.149059 -0.342345
vn 0.927675 -0.149058 -0.342347
vn -0.922515 0.181841 0.340441
vn -0.922515 0.181841 0.340441
vn 0.927676 -0.149060 -0.342343
vn 0.284750 0.047155 0.957441
vn -0.922515 0.181841 0.340441
vn -0.344721 0.016699 -0.938557
vn 0.277532 -0.892911 -0.354523
vn 0.277537 -0.892909 -0.354522
vn -0.794784 0.130606 -0.592673
vn 0.853585 -0.022719 0.520458
vn -0.175655 0.946117 0.272044
vn -0.816751 -0.135297 -0.560903
vn -0.238534 0.922096 0.304696
vn -0.238535 0.922096 0.304696
vn 0.808099 0.029306 0.588318
vn 0.808098 0.029307 0.588318
vn 0.277542 -0.892908 -0.354521
vn 0.808098 0.029307 0.588319
vn -0.238536 0.922096 0.304697
vn -0.765082 0.029310 -0.643266
vn 0.159222 -0.955899 -0.246790
vn 0.159223 -0.955899 -0.246792
vn -0.152660 -0.672012 -0.724634
vn 0.968486 0.063694 -0.240785
vn 0.134476 0.757933 0.638321
vn 0.845917 0.005688 0.533285
vn 0.845916 0.005686 0.533286
vn 0.845916 0.005685 0.533285
vn -0.149946 0.960990 0.232412
vn -0.149946 0.960989 0.232412
vn -0.834550 0.005687 -0.550903
vn 0.845916 0.005684 0.533286
vn 0.159223 -0.955898 -0.246793
vn 0.845917 0.005683 0.533285
vn 0.845917 0.005682 0.533284
vn 0.159223 -0.955898 -0.246793
vn 0.845917 0.005681 0.533284
vn 0.845918 0.005680 0.533283
vn -0.149916 0.960994 0.232414
vn -0.834555 0.005689 -0.550895
vn -0.213340 -0.947254 0.239157
vn 0.779272 -0.559386 -0.282529
vn -0.719715 0.643368 0.260936
vn -0.318860 0.054874 -0.946212
vn -0.650468 0.149906 -0.744594
vn 0.193733 0.966269 -0.169681
vn 0.732556 0.011768 0.680605
vn 0.732556 0.011770 0.680605
vn 0.732556 0.011769 0.680605
vn -0.213334 -0.947255 0.239157
vn -0.759525 0.011771 -0.650371
vn -0.759523 0.011775 -0.650373
vn -0.759525 0.011770 -0.650371
vn 0.732556 0.011769 0.680605
vn 0.732556 0.011769 0.680605
vn -0.759526 0.011769 -0.650370
vn -0.759525 0.011773 -0.650371
vn 0.191044 0.957935 -0.214156
vn 0.732556 0.011772 0.680605
vn -0.192027 -0.420244 0.886860
vn -0.991913 0.021667 -0.125059
vn -0.991913 0.021668 -0.125060
vn 0.111291 0.541055 -0.833591
vn 0.111292 0.541057 -0.833589
vn 0.954237 -0.184056 0.235703
vn -0.114187 -0.505496 0.855240
vn 0.989979 0.021668 0.139542
vn 0.989979 0.021668 0.139541
vn -0.991912 0.021669 -0.125061
vn 0.111290 0.541052 -0.833593
vn 0.989979 0.021669 0.139540
vn -0.114764 -0.505489 0.855167
vn -0.991874 0.041035 -0.120421
vn 0.107747 0.541899 -0.833508
vn 0.989075 0.031717 0.143964
vn -0.140501 -0.429552 0.892045
vn -0.853899 -0.451289 -0.259220
vn 0.109935 0.514327 -0.850519
vn 0.807619 0.521937 0.274470
vn -0.803483 -0.572751 0.162393
vn -0.145745 -0.431923 0.890056
vn 0.142026 0.530962 -0.835409
vn 0.060513 -0.987596 0.144885
vn 0.060509 -0.987596 0.144891
vn 0.803446 0.528546 0.274070
vn -0.944055 0.215899 0.249296
vn -0.020669 0.993621 -0.110859
vn 0.928471 0.004041 -0.371383
vn 0.928470 0.004038 -0.371386
vn 0.060505 -0.987595 0.144898
vn -0.916864 0.004039 0.399179
vn -0.916864 0.004040 0.399178
vn -0.916863 0.004038 0.399181
vn -0.051680 0.990964 -0.123770
vn 0.928469 0.004035 -0.371388
vn 0.066641 -0.986760 0.147862
vn -0.914162 0.020528 0.404828
vn -0.054912 0.992216 -0.111769
vn 0.930161 -0.003010 -0.367140
vn 0.134553 -0.892131 0.431275
vn -0.982648 -0.129658 0.132632
vn -0.130863 0.903207 -0.408768
vn 0.983361 0.151235 -0.100643
vn 0.128088 -0.889659 0.438292
vn 0.128089 -0.889661 0.438288
vn -0.981266 -0.133802 0.138616
vn -0.981265 -0.133807 0.138616
vn -0.981265 -0.133807 0.138617
vn -0.125304 0.905971 -0.404371
vn -0.125303 0.905971 -0.404370
vn 0.980978 0.165462 -0.101510
vn -0.981265 -0.133809 0.138615
vn -0.981263 -0.133818 0.138620
vn 0.128091 -0.889663 0.438284
vn -0.981265 -0.133806 0.138616
vn -0.125298 0.905971 -0.404372
vn -0.981267 -0.133797 0.138610
vn -0.125300 0.905972 -0.404369
vn 0.980978 0.165465 -0.101506
vn 0.132145 -0.883994 0.448433
vn -0.983433 -0.119208 0.136559
vn -0.129387 0.913995 -0.384542
vn 0.981586 0.162752 -0.100005
vn 0.110514 -0.514193 0.850524
vn -0.966241 -0.255350 0.034264
vn -0.116513 0.565948 -0.816166
vn 0.945985 0.324190 0.003654
vn 0.103375 -0.507233 0.855587
vn 0.103383 -0.507231 0.855587
vn -0.966141 -0.255649 0.034861
vn -0.113427 0.572062 -0.812330
vn 0.943580 0.331105 -0.005071
vn 0.943579 0.331110 -0.005079
vn 0.005040 -0.925651 -0.378345
vn 0.103367 -0.507235 0.855586
vn 0.943582 0.331101 -0.005064
vn 0.999907 0.012773 -0.004745
vn 0.999907 0.012768 -0.004746
vn 0.999907 0.012767 -0.004747
vn -0.004605 0.937755 0.347266
vn -0.999430 0.012771 -0.031245
vn -0.999430 0.012772 -0.031245
vn -0.999430 0.012774 -0.031242
vn -0.999430 0.012772 -0.031246
vn -0.999430 0.012778 -0.031242
vn 0.999907 0.012764 -0.004748
vn -0.004570 0.937761 0.347251
vn 0.005007 -0.925645 -0.378361
vn 0.999907 0.012764 -0.004750
vn -0.004593 0.937759 0.347256
vn -0.999430 0.012780 -0.031241
vn -0.005282 -0.922232 -0.386600
vn 0.998329 0.056219 -0.013353
vn 0.014233 0.944415 0.328448
vn -0.998969 0.002350 -0.045347
vn 0.111195 -0.642641 -0.758056
vn 0.865859 -0.370723 0.335935
vn -0.094798 0.681453 0.725696
vn -0.836083 0.413642 -0.360369
vn 0.129496 -0.643148 -0.754713
vn 0.868349 -0.375818 0.323621
vn 0.868349 -0.375819 0.323620
vn -0.103095 0.688630 0.717747
vn -0.832564 0.432536 -0.346049
vn -0.832562 0.432511 -0.346087
vn -0.994917 0.096651 0.028250
vn 0.868349 -0.375820 0.323618
vn -0.832566 0.432562 -0.346012
vn -0.171477 0.045021 -0.984159
vn 0.995468 0.048902 -0.081556
vn -0.047356 0.045198 0.997855
vn -0.987842 -0.148477 0.046081
vn -0.987842 -0.148476 0.046081
vn -0.047912 0.014596 -0.998745
vn -0.047912 0.014596 -0.998745
vn 0.983116 0.177145 -0.045858
vn 0.983116 0.177145 -0.045859
vn 0.045271 0.014596 0.998868
vn 0.045271 0.014596 0.998868
vn -0.987842 -0.148475 0.046080
vn -0.047912 0.014595 -0.998745
vn 0.983116 0.177146 -0.045859
vn 0.045270 0.014596 0.998868
vn -0.035333 -0.103393 0.994013
vn -0.994379 0.092688 -0.051183
vn -0.030531 0.143268 -0.989213
vn 0.999233 0.037291 0.011959
vn 0.000000 -0.054302 0.998525
vn 0.000000 -0.054301 0.998525
vn -0.999708 0.024156 0.001042
vn -0.999708 0.024157 0.001042
vn 0.000000 0.102414 -0.994742
vn 0.000000 0.102414 -0.994742
vn 0.999708 0.024157 0.001042
vn 0.999708 0.024156 0.001042
vn 0.000000 -0.054300 0.998525
vn -0.999708 0.024158 0.001043
vn 0.000000 0.102414 -0.994742
vn 0.999708 0.024158 0.001043
vn -0.214992 -0.883122 0.416981
vn -0.215003 -0.883117 0.416986
vn -0.844987 0.118908 -0.521400
vn 0.181160 0.949041 -0.257881
vn 0.858584 0.049867 0.510242
vn 0.858584 0.049866 0.510243
vn -0.215014 -0.883113 0.416991
vn -0.913597 0.049861 -0.403552
vn -0.913598 0.049862 -0.403549
vn -0.913600 0.049863 -0.403546
vn 0.165262 0.932723 -0.320494
vn 0.858584 0.049867 0.510242
vn 0.316725 -0.551023 -0.772049
vn -0.601502 -0.771180 0.208513
vn -0.070044 -0.993685 0.087658
vn 0.002149 0.999994 -0.002689
vn 0.340732 0.113717 0.933258
vn -0.624880 0.770664 0.124911
vn 0.015162 -0.207484 -0.978121
vn 0.184448 -0.879919 -0.437861
vn 0.184449 -0.879919 -0.437861
vn -0.580635 0.796399 0.169150
vn 0.951999 -0.027373 0.304873
vn -0.166252 0.897613 0.408228
vn -0.889166 0.229558 -0.395838
vn -0.173319 0.894808 0.411436
vn -0.173319 0.894807 0.411438
vn 0.927275 0.014380 0.374106
vn 0.927272 0.014384 0.374112
vn 0.927271 0.014384 0.374114
vn -0.173319 0.894808 0.411436
vn 0.927271 0.014383 0.374115
vn 0.184448 -0.879919 -0.437861
vn 0.927271 0.014385 0.374115
vn 0.927269 0.014392 0.374118
vn -0.173314 0.894810 0.411434
vn -0.915465 0.014397 -0.402140
vn 0.999469 0.031733 -0.007457
vn 0.641365 -0.478400 -0.599820
vn 0.697623 0.064013 0.713600
vn -0.665359 0.064015 -0.743774
vn 0.014121 -0.899591 -0.436504
vn -0.011771 0.930727 0.365524
vn -0.957938 0.285269 0.031248
vn -0.247160 -0.804571 0.539979
vn -0.247162 -0.804569 0.539981
vn -0.247162 -0.804570 0.539979
vn -0.895902 0.018488 -0.443868
vn 0.222371 0.840199 -0.494588
vn 0.854784 0.077070 0.513230
vn -0.915070 0.018789 -0.402856
vn -0.247163 -0.804570 0.539979
vn 0.234251 0.826568 -0.511773
vn -0.247162 -0.804571 0.539978
vn -0.247162 -0.804569 0.539981
vn 0.902967 0.018790 0.429299
vn 0.902967 0.018792 0.429300
vn 0.234256 0.826566 -0.511774
vn -0.247163 -0.804568 0.539982
vn -0.915070 0.018781 -0.402858
vn 0.234257 0.826565 -0.511776
vn 0.902966 0.018792 0.429301
vn 0.014773 -0.990798 0.134539
vn 0.014773 -0.990798 0.134541
vn 0.994250 0.000504 -0.107078
vn 0.994252 0.000501 -0.107062
vn -0.014418 0.991223 -0.131409
vn -0.014424 0.991224 -0.131401
vn 0.014773 -0.990798 0.134543
vn -0.993796 0.000515 0.111215
vn -0.014412 0.991222 -0.131418
vn 0.994249 0.000508 -0.107094
vn 0.009491 -0.986590 0.162942
vn -0.993167 -0.021069 0.114788
vn 0.004249 0.996218 -0.086787
vn 0.994477 0.031337 -0.100164
vn 0.167357 -0.621022 0.765718
vn -0.909107 0.223301 0.351656
vn -0.148470 0.684633 -0.713606
vn 0.953377 -0.117255 -0.278070
vn 0.222416 -0.112986 -0.968383
vn 0.187860 -0.601720 0.776300
vn -0.911131 0.247294 0.329676
vn -0.482788 -0.698014 0.528860
vn -0.763672 0.066520 -0.642168
vn 0.950920 0.227409 0.209847
vn -0.228192 0.194544 0.953982
vn -0.979418 0.129544 -0.154786
vn 0.164696 -0.074934 -0.983494
vn 0.164696 -0.074934 -0.983494
vn 0.986129 0.028782 0.163469
vn 0.986128 0.028782 0.163470
vn -0.163713 0.132082 0.977626
vn -0.163713 0.132081 0.977626
vn -0.985585 0.028782 -0.166714
vn -0.985585 0.028781 -0.166714
vn 0.164695 -0.074934 -0.983494
vn 0.986128 0.028781 0.163470
vn -0.163713 0.132081 0.977626
vn -0.985585 0.028781 -0.166714
vn 0.314230 -0.760229 0.568605
vn 0.314229 -0.760228 0.568607
vn -0.862518 0.035630 0.504770
vn -0.862519 0.035626 0.504769
vn -0.299354 0.821777 -0.484839
vn 0.883669 0.013205 -0.467925
vn -0.287544 0.804103 -0.520324
vn -0.862523 0.035636 0.504762
vn -0.862520 0.035634 0.504766
vn 0.314181 -0.760212 0.568655
vn 0.314218 -0.760199 0.568651
vn -0.862525 0.035636 0.504758
vn -0.287549 0.804108 -0.520313
vn 0.886321 0.035584 -0.461702
vn 0.434691 0.746582 -0.503645
vn -0.464658 -0.703055 0.538337
vn -0.768819 0.032652 -0.638632
vn 0.238112 -0.441409 -0.865137
vn 0.238122 -0.441411 -0.865133
vn 0.744148 0.032691 0.667215
vn 0.965935 0.029110 0.257144
vn -0.231080 0.491234 0.839816
vn -0.231078 0.491231 0.839818
vn -0.961479 0.029088 -0.273334
vn -0.154847 -0.763090 -0.627468
vn -0.231082 0.491236 0.839814
vn 0.238132 -0.441413 -0.865129
vn 0.985294 0.025544 -0.168947
vn 0.056717 0.763039 0.643859
vn -0.941999 0.229175 0.245188
vn 0.096938 0.770798 0.629662
vn 0.985436 0.025724 -0.168087
vn 0.985435 0.025717 -0.168097
vn 0.985437 0.025731 -0.168084
vn -0.990377 0.025731 0.135981
vn -0.990378 0.025734 0.135977
vn 0.096876 0.770800 0.629669
vn 0.096876 0.770803 0.629664
vn 0.985437 0.025731 -0.168083
vn 0.985439 0.025745 -0.168071
vn -0.102662 -0.737830 -0.667134
vn 0.096864 0.770804 0.629665
vn 0.985437 0.025739 -0.168083
vn 0.096876 0.770810 0.629656
vn -0.990377 0.025736 0.135984
vn -0.789381 0.024415 0.613418
vn -0.789388 0.024422 0.613409
vn 0.511606 -0.537000 0.670739
vn -0.495733 0.575972 -0.650003
vn -0.495745 0.575972 -0.649994
vn 0.363948 -0.900459 0.238152
vn 0.363948 -0.900458 0.238153
vn -0.495721 0.575972 -0.650012
vn -0.789374 0.024408 0.613427
vn -0.157330 -0.868087 -0.470821
vn 0.132193 0.908845 0.395634
vn -0.960240 0.039463 0.276373
vn -0.625068 0.097909 0.774406
vn -0.249862 0.948072 -0.196796
vn 0.583251 0.121164 -0.803205
vn -0.321809 0.923090 -0.210579
vn -0.321808 0.923090 -0.210579
vn -0.523770 0.022914 0.851552
vn -0.523768 0.022913 0.851553
vn 0.363948 -0.900459 0.238150
vn -0.523771 0.022915 0.851551
vn -0.321808 0.923091 -0.210579
vn 0.570614 0.022914 -0.820899
vn 0.125435 -0.986621 0.104141
vn -0.241704 -0.117982 0.963151
vn -0.200238 0.978848 -0.041976
vn -0.200239 0.978847 -0.041979
vn 0.216141 0.004467 -0.976352
vn 0.217434 -0.975010 0.045582
vn 0.217433 -0.975011 0.045581
vn 0.217435 -0.975010 0.045579
vn 0.217435 -0.975010 0.045580
vn 0.216184 0.004347 -0.976343
vn 0.216168 0.004379 -0.976346
vn 0.216162 0.004405 -0.976348
vn 0.216151 0.004433 -0.976350
vn -0.194178 0.004456 0.980956
vn -0.200240 0.978847 -0.041982
vn 0.216149 0.004455 -0.976350
vn 0.227062 -0.972612 0.049681
vn -0.193543 0.001809 0.981090
vn -0.183674 0.982100 -0.041757
vn 0.216324 0.012850 -0.976237
vn 0.631039 -0.767917 0.109973
vn -0.075248 0.110587 0.991014
vn -0.560930 0.821614 -0.101529
vn 0.159788 -0.022005 -0.986906
vn 0.311759 -0.851503 0.421603
vn -0.082001 0.121786 0.989163
vn -0.557504 0.824191 -0.099489
vn 0.156855 -0.018576 -0.987447
vn -0.700699 0.009971 0.713387
vn -0.700700 0.009971 0.713387
vn -0.700700 0.009970 0.713386
vn -0.300482 0.904753 -0.301883
vn 0.714048 -0.110570 -0.691310
vn 0.315153 -0.894669 0.316618
vn 0.716617 0.009972 -0.697396
vn 0.716617 0.009975 -0.697396
vn 0.716617 0.009971 -0.697396
vn -0.700702 0.009974 0.713384
vn 0.716616 0.009971 -0.697396
vn -0.700699 0.009966 0.713388
vn -0.700698 0.009966 0.713389
vn 0.716616 0.009973 -0.697397
vn -0.700703 0.009978 0.713384
vn -0.300479 0.904751 -0.301891
vn 0.716617 0.009970 -0.697396
vn -0.270124 -0.930078 -0.248973
vn -0.270124 -0.930079 -0.248972
vn 0.925286 -0.334833 -0.178136
vn 0.446454 0.865251 -0.228079
vn 0.418050 0.047640 0.907174
vn 0.659885 0.016100 -0.751194
vn 0.659885 0.016105 -0.751194
vn 0.659886 0.016105 -0.751193
vn 0.238999 0.951516 0.193641
vn -0.657146 -0.240152 0.714483
vn 0.240137 0.945169 0.221335
vn 0.240136 0.945170 0.221334
vn 0.659886 0.016107 -0.751193
vn -0.270124 -0.930079 -0.248972
vn 0.659886 0.016104 -0.751193
vn 0.659886 0.016104 -0.751193
vn 0.240136 0.945170 0.221335
vn -0.695019 0.016106 0.718811
vn -0.624009 -0.457596 -0.633418
vn 0.774040 0.023194 -0.632711
vn 0.774039 0.023197 -0.632713
vn 0.774034 0.023184 -0.632720
vn 0.526398 0.542881 0.654359
vn -0.769825 0.065557 0.634879
vn -0.541058 -0.504851 -0.672593
vn -0.783844 0.023189 0.620524
vn -0.783845 0.023184 0.620524
vn 0.774042 0.023204 -0.632709
vn 0.774037 0.023203 -0.632715
vn 0.526402 0.542879 0.654357
vn -0.783844 0.023195 0.620525
vn -0.554348 -0.486831 -0.675051
vn 0.781170 0.050173 -0.622299
vn 0.524602 0.575668 0.627216
vn -0.790121 0.021208 0.612584
vn -0.528559 0.293038 -0.796714
vn 0.775817 -0.291536 -0.559567
vn 0.573873 -0.125127 0.809328
vn -0.716539 0.467863 0.517374
vn -0.093239 -0.995601 0.009259
vn -0.093227 -0.995602 0.009279
vn 0.570222 -0.115841 0.813282
vn 0.775907 -0.291621 -0.559397
vn -0.110103 0.010695 -0.993863
vn 0.033621 0.999243 -0.019591
vn 0.082943 0.002410 0.996551
vn 0.082942 0.002411 0.996551
vn -0.093214 -0.995603 0.009299
vn -0.115061 0.002409 -0.993355
vn -0.115062 0.002408 -0.993355
vn -0.115063 0.002407 -0.993355
vn 0.069234 0.997577 -0.006889
vn 0.082943 0.002409 0.996551
vn -0.362693 -0.919051 0.154272
vn -0.411515 0.016298 -0.911257
vn -0.411507 0.016299 -0.911261
vn -0.411515 0.016286 -0.911258
vn 0.327276 0.934618 -0.139209
vn 0.327262 0.934624 -0.139204
vn 0.327267 0.934623 -0.139200
vn 0.370943 0.016204 0.928514
vn 0.327262 0.934625 -0.139196
vn 0.327276 0.934621 -0.139194
vn 0.370948 0.016253 0.928511
vn 0.370947 0.016253 0.928512
vn -0.411515 0.016280 -0.911258
vn 0.370946 0.016252 0.928512
vn -0.362673 -0.919053 0.154307
vn -0.411529 0.016261 -0.911251
vn 0.327276 0.934620 -0.139196
vn 0.370945 0.016251 0.928513
vn -0.372369 -0.915536 0.152101
vn -0.416387 0.009642 -0.909136
vn 0.315898 0.940840 -0.122589
vn 0.369855 0.041784 0.928149
vn -0.697115 -0.615778 0.367217
vn -0.580558 0.294741 -0.759000
vn 0.655535 0.677787 -0.332984
vn 0.548624 -0.213065 0.808464
vn -0.928351 -0.202400 -0.311767
vn -0.569135 0.309477 -0.761780
vn -0.569137 0.309476 -0.761779
vn -0.260983 -0.962252 -0.077189
vn -0.260985 -0.962251 -0.077194
vn 0.649315 0.682629 -0.335272
vn -0.569133 0.309479 -0.761781
vn -0.767246 0.075172 -0.636932
vn 0.582528 0.448710 -0.677731
vn 0.220254 -0.029077 -0.975009
vn 0.136569 0.987371 0.080290
vn -0.307368 0.011809 0.951518
vn 0.259696 0.011815 -0.965618
vn 0.259695 0.011813 -0.965619
vn 0.259694 0.011814 -0.965619
vn 0.222864 0.972618 0.065924
vn 0.222867 0.972617 0.065925
vn 0.259694 0.011817 -0.965619
vn -0.307369 0.011813 0.951517
vn -0.829456 -0.111759 0.547278
vn -0.703227 0.048373 0.709318
vn -0.703220 0.048379 0.709325
vn 0.664808 0.048375 -0.745446
vn 0.492577 0.736756 0.463205
vn -0.052812 -0.895408 0.442103
vn -0.703212 0.048385 0.709332
vn -0.198520 0.011039 -0.980035
vn 0.372741 -0.921934 0.105364
vn 0.074014 0.997197 -0.010980
vn 0.094471 0.011042 0.995466
vn -0.262157 0.027878 0.964622
vn -0.224265 0.971252 -0.079838
vn 0.328232 0.022608 -0.944327
vn -0.333025 0.938207 -0.094138
vn -0.333024 0.938207 -0.094138
vn -0.248997 0.017094 0.968353
vn -0.248998 0.017094 0.968353
vn 0.372736 -0.921936 0.105366
vn 0.294796 0.017094 -0.955407
vn -0.248999 0.017094 0.968353
vn -0.333023 0.938208 -0.094138
vn 0.294797 0.017097 -0.955407
vn 0.413288 -0.907577 0.074139
vn 0.650959 -0.429583 0.625869
vn -0.590919 0.572732 -0.568149
vn -0.175061 0.001236 0.984557
vn -0.175071 0.001245 0.984555
vn -0.410597 0.908838 -0.073639
vn 0.178062 0.001290 -0.984019
vn 0.178056 0.001285 -0.984019
vn 0.178061 0.001285 -0.984019
vn 0.413283 -0.907580 0.074130
vn 0.413276 -0.907583 0.074138
vn -0.175052 0.001227 0.984559
vn 0.178054 0.001286 -0.984020
vn -0.175114 0.001284 0.984547
vn -0.410592 0.908841 -0.073636
vn 0.178046 0.001276 -0.984021
vn -0.581590 -0.759184 -0.292220
vn 0.962232 -0.179131 -0.204991
vn 0.217051 0.067585 0.973818
vn -0.930227 0.308878 0.198173
vn -0.424283 -0.686222 0.590833
vn -0.831075 0.061236 -0.552778
vn 0.373874 0.767572 -0.520626
vn -0.611168 0.744840 0.267745
vn 0.455565 0.227394 -0.860669
vn 0.617383 0.754894 0.221302
vn -0.388870 0.028203 0.920861
vn -0.388871 0.028203 0.920860
vn 0.355865 0.028228 -0.934111
vn -0.628073 -0.736170 -0.252148
vn -0.628078 -0.736167 -0.252144
vn -0.628065 -0.736171 -0.252164
vn -0.628088 -0.736167 -0.252117
vn -0.628071 -0.736171 -0.252150
vn 0.355902 0.028316 -0.934094
vn 0.355845 0.028205 -0.934119
vn 0.589540 0.772305 0.236615
vn -0.388872 0.028203 0.920860
vn -0.324630 -0.890217 0.319575
vn 0.902211 -0.254609 0.348122
vn -0.353694 0.038613 0.934564
vn -0.881514 0.327443 -0.340166
vn -0.721560 0.025023 -0.691899
vn 0.287039 0.915314 -0.282504
vn 0.680452 0.024883 0.732371
vn 0.680439 0.024848 0.732383
vn 0.682003 -0.706657 -0.188437
vn 0.682004 -0.706656 -0.188433
vn 0.682004 -0.706657 -0.188431
vn 0.680427 0.024813 0.732395
vn 0.272499 0.023730 0.961863
vn -0.675252 0.707029 0.210108
vn -0.279028 0.069889 -0.957736
vn 0.279881 0.024668 0.959718
vn 0.279889 0.024656 0.959716
vn 0.279870 0.024684 0.959721
vn 0.682005 -0.706657 -0.188428
vn -0.648722 0.739623 0.179215
vn -0.648721 0.739620 0.179230
vn 0.279894 0.024649 0.959715
vn 0.279895 0.024646 0.959714
vn 0.279891 0.024645 0.959715
vn 0.682003 -0.706659 -0.188426
vn 0.279892 0.024654 0.959715
vn -0.648732 0.739621 0.179188
vn -0.648724 0.739624 0.179204
vn 0.279896 0.024665 0.959713
vn -0.648712 0.739631 0.179216
vn -0.252509 0.024676 -0.967280
vn -0.468360 -0.331575 0.818961
vn -0.248122 0.072215 -0.966033
vn 0.547942 -0.788270 0.279983
vn 0.547928 -0.788272 0.280006
vn 0.263524 0.048358 0.963440
vn -0.416013 0.053989 0.907755
vn -0.416018 0.054011 0.907751
vn -0.467574 0.851059 -0.238898
vn 0.491902 0.054214 -0.868961
vn -0.416007 0.053967 0.907759
vn 0.547955 -0.788268 0.279961
vn -0.415584 -0.906640 -0.072761
vn 0.481463 0.169015 -0.860016
vn -0.852968 0.068699 -0.517423
vn 0.493967 0.101293 -0.863560
vn -0.183019 0.069533 -0.980647
vn 0.105633 0.115744 0.987646
vn 0.946918 0.162224 -0.277541
vn -0.956349 0.010313 -0.292045
vn 0.000000 -1.000000 0.000000
vn -0.658680 0.067579 0.749383
vn 0.951376 0.130874 -0.278848
vn 0.846640 0.145930 0.511768
vn 0.400059 0.025817 0.916126
vn 0.439895 -0.001317 0.898048
vn 0.513516 -0.033222 0.857437
vn 0.545496 -0.024730 0.837749
vn 0.540311 -0.049760 0.839993
vn 0.352298 0.327659 0.876656
vn 0.217060 -0.602132 0.768324
vn 0.739773 0.113174 0.663271
vn 0.389088 -0.054060 0.919613
vn 0.262706 0.012279 0.964798
vn -0.997951 -0.014515 -0.062321
vn -0.064855 0.991788 0.110231
vn -0.993157 0.046954 0.106934
vn -0.215167 -0.883031 -0.417084
vn 0.628740 -0.680947 0.375497
vn 0.405446 -0.669068 0.622866
vn 0.550372 -0.754700 0.357096
vn 0.122846 -0.679465 0.723351
vn 0.237389 -0.749122 0.618436
vn -0.191366 -0.969419 0.153642
vn 0.436202 -0.897751 0.061402
vn 0.222658 -0.774351 0.592287
vn 0.065140 -0.804349 0.590576
vn 0.089099 -0.934454 0.344756
vn 0.394254 -0.912831 0.106314
vn 0.104145 -0.678473 0.727206
vn 0.029390 -0.721420 0.691874
vn 0.330819 -0.938096 -0.102639
vn 0.326077 -0.902375 -0.281767
vn 0.193518 -0.961429 -0.195462
vn 0.476328 -0.837716 -0.267102
vn 0.565239 -0.784922 -0.253776
vn 0.515352 -0.805360 -0.292928
vn 0.725421 -0.638947 -0.255953
vn 0.728259 -0.395999 -0.559307
vn -0.248183 -0.790378 0.560096
vn -0.289658 -0.874242 0.389614
vn -0.504104 -0.861481 0.061078
vn -0.496927 -0.855563 -0.145175
vn -0.150422 -0.935699 0.319126
vn -0.594548 -0.797236 0.104534
vn -0.339298 -0.852793 0.397015
vn -0.644575 -0.755217 0.119040
vn -0.471103 -0.873260 -0.124415
vn -0.598690 -0.780529 0.179845
vn -0.674997 -0.723345 0.145431
vn -0.794999 -0.394195 -0.461071
vn -0.334221 -0.799680 -0.498807
vn -0.506093 -0.841533 -0.188925
vn -0.671968 -0.577465 -0.463673
vn -0.557788 -0.474951 -0.680658
vn -0.523240 -0.538961 -0.660107
vn -0.203924 -0.823367 -0.529606
vn -0.287372 -0.734858 -0.614330
vn -0.595016 -0.509690 -0.621428
vn -0.255188 -0.871320 -0.419143
vn 0.171882 -0.478957 -0.860847
vn 0.575102 -0.679663 -0.455320
vn 0.314884 -0.794470 -0.519293
vn 0.096996 -0.819634 -0.564617
vn 0.735491 -0.451521 -0.505155
vn 0.471593 -0.637690 -0.609058
vn 0.655011 -0.475514 -0.587237
vn 0.427098 -0.817148 -0.387114
vn 0.178094 -0.656549 -0.732957
vn 0.600321 -0.567599 -0.563423
vn 0.766006 -0.566048 -0.304670
vn 0.938824 -0.344329 -0.006838
vn 0.927884 -0.026003 -0.371962
vn 0.938509 -0.320036 0.129530
vn 0.796478 -0.580532 0.169132
vn 0.929969 -0.056932 -0.363202
vn 0.935757 0.255204 -0.243370
vn 0.404697 -0.667586 0.624939
vn 0.483732 -0.343449 0.805014
vn 0.515133 -0.361605 0.777097
vn 0.150958 -0.599562 0.785963
vn 0.040240 -0.631551 0.774290
vn 0.155373 -0.222993 0.962358
vn 0.011852 -0.349232 0.936961
vn 0.413800 -0.235704 0.879326
vn 0.251915 -0.247767 0.935495
vn 0.157909 0.348015 0.924094
vn 0.282961 0.024429 0.958820
vn -0.346308 -0.686604 0.639254
vn -0.514989 -0.604883 0.607374
vn -0.944709 -0.325596 0.038885
vn -0.824547 -0.523956 0.213524
vn -0.674840 -0.656713 0.336629
vn -0.800653 0.156895 0.578220
vn -0.812601 0.192459 0.550126
vn -0.826769 -0.343465 -0.445517
vn -0.818194 -0.251036 -0.517242
vn -0.788627 -0.152955 -0.595544
vn -0.740607 0.145561 -0.655983
vn -0.639810 0.284095 -0.714096
vn -0.726794 0.292584 -0.621422
vn 0.190470 -0.329297 -0.924816
vn -0.077166 -0.197598 -0.977241
vn 0.363860 0.311455 -0.877840
vn 0.553853 0.168881 -0.815307
vn 0.192898 0.599093 -0.777095
vn 0.627387 0.591506 0.506464
vn 0.975133 -0.114003 0.190048
vn 0.794108 0.590248 0.144915
vn 0.763923 0.220284 0.606545
vn 0.520770 0.293507 0.801656
vn 0.503548 0.313699 0.805005
vn 0.502243 -0.165238 0.848792
vn 0.672042 0.444621 0.592175
vn 0.001142 0.030728 0.999527
vn 0.174025 0.352165 0.919617
vn -0.050612 -0.319518 0.946228
vn -0.372095 -0.174650 0.911615
vn -0.361403 -0.058015 0.930603
vn -0.537352 -0.575943 0.616071
vn -0.239461 -0.052985 0.969459
vn -0.889278 -0.296469 0.348268
vn -0.762195 0.620294 0.185184
vn -0.980185 -0.031926 -0.195495
vn -0.879082 -0.476666 -0.002328
vn -0.893083 0.446106 -0.058240
vn -0.920299 0.066841 -0.385464
vn -0.876876 -0.078102 -0.474329
vn -0.845727 -0.437346 -0.305736
vn -0.928892 0.082774 -0.360983
vn -0.757153 0.317225 -0.571041
vn -0.514494 0.131667 -0.847325
vn -0.389100 0.485019 -0.783171
vn -0.567655 0.254069 -0.783082
vn -0.381480 0.475973 -0.792415
vn -0.391243 0.476169 -0.787523
vn 0.153880 0.568241 -0.808346
vn -0.444456 0.238518 -0.863463
vn -0.578380 0.435407 -0.689853
vn 0.501346 0.355962 -0.788634
vn 0.359043 0.619443 -0.698125
vn 0.704453 0.407066 -0.581415
vn 0.781126 0.208035 -0.588697
vn 0.868900 0.175499 -0.462831
vn 0.728951 0.250696 -0.637010
vn 0.589479 -0.004249 -0.807773
vn 0.739552 0.672602 -0.025879
vn 0.770651 0.635755 0.043740
vn 0.556053 0.797406 0.234410
vn 0.364833 0.865879 0.342271
vn 0.392165 0.888304 0.239002
vn 0.143323 0.922098 0.359435
vn 0.110321 0.993891 0.003238
vn 0.155128 0.970051 0.186914
vn 0.223009 0.875521 0.428638
vn 0.054798 0.992002 0.113707
vn -0.182837 0.716566 0.673130
vn -0.177757 0.544825 0.819493
vn 0.227535 0.310916 0.922800
vn -0.099881 0.898190 0.428110
vn -0.190311 0.886073 0.422679
vn -0.247648 0.579753 0.776245
vn -0.107768 0.975283 0.192898
vn 0.105211 0.938577 0.328640
vn -0.043608 0.945009 0.324125
vn -0.221548 0.966018 0.133142
vn -0.727341 0.659248 -0.190702
vn -0.663500 0.746380 0.051809
vn -0.123029 0.989087 -0.081056
vn -0.608203 0.793240 -0.029308
vn -0.173412 0.928874 -0.327294
vn -0.572398 0.738454 -0.356435
vn -0.369583 0.908347 0.195738
vn -0.024294 0.928241 -0.371185
vn -0.340432 0.938805 0.052448
vn -0.246980 0.968941 0.012428
vn -0.540908 0.731148 -0.415741
vn -0.124532 0.986743 -0.104070
vn -0.004617 0.996232 -0.086600
vn -0.216038 0.815423 -0.537042
vn -0.532301 0.542256 -0.650088
vn -0.253686 0.778218 -0.574473
vn 0.156683 0.945849 -0.284288
vn -0.216874 0.755699 -0.617969
vn 0.086958 0.881509 -0.464091
vn 0.403276 0.676964 -0.615701
vn 0.593800 0.735294 -0.326717
vn 0.698213 0.479562 -0.531526
vn 0.302680 0.938945 -0.163609
vn 0.614651 0.720544 -0.320969
vn 0.356526 0.820428 -0.446975
vn 0.155137 0.984416 -0.082813
vn 0.314000 0.932280 -0.179603
vn 0.285432 0.940519 -0.184265
vn 0.810832 0.474911 -0.342068
vn 0.515629 0.852098 -0.089754
vn 0.660097 0.462956 -0.591560
vn 0.201831 0.596579 -0.776761
vn -0.159526 0.790666 -0.591100
vn -0.222131 0.663944 -0.714028
vn -0.591365 0.690243 -0.416957
vn -0.412365 0.653967 -0.634257
vn -0.385337 0.748705 -0.539404
vn -0.516838 0.765303 0.383653
vn -0.537504 0.735511 0.412447
vn -0.846316 0.261456 0.464101
vn 0.326913 0.697741 0.637405
vn 0.272691 0.686103 0.674465
vn 0.159298 0.870725 0.465255
vn 0.699784 0.062385 -0.711625
vn 0.700442 -0.137772 -0.700286
vn 0.798982 -0.354850 -0.485498
vn -0.333499 -0.048717 -0.941491
vn -0.515919 -0.187319 -0.835906
vn -0.254803 0.278384 -0.926055
vn -0.821351 -0.233231 -0.520563
vn -0.950132 -0.270078 -0.155904
vn -0.815729 -0.249261 -0.521972
vn -0.137066 -0.551470 0.822857
vn -0.387472 -0.644451 0.659202
vn 0.952978 -0.218234 0.210252
vn 0.703613 -0.013832 0.710449
vn 0.761121 -0.022266 0.648228
vn 0.644212 -0.264521 -0.717648
vn 0.639832 -0.279491 -0.715891
vn 0.683319 -0.372659 -0.627854
vn -0.675470 -0.115150 -0.728341
vn -0.773928 -0.399222 -0.491587
vn -0.720347 -0.686451 0.099420
vn -0.781830 -0.606787 -0.143355
vn 0.110651 -0.721169 0.683865
vn 0.070819 -0.697783 0.712800
vn 0.087144 -0.515269 0.852586
vn 0.121490 -0.695852 0.707834
vn 0.048385 -0.555433 0.830152
vn 0.845024 -0.406177 0.347786
vn 0.849372 -0.385049 -0.360977
vn 0.661428 -0.749268 0.033323
vn 0.962008 -0.131139 0.239465
vn 0.242962 -0.878923 -0.410443
vn 0.253941 -0.851619 -0.458539
vn 0.031681 -0.941991 -0.334140
vn -0.346626 -0.915905 0.202405
vn -0.469186 -0.858591 -0.206607
vn 0.720166 -0.692910 -0.035153
vn 0.306995 -0.946617 0.098339
vn 0.484593 -0.842564 0.235065
vn -0.069921 -0.947383 0.312373
vn 0.468871 -0.861771 0.193676
vn 0.161270 -0.887683 0.431290
vn 0.071503 -0.992072 0.103347
vn 0.431362 -0.881993 0.189777
vn 0.761538 -0.626548 0.165824
vn 0.745577 -0.647268 0.158616
vn 0.741437 -0.587203 0.324751
vn 0.673167 -0.739022 -0.026304
vn 0.013373 -0.993050 -0.116928
vn -0.108442 -0.985511 -0.130414
vn -0.284113 -0.956083 0.072007
vn 0.003721 -0.979049 0.203593
vn -0.039868 -0.997723 0.054401
vn -0.117892 -0.901087 -0.417306
vn -0.408351 -0.885728 -0.220762
vn -0.145048 -0.858737 -0.491458
vn 0.074527 -0.878312 -0.472244
vn -0.173114 -0.966054 -0.191756
vn -0.236236 -0.832050 -0.501881
vn 0.725012 -0.660071 0.196632
vn 0.272153 -0.562793 0.780511
vn 0.349513 -0.350913 0.868735
vn -0.660797 -0.632773 0.403665
vn -0.388812 -0.737896 0.551665
vn -0.688642 -0.697928 0.196645
vn 0.581956 -0.537680 -0.610104
vn 0.721162 -0.530532 -0.445490
vn 0.826610 -0.484356 -0.286558
vn 0.359454 -0.831292 -0.423965
vn 0.563512 -0.439429 -0.699541
vn 0.751424 -0.489621 0.442305
vn 0.771329 -0.530803 0.351141
vn 0.816298 -0.464366 0.343544
vn 0.916232 -0.295173 0.270909
vn 0.818623 -0.303200 0.487776
vn -0.186235 -0.600948 0.777289
vn -0.519061 -0.525531 0.674087
vn -0.389831 -0.430321 0.814160
vn -0.946949 -0.138287 0.290110
vn -0.494712 0.042478 -0.868019
vn -0.517157 -0.100551 -0.849964
vn -0.136446 -0.117469 -0.983658
vn 0.959678 0.085876 -0.267662
vn 0.907356 -0.366834 -0.205277
vn 0.916003 -0.182683 -0.357164
vn 0.927111 -0.162992 -0.337488
vn 0.648610 0.502547 0.571622
vn 0.609966 0.521447 0.596686
vn 0.720457 0.169975 0.672347
vn 0.654174 0.133879 0.744401
vn -0.249339 0.647691 0.719949
vn -0.641932 0.510672 0.571959
vn -0.055970 0.583942 0.809864
vn -0.262816 0.644783 0.717762
vn -0.689016 0.724347 0.024041
vn -0.547047 0.793521 -0.266579
vn -0.343598 0.909665 -0.233344
vn -0.446090 0.892010 -0.072955
vn 0.160253 0.633507 -0.756959
vn -0.199957 0.858166 -0.472830
vn -0.191762 0.886633 -0.420844
vn 0.000316 0.996215 -0.086920
vn 0.720272 0.692945 -0.032183
vn 0.773940 0.613775 -0.155878
vn 0.735439 0.674825 -0.061163
vn 0.980281 0.157917 -0.118792
vn 0.395626 0.918337 0.011700
vn 0.018772 0.983785 -0.178364
vn 0.356567 0.930946 -0.078732
vn 0.064760 0.997476 -0.029118
vn 0.711745 0.600530 -0.364394
vn -0.231609 0.939501 0.252380
vn 0.322175 0.940801 -0.105345
vn -0.149294 0.968042 -0.201509
vn -0.124707 0.991906 -0.023907
vn -0.016298 0.986842 -0.160865
vn -0.056867 0.998293 0.013295
vn -0.222257 0.936390 -0.271616
vn -0.247224 0.914900 -0.319120
vn -0.403856 0.614031 -0.678134
vn -0.209905 0.920002 -0.330963
vn -0.613232 0.632119 -0.473680
vn -0.582002 0.678365 -0.448436
vn -0.343321 0.939138 0.012309
vn -0.209697 0.977752 0.005389
vn 0.009556 0.988858 -0.148553
vn -0.666801 0.743588 0.049533
vn -0.269415 0.934878 0.231127
vn -0.442557 0.893664 0.074212
vn -0.793330 0.496639 0.352104
vn -0.578492 0.657324 0.482982
vn -0.169690 0.843471 0.509668
vn -0.452803 0.867044 0.207856
vn 0.276310 0.775190 0.568096
vn 0.075317 0.993657 -0.083509
vn -0.200949 0.556163 0.806413
vn 0.463762 0.739527 0.487878
vn 0.013431 0.421397 0.906777
vn 0.064137 0.537805 0.840626
vn 0.603179 0.608728 0.515388
vn 0.532147 0.803087 0.268086
vn -0.286989 0.882729 0.372058
vn 0.600653 0.585181 0.544775
vn 0.366190 0.835101 0.410501
vn 0.790416 0.389416 0.472861
vn 0.800233 0.543691 0.253037
vn 0.830766 0.390474 0.396684
vn 0.977399 0.195507 0.080421
vn 0.924293 0.366611 0.106203
vn 0.805363 0.437277 0.400225
vn 0.956247 0.162050 -0.243581
vn 0.998069 0.061403 0.009380
vn 0.888008 0.459704 0.010619
vn 0.935293 0.216491 -0.279927
vn 0.973059 -0.150296 -0.174837
vn 0.569904 0.583254 -0.578812
vn 0.884819 0.185480 -0.427426
vn 0.798929 0.335371 -0.499238
vn -0.014955 0.659155 -0.751859
vn 0.040622 0.221292 -0.974361
vn -0.203036 0.208239 -0.956772
vn -0.134327 0.129802 -0.982399
vn -0.289141 0.041835 -0.956372
vn -0.373859 0.638653 -0.672572
vn -0.591387 0.559525 -0.580684
vn -0.137020 0.668618 -0.730873
vn -0.521159 0.329719 -0.787196
vn -0.531099 0.331721 -0.779676
vn -0.595425 0.558311 -0.577718
vn -0.887683 0.207712 -0.410944
vn -0.969069 -0.049813 -0.241711
vn -0.976539 -0.096897 -0.192307
vn -0.946927 -0.156731 0.280651
vn -0.966771 -0.091793 0.238596
vn -0.966568 0.239179 -0.092410
vn -0.821138 0.111419 0.559749
vn -0.715130 0.623267 0.316428
vn -0.929550 -0.163878 0.330275
vn -0.767862 0.018695 0.640342
vn -0.643794 0.551612 0.530333
vn -0.406380 0.176213 0.896551
vn -0.105240 -0.289969 0.951232
vn 0.297843 -0.207939 0.931692
vn 0.509902 -0.024158 0.859893
vn -0.001781 -0.056119 0.998423
vn 0.705252 -0.145293 0.693909
vn 0.720573 -0.173295 0.671374
vn 0.782447 0.289870 0.551137
vn 0.722042 0.297682 0.624532
vn 0.753034 -0.161248 0.637918
vn 0.938779 0.032310 0.343002
vn 0.897490 -0.088109 0.432144
vn 0.373343 0.193204 -0.907352
vn 0.578646 0.488206 -0.653318
vn 0.570468 -0.036607 -0.820504
vn 0.515076 0.513342 -0.686423
vn 0.313740 -0.511628 -0.799877
vn 0.151156 -0.629448 -0.762199
vn 0.327956 -0.384516 -0.862898
vn -0.166864 -0.264738 -0.949774
vn -0.827427 0.217922 -0.517566
vn -0.681175 -0.044929 -0.730740
vn -0.723523 -0.304871 -0.619329
vn -0.681234 -0.044686 -0.730700
vn -0.519260 -0.775546 -0.359023
vn -0.706838 -0.605714 -0.365364
vn -0.884988 -0.266090 -0.382089
vn -0.646579 -0.361174 0.671929
vn -0.726905 -0.376270 0.574483
vn -0.693592 -0.537259 0.479877
vn -0.558597 -0.636967 0.531265
vn -0.646751 -0.743582 0.169701
vn -0.499210 -0.532379 0.683638
vn -0.126731 -0.821441 0.556035
vn -0.479266 -0.510994 0.713575
vn 0.826414 -0.275249 0.491201
vn 0.106162 -0.506505 0.855676
vn 0.293832 -0.369363 0.881609
vn 0.390679 0.029451 0.920056
vn 0.686856 0.100367 0.719830
vn 0.548446 -0.606495 0.575648
vn 0.345152 -0.650583 0.676470
vn 0.663713 -0.284367 0.691824
vn 0.363552 -0.765120 0.531433
vn 0.779370 -0.295923 0.552279
vn 0.963220 0.118754 0.241048
vn 0.928016 -0.354255 0.115279
vn 0.909260 -0.297249 0.291357
vn 0.915608 -0.336296 0.220382
vn 0.945864 -0.312368 -0.088137
vn 0.889904 -0.434110 -0.140069
vn 0.994795 -0.101876 0.001969
vn 0.909801 -0.389152 0.144301
vn 0.835636 -0.483654 -0.260367
vn 0.899420 -0.345364 -0.267894
vn 0.895802 -0.444433 -0.004184
vn 0.443650 -0.789250 -0.424570
vn 0.400610 -0.816810 -0.415129
vn 0.347850 -0.691440 -0.633175
vn 0.433420 -0.522636 -0.734165
vn 0.040800 -0.847991 -0.528438
vn -0.114796 -0.726294 -0.677731
vn -0.408633 -0.556596 -0.723340
vn -0.107615 -0.721831 -0.683651
vn -0.419985 -0.475877 -0.772757
vn -0.323422 -0.856479 -0.402295
vn -0.476696 -0.726997 -0.494203
vn 0.091316 -0.934144 -0.345016
vn -0.314534 -0.896003 -0.313444
vn -0.585538 -0.803648 -0.106274
vn -0.631936 -0.624756 -0.458625
vn -0.457708 -0.852995 0.250803
vn -0.245932 -0.941199 0.231650
vn -0.284471 -0.939875 0.188973
vn -0.279530 -0.945266 0.168329
vn -0.291506 -0.883684 0.366232
vn -0.468204 -0.757835 0.454390
vn -0.390807 -0.856847 0.336279
vn -0.309265 -0.741646 0.595244
vn 0.616558 -0.783466 -0.077697
vn 0.518051 -0.829431 -0.208966
vn 0.664061 -0.742023 0.091789
vn 0.498744 -0.817488 -0.288041
vn 0.357614 -0.867297 -0.346277
vn 0.699896 -0.713830 0.024350
vn 0.778664 -0.321904 -0.538573
vn 0.306067 -0.922978 -0.233313
vn 0.216254 -0.865718 0.451405
vn 0.188323 -0.962070 -0.197371
vn 0.088756 -0.781919 0.617029
vn 0.127707 -0.911522 0.390920
vn 0.237153 -0.821817 0.518049
vn 0.277561 -0.889314 0.363429
vn 0.493482 -0.845718 0.203068
vn 0.480942 -0.771738 0.416072
vn 0.480348 -0.864859 0.145891
vn 0.226057 -0.911143 0.344554
vn 0.384680 -0.918937 -0.087038
vn 0.611156 -0.779515 0.137278
vn 0.819603 -0.571189 0.044658
vn 0.290808 -0.951672 -0.098746
vn -0.283183 -0.913654 0.291623
vn 0.168849 -0.962865 0.210668
vn -0.491460 -0.870890 -0.004240
vn 0.157691 -0.958548 -0.237317
vn -0.014661 -0.989077 0.146666
vn 0.067936 -0.977638 0.199021
vn 0.183075 -0.981856 0.049412
vn 0.002403 -0.993909 -0.110178
vn 0.100733 -0.887412 -0.449836
vn 0.180688 -0.776260 -0.603964
vn 0.783334 -0.586337 0.206391
vn 0.963609 -0.266504 0.020831
vn 0.840763 -0.150652 0.520021
vn 0.187408 -0.792349 0.580570
vn 0.071068 -0.709649 0.700961
vn 0.155351 -0.609878 0.777120
vn 0.300584 -0.697813 0.650158
vn -0.444345 -0.718670 0.534856
vn -0.654683 -0.721898 0.224174
vn -0.673531 -0.674618 0.302070
vn -0.568704 -0.710713 0.414081
vn -0.412291 -0.515187 -0.751397
vn -0.521665 0.009054 -0.853103
vn -0.641302 -0.289053 -0.710760
vn 0.836188 -0.275695 -0.474111
vn 0.740070 -0.073411 -0.668511
vn 0.836019 -0.234170 -0.496222
vn 0.490736 -0.012347 0.871221
vn 0.748817 -0.427550 0.506432
vn -0.318091 -0.713296 0.624521
vn 0.130306 -0.382760 0.914612
vn -0.836966 -0.528766 0.141045
vn -0.918462 -0.301723 -0.255715
vn -0.531868 0.012006 -0.846742
vn -0.303806 0.053420 -0.951235
vn -0.441508 0.086794 -0.893050
vn -0.424678 -0.219057 -0.878443
vn -0.326488 -0.379746 -0.865563
vn 0.051061 0.152889 -0.986923
vn 0.840788 -0.170025 -0.513972
vn 0.879840 -0.093549 -0.465971
vn 0.913566 -0.073626 -0.399971
vn 0.838572 0.030756 -0.543922
vn 0.861054 -0.147204 -0.486740
vn 0.435167 0.414803 0.799105
vn -0.331954 0.528847 0.781106
vn -0.376708 0.659143 0.650862
vn -0.726695 0.559743 -0.398249
vn -0.623376 0.626477 -0.467898
vn -0.618056 0.745272 -0.250153
vn -0.515034 0.788053 -0.337213
vn 0.005932 0.759263 -0.650757
vn 0.065159 0.491220 -0.868595
vn -0.243184 0.407465 -0.880247
vn -0.276656 0.783295 -0.556696
vn 0.172180 0.978069 0.117194
vn -0.039755 0.952959 0.300480
vn -0.082359 0.982629 0.166304
vn 0.509572 0.727237 0.459852
vn 0.710931 0.536131 -0.455128
vn 0.327850 0.264615 -0.906914
vn 0.449429 0.519898 -0.726443
vn -0.123655 0.974560 -0.186929
vn -0.383496 0.919943 -0.081466
vn -0.118743 0.949882 -0.289178
vn -0.257845 0.948648 0.183254
vn -0.355451 0.889516 -0.287080
vn -0.359621 0.741390 -0.566580
vn -0.560180 0.686154 -0.464102
vn -0.657692 0.518806 -0.546152
vn -0.549617 0.567162 -0.613391
vn -0.174979 0.891806 0.417209
vn -0.500424 0.865607 0.017299
vn -0.513673 0.845709 -0.144627
vn -0.512085 0.846504 -0.145600
vn -0.622999 0.620213 0.476664
vn -0.767197 0.445445 0.461506
vn -0.579070 0.777125 0.246486
vn -0.163280 0.804839 0.570590
vn -0.163553 0.946049 0.279716
vn -0.228140 0.899809 0.371882
vn -0.086451 0.574371 0.814017
vn -0.082251 0.785760 0.613038
vn -0.229919 0.787762 0.571461
vn -0.012013 0.802695 0.596269
vn 0.197753 0.698069 0.688181
vn 0.215279 0.603414 0.767820
vn 0.192759 0.526988 0.827724
vn -0.030125 0.479669 0.876932
vn 0.018334 0.439002 0.898299
vn 0.443828 0.278893 0.851608
vn -0.090063 0.456738 0.885031
vn 0.299475 0.427919 0.852760
vn 0.214461 0.675745 0.705248
vn 0.195224 0.672132 0.714231
vn 0.198016 0.738620 0.644383
vn -0.200452 0.939951 0.276243
vn 0.435975 0.821167 0.368254
vn 0.518297 0.382950 0.764668
vn 0.493429 0.702690 0.512597
vn -0.064023 0.518164 0.852881
vn 0.567211 0.587487 0.577175
vn 0.452720 0.771263 0.447436
vn 0.903527 0.349448 -0.248041
vn 0.978193 0.163230 -0.128430
vn 0.806121 0.590981 0.030166
vn 0.845131 0.531147 -0.060305
vn 0.765392 0.311224 -0.563307
vn 0.759511 0.137864 -0.635717
vn 0.879893 -0.095888 -0.465396
vn 0.689036 0.080022 -0.720296
vn 0.553841 0.009334 -0.832570
vn 0.773495 0.475009 -0.419609
vn 0.311406 0.146018 -0.938992
vn -0.133776 0.581550 -0.802436
vn 0.155505 0.443351 -0.882756
vn -0.360126 0.547131 -0.755617
vn -0.320033 0.267516 -0.908853
vn -0.237260 0.417702 -0.877059
vn -0.623012 0.423158 -0.657871
vn -0.671816 0.226964 -0.705089
vn -0.569135 0.248497 -0.783795
vn -0.650907 0.542825 -0.530717
vn -0.648253 0.423366 -0.632874
vn -0.474883 0.394395 -0.786727
vn -0.828765 0.558174 0.039878
vn -0.860202 -0.274606 0.429703
vn -0.952372 -0.002172 -0.304930
vn -0.975831 0.075739 -0.204983
vn -0.904874 -0.266649 0.331815
vn -0.889517 -0.165552 0.425854
vn -0.829037 0.537977 0.152571
vn -0.657980 0.147339 0.738481
vn -0.464234 -0.409231 0.785504
vn -0.366268 0.299959 0.880836
vn -0.046227 -0.142144 0.988766
vn -0.339781 -0.070285 0.937874
vn -0.410509 -0.405480 0.816743
vn 0.137118 -0.291529 0.946683
vn 0.266875 0.498825 0.824592
vn 0.531597 -0.162947 0.831176
vn 0.433416 0.412845 0.801068
vn 0.458067 0.362250 0.811757
vn 0.567916 0.405890 0.716048
vn 0.791582 0.085159 0.605099
vn 0.686867 0.443969 0.575417
vn 0.869497 0.245662 0.428516
vn 0.556035 0.400608 0.728243
vn 0.461391 0.184474 -0.867806
vn 0.490787 0.062735 -0.869018
vn 0.524256 0.100069 -0.845661
vn 0.043492 -0.029579 -0.998616
vn 0.497943 0.072402 -0.864182
vn 0.475229 0.075013 -0.876659
vn 0.515700 -0.117417 -0.848685
vn 0.615407 -0.059750 -0.785941
vn 0.133485 0.255023 -0.957677
vn 0.233547 0.150702 -0.960596
vn 0.176296 0.118486 -0.977180
vn 0.090185 0.111533 -0.989660
vn -0.045756 0.588108 -0.807487
vn -0.753320 0.307131 -0.581532
vn -0.566839 -0.540143 -0.622044
vn -0.818587 -0.465243 -0.336844
vn -0.821263 -0.433067 -0.371457
vn -0.643020 -0.654966 -0.396919
vn -0.536987 -0.843045 0.030345
vn -0.818000 -0.178465 0.546833
vn -0.441475 -0.758726 0.478993
vn -0.566345 -0.691873 0.447844
vn -0.482378 -0.607729 0.630854
vn -0.626782 -0.581749 0.518375
vn -0.334181 -0.820865 0.463146
vn -0.410935 -0.850160 0.329183
vn -0.474162 -0.832317 0.287088
vn 0.184199 -0.163276 0.969232
vn 0.547432 -0.113739 0.829085
vn 0.316012 0.144219 0.937730
vn 0.142458 -0.359746 0.922111
vn 0.581943 -0.289419 0.759986
vn 0.103027 -0.808060 0.580021
vn 0.493736 -0.012663 0.869520
vn 0.529006 -0.641178 0.555917
vn 0.364612 -0.527117 0.767598
vn 0.844833 0.130818 0.518790
vn 0.987158 -0.054365 -0.150214
vn 0.988304 -0.149470 -0.030247
vn 0.951798 -0.020592 -0.306035
vn 0.868392 -0.237083 -0.435531
vn 0.760560 -0.466630 -0.451447
vn 0.600022 -0.288464 -0.746165
vn 0.663691 -0.352358 -0.659816
vn 0.767184 -0.354330 -0.534676
vn 0.455581 -0.749077 -0.480968
vn 0.496967 -0.798562 -0.339591
vn 0.591749 -0.556523 -0.583195
vn 0.107222 -0.494162 -0.862732
vn 0.243341 -0.880577 -0.406655
vn 0.260688 -0.739699 -0.620393
vn 0.056972 -0.975943 -0.210452
vn -0.305715 -0.606917 -0.733615
vn -0.476592 -0.554247 -0.682400
vn 0.036161 -0.862973 -0.503955
vn -0.348496 -0.847306 -0.400777
vn -0.234698 -0.972062 -0.003569
vn -0.418703 -0.902423 0.101585
vn -0.634004 -0.713629 -0.297947
vn -0.504062 -0.731112 -0.459779
vn -0.066820 -0.957085 0.281999
vn -0.163288 -0.952585 0.256747
vn -0.217297 -0.975952 0.017292
vn -0.215381 -0.976425 0.014332
vn -0.314681 -0.896099 0.313020
vn 0.050192 -0.922871 0.381825
vn -0.485396 -0.814422 0.317974
vn 0.126524 -0.918607 0.374370
vn 0.066401 -0.885973 0.458959
vn 0.857115 -0.253106 -0.448655
vn 0.910273 -0.234616 -0.341113
vn 0.788018 -0.488431 -0.374783
vn 0.856778 -0.250685 -0.450653
vn 0.825139 -0.564818 -0.011212
vn 0.706482 -0.706757 -0.037115
vn 0.874961 -0.480840 -0.056884
vn 0.738253 -0.656631 0.154332
vn 0.644914 -0.764018 -0.019014
vn 0.624958 -0.777313 0.072194
vn 0.116301 -0.989141 0.089854
vn 0.389248 -0.816200 0.426970
vn 0.172376 -0.905846 0.386949
vn 0.170794 -0.907105 0.384695
vn 0.294867 -0.861581 0.413197
vn 0.702662 -0.690506 0.171663
vn 0.401720 -0.851370 0.337329
vn 0.639860 -0.637445 0.429235
vn 0.802211 -0.553320 0.224264
vn 0.691463 -0.702148 0.169904
vn 0.611481 -0.782866 0.114943
vn 0.341326 -0.821948 0.455959
vn 0.421360 -0.899651 -0.114382
vn 0.348216 -0.807546 0.476041
vn 0.093480 -0.710480 0.697481
vn 0.046975 -0.335281 0.940946
vn 0.182051 -0.981746 -0.055070
vn 0.548948 -0.831946 -0.080755
vn 0.672766 -0.729906 -0.120925
vn 0.551856 -0.789132 -0.269678
vn 0.469944 -0.855130 -0.218874
vn -0.220743 -0.506164 0.833709
vn -0.221219 -0.643587 0.732706
vn -0.388197 -0.503620 0.771797
vn -0.645482 -0.508563 0.569839
vn -0.451609 -0.547096 0.704795
vn -0.656318 -0.658489 0.368293
vn -0.552853 -0.773306 0.310407
vn -0.525154 -0.787990 0.321380
vn -0.682532 -0.575079 0.451038
vn -0.736593 -0.549958 0.393671
vn -0.617456 -0.596345 0.512954
vn -0.523295 -0.851267 0.038829
vn -0.439415 -0.898149 -0.015551
vn -0.463539 -0.848196 -0.256310
vn -0.403866 -0.877011 -0.260277
vn -0.265489 -0.850525 -0.454008
vn -0.030711 -0.936714 -0.348746
vn 0.374406 -0.857787 -0.352168
vn 0.297513 -0.954337 -0.026971
vn 0.330253 -0.900512 -0.282861
vn 0.309747 -0.899569 -0.307948
vn 0.353967 -0.825162 -0.440245
vn 0.736019 -0.616745 -0.279108
vn 0.707162 -0.611323 -0.355255
vn 0.927417 -0.373610 -0.017720
vn 0.918383 -0.366502 -0.149159
vn 0.932727 -0.347951 -0.094610
vn 0.979803 -0.198522 0.023983
vn 0.969056 0.197326 -0.148299
vn 0.980475 -0.069393 -0.183993
vn 0.299041 -0.365253 0.881569
vn -0.080297 0.015332 0.996653
vn 0.738437 -0.071723 0.670498
vn 0.111314 -0.338515 0.934354
vn 0.628613 -0.035160 0.776923
vn -0.117757 -0.322881 0.939085
vn -0.253770 -0.496628 0.830037
vn -0.309870 -0.043202 0.949797
vn -0.990234 -0.047672 0.131010
vn -0.894637 -0.278857 0.349090
vn -0.988378 0.010145 0.151680
vn -0.828488 -0.544405 -0.131265
vn -0.860193 -0.450344 -0.239287
vn -0.763516 -0.528122 -0.371658
vn -0.826317 -0.459393 -0.325820
vn -0.700208 -0.335965 -0.629950
vn -0.749063 -0.319916 -0.580137
vn -0.738031 -0.600257 -0.308223
vn -0.901167 -0.081894 -0.425666
vn -0.886720 -0.083983 -0.454614
vn -0.903715 -0.075596 -0.421407
vn 0.296157 -0.754624 -0.585520
vn 0.678983 -0.614831 -0.401204
vn 0.008072 -0.258315 -0.966027
vn 0.047423 0.453320 -0.890086
vn 0.594764 0.780385 0.193014
vn 0.977367 -0.175644 0.117913
vn 0.954842 0.258490 0.146490
vn 0.876849 -0.013177 0.480586
vn 0.936528 0.129773 0.325690
vn 0.786058 0.297138 0.542053
vn 0.776032 0.296292 0.556763
vn 0.779140 0.282516 0.559576
vn 0.147996 0.042374 0.988080
vn 0.262550 0.118083 0.957666
vn 0.186784 0.430460 0.883072
vn 0.185310 0.114948 0.975934
vn 0.162840 0.437667 0.884269
vn -0.571696 0.655548 0.493377
vn -0.571722 0.655300 0.493676
vn -0.882815 0.455745 -0.113725
vn -0.922144 0.373481 -0.100809
vn -0.972229 0.211747 0.099669
vn -0.961019 0.247542 -0.123153
vn -0.961301 0.245544 -0.124934
vn -0.977768 -0.093371 -0.187754
vn -0.951852 0.255577 -0.169288
vn -0.870745 0.260343 -0.417163
vn -0.666578 0.189295 -0.721000
vn -0.625700 -0.012082 -0.779970
vn -0.870338 0.278902 -0.405865
vn -0.706383 0.500850 -0.500173
vn -0.350788 0.395127 -0.849013
vn -0.277176 -0.089924 -0.956602
vn -0.579837 -0.255869 -0.773511
vn -0.414248 0.098409 -0.904828
vn 0.041073 0.456151 -0.888954
vn -0.322065 -0.086774 -0.942733
vn -0.637094 0.351643 -0.685900
vn 0.787318 0.295529 -0.541103
vn 0.836753 0.001259 -0.547579
vn 0.976456 -0.024610 -0.214307
vn 0.893920 0.440705 0.081765
vn 0.638191 0.767680 0.058134
vn 0.713240 0.667949 0.212445
vn 0.710220 0.672447 0.208331
vn 0.683905 0.728805 0.033409
vn 0.322835 0.438015 0.839000
vn 0.631227 0.552675 -0.544154
vn 0.169154 0.958144 -0.230968
vn 0.442932 0.524399 0.727198
vn 0.599592 0.740440 0.303707
vn 0.446172 0.579132 0.682302
vn 0.259366 0.866457 0.426593
vn 0.464931 0.878531 0.109642
vn -0.131332 0.989091 0.066720
vn 0.084235 0.959221 -0.269814
vn 0.485805 0.867105 0.110099
vn 0.335996 0.900798 0.275082
vn 0.381263 0.921844 -0.069586
vn 0.088155 0.991341 -0.097324
vn 0.215770 0.953128 -0.212109
vn -0.059779 0.973705 -0.219827
vn -0.424458 0.890455 -0.164091
vn -0.693115 0.719206 0.048319
vn -0.521237 0.851956 -0.049824
vn -0.398521 0.885945 -0.237240
vn -0.076383 0.971361 -0.224997
vn -0.123216 0.905077 -0.407005
vn -0.279804 0.935513 -0.215698
vn -0.389546 0.707923 -0.589151
vn -0.753806 0.493495 -0.433866
vn -0.706505 0.500612 -0.500238
vn -0.476732 0.758583 -0.444161
vn -0.515481 0.704085 -0.488410
vn -0.010192 0.867892 -0.496649
vn -0.194379 0.901364 -0.386988
vn -0.463246 0.830917 -0.308188
vn -0.231763 0.839852 -0.490851
vn 0.449908 0.722803 -0.524537
vn 0.260063 0.638074 -0.724726
vn 0.692757 0.555605 -0.459772
vn 0.268299 0.550644 -0.790447
vn 0.171669 0.470651 -0.865458
vn 0.402677 0.883576 -0.239051
vn -0.896495 0.441830 0.032890
vn 0.255050 0.892553 -0.371886
vn 0.447802 0.879578 -0.160673
vn 0.563416 0.824297 -0.055638
vn 0.604996 0.787820 -0.115405
vn 0.536949 0.798608 -0.271867
vn -0.033303 0.943859 -0.328667
vn -0.284480 0.735494 -0.614914
vn 0.054118 0.780662 0.622606
vn -0.149157 0.986005 0.074468
vn 0.797269 0.568376 0.203252
vn 0.781992 0.351699 0.514583
vn 0.643014 0.587379 0.491445
vn 0.776404 -0.433419 -0.457542
vn 0.778825 -0.413532 -0.471617
vn 0.930980 -0.130188 -0.341067
vn -0.364304 -0.504950 -0.782501
vn -0.411818 -0.695747 -0.588508
vn -0.973630 -0.216831 0.070920
vn -0.977419 -0.084093 -0.193858
vn -0.995405 -0.024454 0.092577
vn -0.262232 -0.015979 0.964873
vn 0.036851 -0.008420 0.999285
vn 0.952577 -0.192987 0.235273
vn 0.964463 -0.221951 0.143348
vn 0.945110 -0.214377 0.246597
vn 0.249261 -0.818452 -0.517693
vn 0.678868 -0.406464 -0.611494
vn 0.773819 -0.540161 -0.330801
vn 0.767757 -0.543406 -0.339499
vn 0.309644 -0.780704 -0.542790
vn 0.244038 -0.825798 -0.508432
vn -0.510520 -0.768425 -0.385866
vn -0.510533 -0.768407 -0.385884
vn -0.548595 -0.779680 -0.301896
vn -0.815400 -0.161258 -0.555985
vn -0.974583 -0.151726 0.164825
vn -0.974484 -0.215390 0.063150
vn -0.980203 -0.170443 0.100755
vn -0.966877 -0.007205 0.255140
vn 0.164197 -0.340115 0.925938
vn 0.191392 -0.321077 0.927512
vn 0.298563 -0.094396 0.949710
vn 0.174630 -0.310014 0.934556
vn 0.689306 -0.589338 0.421353
vn 0.794994 -0.588796 -0.145960
vn 0.194531 -0.948524 -0.249919
vn 0.086010 -0.964188 -0.250885
vn 0.262832 -0.957474 -0.119011
vn -0.086462 -0.995693 -0.033459
vn -0.471303 -0.864705 -0.173666
vn -0.156046 -0.976542 -0.148375
vn -0.064600 -0.997178 -0.038243
vn -0.069290 -0.997443 -0.017503
vn 0.611215 -0.791015 0.026695
vn 0.587351 -0.784105 0.200494
vn 0.243553 -0.968210 -0.057018
vn -0.358797 -0.712382 0.603139
vn 0.421171 -0.771911 0.476203
vn 0.423826 -0.798821 0.426916
vn 0.120666 -0.859123 0.497340
vn 0.386856 -0.759625 0.522793
vn 0.334213 -0.847648 0.412061
vn 0.265178 -0.748433 0.607889
vn 0.270516 -0.699566 0.661384
vn -0.179003 -0.553557 0.813346
vn -0.039091 -0.919976 0.390020
vn 0.103936 -0.742103 0.662179
vn 0.718762 -0.693944 0.042683
vn 0.717705 -0.524508 0.458029
vn 0.200311 -0.944413 0.260692
vn 0.800398 -0.596256 -0.061985
vn 0.622407 -0.782692 -0.001729
vn 0.747505 -0.635762 -0.192464
vn 0.768661 -0.592456 -0.241157
vn -0.200447 -0.885339 0.419518
vn -0.319456 -0.492206 0.809741
vn -0.556089 -0.597936 0.577267
vn -0.267107 -0.958642 0.098278
vn -0.513178 -0.786415 0.343801
vn -0.462597 -0.840897 0.280885
vn -0.821228 -0.570489 -0.011284
vn -0.292433 -0.954797 0.053339
vn -0.705018 -0.700692 -0.109457
vn -0.381655 -0.924287 -0.005799
vn -0.279861 -0.931814 -0.231084
vn -0.606324 -0.773642 -0.183983
vn -0.405577 -0.868934 -0.283656
vn -0.405524 -0.878178 -0.253681
vn -0.103440 -0.864857 -0.491245
vn -0.141768 -0.867755 -0.476343
vn -0.211940 -0.818827 -0.533482
vn 0.051433 -0.907578 -0.416721
vn -0.279933 -0.727486 -0.626420
vn 0.305484 -0.608148 -0.732691
vn 0.519457 -0.541387 -0.661108
vn 0.451328 -0.807448 -0.379910
vn 0.429400 -0.812237 -0.394825
vn 0.447154 -0.790452 -0.418615
vn -0.004700 -0.914470 -0.404627
vn 0.541626 -0.715091 -0.441913
vn 0.762437 -0.341770 -0.549439
vn 0.705985 -0.359588 -0.610148
vn 0.400580 -0.610000 -0.683693
vn 0.877236 -0.474569 -0.072392
vn 0.912755 -0.402136 -0.071861
vn 0.904473 0.426404 -0.010443
vn 0.896542 0.178462 -0.405418
vn 0.994649 -0.049739 -0.090553
vn 0.872389 0.477541 -0.104364
vn 0.287448 -0.604571 0.742878
vn 0.373160 -0.475838 0.796448
vn -0.182764 -0.597437 0.780811
vn -0.156886 -0.590179 0.791881
vn -0.288602 -0.459129 0.840184
vn -0.169473 -0.573754 0.801302
vn 0.441253 -0.554788 0.705341
vn -0.256500 -0.447058 0.856940
vn -0.286939 -0.175230 0.941786
vn -0.449952 -0.048965 0.891709
vn -0.372161 -0.716290 0.590275
vn -0.561497 -0.588486 0.581726
vn -0.377651 -0.484520 0.789063
vn -0.806946 -0.225748 0.545781
vn -0.798781 -0.236384 0.553237
vn -0.944584 0.096225 0.313850
vn -0.590716 -0.231071 0.773085
vn -0.861782 -0.498874 -0.091964
vn -0.819285 -0.543022 -0.184118
vn -0.910888 -0.306071 -0.276772
vn -0.811491 -0.579167 -0.077772
vn -0.649439 -0.634319 -0.419366
vn -0.601862 -0.701425 -0.381791
vn -0.790406 -0.372467 -0.486340
vn -0.808891 -0.509874 -0.292786
vn -0.743239 -0.252463 -0.619563
vn -0.789147 -0.321444 -0.523374
vn -0.624454 -0.774133 -0.103807
vn -0.731460 -0.591239 -0.339708
vn -0.838336 -0.057784 -0.542083
vn -0.938815 -0.202346 -0.278717
vn 0.330628 -0.338398 -0.881006
vn 0.208358 -0.348066 -0.914022
vn 0.523095 -0.083870 -0.848138
vn 0.246855 -0.057229 -0.967361
vn 0.378090 0.272972 -0.884610
vn 0.410169 0.562023 -0.718256
vn 0.156969 -0.008384 -0.987568
vn 0.992690 0.058831 0.105381
vn 0.879899 0.185071 0.437638
vn 0.917604 0.395782 -0.036869
vn 0.832698 0.524974 0.176117
vn 0.758384 -0.394905 0.518560
vn 0.445595 0.241868 0.861943
vn 0.117739 -0.010530 0.992989
vn 0.631042 -0.032355 0.775073
vn -0.319368 0.122674 0.939657
vn -0.433278 0.235477 0.869954
vn -0.584336 -0.220636 0.780942
vn -0.567201 0.114928 0.815521
vn -0.584088 -0.182600 0.790884
vn -0.724541 0.178321 0.665765
vn -0.497233 0.120878 0.859155
vn -0.823371 0.282487 0.492201
vn -0.996452 0.037484 0.075355
vn -0.808112 0.395101 0.436864
vn -0.971788 -0.197915 -0.128290
vn -0.933698 -0.144095 0.327787
vn -0.880271 0.471582 0.052276
vn -0.993851 -0.072603 -0.083602
vn -0.955605 0.017354 -0.294138
vn -0.996646 -0.051981 -0.063204
vn -0.865412 0.501028 -0.005835
vn -0.388675 0.082913 -0.917637
vn -0.308085 0.522455 -0.795063
vn -0.518811 0.390766 -0.760354
vn -0.369638 0.002457 -0.929173
vn 0.011512 0.700010 -0.714040
vn 0.194384 0.269932 -0.943054
vn -0.034238 0.087482 -0.995578
vn 0.024933 0.228824 -0.973148
vn -0.177982 0.603259 -0.777433
vn 0.542254 0.396333 -0.740865
vn 0.214094 0.708037 -0.672940
vn 0.495405 0.550309 -0.672112
vn 0.557050 0.543080 -0.628299
vn 0.852189 0.397430 -0.340328
vn 0.782987 0.481130 -0.394264
vn 0.852985 0.352706 -0.384728
vn 0.751583 0.474093 -0.458649
vn 0.561169 0.728692 -0.392553
vn 0.760662 0.645980 -0.064063
vn 0.855028 0.507148 -0.108297
vn 0.769237 0.550914 -0.323679
vn 0.655344 0.742767 0.137193
vn 0.711721 0.688985 0.136938
vn 0.620454 0.783557 -0.032797
vn 0.856864 0.507842 -0.088767
vn 0.497631 0.864657 -0.068792
vn 0.775600 0.586455 0.233484
vn -0.058916 0.897740 0.436569
vn 0.212069 0.799002 0.562691
vn 0.268899 0.963130 0.008636
vn 0.092476 0.984051 0.151962
vn -0.126623 0.907329 0.400899
vn -0.444424 0.326393 0.834239
vn -0.246822 0.779736 0.575405
vn -0.483849 0.622028 0.615606
vn -0.413490 0.476145 0.776088
vn -0.270128 0.919941 0.284145
vn -0.431357 0.861984 0.266299
vn -0.132229 0.905649 0.402884
vn -0.616901 0.731275 0.290982
vn -0.524507 0.787543 0.323525
vn -0.513009 0.796845 0.319154
vn -0.581856 0.797233 0.160817
vn -0.438436 0.886622 0.147226
vn -0.512765 0.853994 0.088128
vn -0.350570 0.906160 0.236591
vn -0.292982 0.948398 0.121255
vn -0.781971 0.471161 -0.408079
vn -0.246364 0.686229 -0.684394
vn -0.844165 0.371122 -0.386851
vn -0.073138 0.941164 -0.329941
vn -0.103573 0.940113 -0.324747
vn -0.273172 0.657848 -0.701864
vn -0.271043 0.877159 -0.396394
vn 0.284752 0.806884 -0.517546
vn 0.060878 0.996166 -0.062826
vn -0.454446 0.878874 -0.145118
vn -0.398664 0.905424 -0.145856
vn 0.614597 0.216864 -0.758446
vn 0.215941 0.975316 -0.046140
vn 0.326997 0.880103 -0.344225
vn 0.828401 0.521411 -0.204653
vn 0.644420 0.720211 -0.256941
vn 0.694701 0.599203 -0.397926
vn 0.082252 0.318153 -0.944465
vn -0.141413 0.679648 -0.719778
vn 0.066091 0.841696 -0.535891
vn 0.338126 0.674074 -0.656731
vn -0.061088 0.976334 -0.207462
vn -0.675311 0.737512 0.005590
vn -0.601307 0.585997 0.543173
vn -0.775184 0.406534 0.483549
vn -0.769413 0.413326 0.486997
vn -0.523255 0.399378 0.752795
vn -0.574736 0.708674 0.409219
vn 0.229016 0.592482 0.772345
vn -0.039169 0.931064 0.362747
vn -0.276704 0.403144 0.872301
vn 0.763370 0.128632 -0.633025
vn 0.787637 -0.012206 -0.616018
vn 0.929608 0.081243 -0.359485
vn -0.159856 -0.327514 -0.931225
vn -0.507297 -0.454893 -0.731930
vn -0.811332 -0.583141 0.041073
vn -0.795746 -0.605540 -0.010499
vn -0.824528 -0.565575 0.016686
vn -0.953947 -0.286597 -0.088589
vn -0.954756 -0.286391 -0.080139
vn -0.247241 -0.656750 0.712426
vn -0.413779 -0.289142 0.863240
vn -0.530340 -0.507644 0.678997
vn -0.760883 0.001306 0.648888
vn 0.737248 -0.618760 0.271295
vn 0.619799 -0.630978 0.466599
vn 0.390169 -0.480700 0.785300
vn 0.687939 -0.311441 -0.655549
vn 0.472431 -0.064820 -0.878981
vn -0.440586 -0.422329 -0.792163
vn -0.487705 -0.535336 -0.689608
vn -0.705632 -0.251842 -0.662313
vn -0.724666 -0.689088 0.004052
vn -0.639288 -0.730983 0.238694
vn -0.838983 -0.401928 0.366827
vn -0.132572 -0.565540 0.813996
vn -0.329007 -0.623260 0.709437
vn 0.803396 -0.590174 0.079059
vn 0.778883 -0.612885 0.133092
vn 0.884705 -0.374626 0.277403
vn 0.077739 -0.949521 -0.303919
vn -0.347224 -0.936723 0.044549
vn 0.234222 -0.941646 -0.241748
vn -0.361199 -0.922711 0.134683
vn 0.085054 -0.996064 0.024949
vn 0.795016 -0.594873 0.118639
vn 0.774225 -0.630921 0.050153
vn 0.735688 -0.598439 0.317229
vn 0.923436 -0.381549 -0.041063
vn 0.729097 -0.643041 0.234341
vn 0.157289 -0.957584 0.241441
vn 0.481210 -0.842400 0.242487
vn 0.015951 -0.869398 0.493855
vn -0.018149 -0.851428 0.524157
vn -0.300197 -0.891623 0.338955
vn 0.441450 -0.831909 0.336229
vn 0.578605 -0.235643 0.780826
vn 0.456209 -0.823067 0.338280
vn 0.562844 -0.771228 -0.297344
vn -0.403916 -0.914352 -0.028489
vn -0.588558 -0.807009 -0.048340
vn -0.310979 -0.927155 -0.208986
vn -0.564068 -0.811418 -0.153060
vn -0.297621 -0.954673 -0.004684
vn -0.288009 -0.911442 -0.293809
vn 0.716946 -0.444682 0.536886
vn 0.737122 -0.663198 -0.129688
vn 0.748999 -0.576979 0.325724
vn 0.906500 -0.115220 0.406179
vn -0.353124 -0.619390 0.701184
vn -0.061989 -0.402742 0.913212
vn -0.814768 -0.517820 0.260798
vn -0.878132 -0.477699 0.026235
vn -0.504314 -0.675315 -0.538160
vn -0.666854 -0.576393 -0.472311
vn 0.548240 -0.467657 -0.693347
vn 0.404039 -0.502972 -0.764049
vn 0.669154 -0.266773 -0.693589
vn 0.559437 -0.399229 0.726393
vn 0.680500 0.013250 0.732628
vn 0.660207 0.072267 0.747599
vn 0.804220 -0.135480 0.578684
vn 0.937785 0.192661 0.288862
vn -0.511140 -0.590886 0.624172
vn -0.813249 -0.281999 0.509022
vn -0.184203 0.024006 0.982595
vn -0.933311 -0.358732 -0.015560
vn -0.921298 -0.369818 -0.120183
vn -0.920211 -0.350865 -0.173508
vn -0.919736 -0.288225 -0.266480
vn -0.636502 -0.132067 -0.759884
vn -0.280114 -0.496136 -0.821818
vn 0.636354 -0.398246 -0.660647
vn 0.844025 -0.054046 -0.533574
vn 0.219622 0.876618 0.428143
vn -0.765576 0.595370 0.243778
vn -0.722431 0.497480 -0.480215
vn -0.797168 0.496105 -0.344097
vn 0.158613 0.864723 -0.476546
vn 0.598529 0.721273 -0.348609
vn 0.520052 0.853998 0.015263
vn 0.047104 0.997658 -0.049605
vn 0.473541 0.834899 -0.280541
vn 0.176850 0.640420 -0.747387
vn 0.438013 0.744344 -0.504081
vn 0.084327 0.734219 -0.673656
vn -0.002975 0.865657 -0.500629
vn -0.185812 0.963377 -0.193335
vn 0.183585 0.754217 -0.630440
vn -0.398323 0.847621 -0.350538
vn -0.118874 0.630780 -0.766803
vn -0.201058 0.806371 -0.556185
vn -0.343818 0.715001 -0.608738
vn -0.429371 0.678408 -0.596157
vn -0.710839 0.397884 -0.579997
vn -0.488003 0.767770 -0.415191
vn 0.006154 0.984440 -0.175613
vn -0.394533 0.858890 -0.326576
vn -0.028266 0.997310 -0.067637
vn -0.346183 0.937862 -0.023920
vn -0.749434 0.661516 -0.027295
vn -0.636382 0.700667 -0.322622
vn -0.689628 0.717628 0.097073
vn -0.527762 0.785283 0.323725
vn -0.944354 0.328669 -0.013167
vn -0.224901 0.968414 -0.107671
vn -0.233179 0.948400 0.214862
vn 0.052122 0.945087 0.322636
vn 0.229397 0.932059 0.280435
vn -0.082920 0.949206 0.303533
vn -0.288196 0.894750 0.341125
vn -0.036955 0.886974 0.460339
vn -0.298023 0.921941 0.247403
vn 0.338127 0.780077 0.526450
vn 0.062454 0.851316 0.520923
vn 0.394038 0.847675 0.355220
vn 0.462224 0.885756 0.042251
vn 0.690048 0.717361 0.096060
vn 0.166910 0.985808 -0.018015
vn 0.621622 0.665934 0.412452
vn 0.698510 0.622508 0.352942
vn 0.618800 0.751928 -0.227356
vn 0.898260 0.192928 -0.394852
vn 0.708960 0.078166 -0.700903
vn 0.650755 0.116462 -0.750303
vn 0.728548 0.351954 -0.587661
vn 0.468394 0.472373 -0.746640
vn 0.258382 0.471451 -0.843192
vn 0.603114 0.551798 -0.575997
vn -0.333463 0.617592 -0.712308
vn 0.220807 0.362821 -0.905321
vn -0.348557 0.396310 -0.849380
vn 0.176182 0.631219 -0.755329
vn -0.017689 -0.008347 -0.999809
vn -0.223992 0.068268 -0.972197
vn -0.215405 0.053556 -0.975055
vn -0.653393 -0.309249 -0.690972
vn -0.926802 0.035557 -0.373864
vn -0.953267 -0.008442 -0.302013
vn -0.788098 0.451628 -0.418250
vn -0.986648 0.083573 -0.139790
vn -0.997724 0.040126 0.054197
vn -0.860007 0.289899 0.419936
vn -0.644609 0.400278 0.651350
vn -0.168475 -0.027820 0.985313
vn 0.059103 0.760341 0.646830
vn 0.157188 0.510310 0.845503
vn 0.537360 0.631992 0.558417
vn 0.561433 0.486724 0.669248
vn 0.490778 -0.014092 0.871171
vn 0.493621 0.437051 0.751881
vn 0.656610 -0.082654 0.749688
vn 0.797136 0.460619 0.390390
vn 0.657571 0.611021 0.440741
vn 0.746398 0.157372 0.646625
vn 0.699979 0.584067 0.410969
vn 0.326692 0.130308 -0.936105
vn 0.292474 0.325487 -0.899176
vn 0.459116 0.365365 -0.809766
vn -0.594793 -0.594482 -0.541122
vn 0.006465 -0.668280 -0.743882
vn 0.187518 -0.559402 -0.807407
vn 0.246111 -0.540153 -0.804776
vn -0.715267 -0.092366 -0.692721
vn -0.787022 -0.110576 -0.606934
vn -0.895758 -0.241249 -0.373386
vn -0.765808 0.415293 -0.490988
vn -0.734368 0.334565 -0.590567
vn -0.894301 -0.279951 -0.349075
vn -0.736011 -0.635187 -0.234148
vn -0.705728 -0.660167 -0.257153
vn -0.568721 -0.774580 -0.276733
vn -0.829718 -0.552162 -0.081760
vn -0.964416 0.085912 0.250043
vn -0.830329 -0.001800 0.557270
vn -0.821891 0.374162 0.429532
vn -0.875885 -0.353773 0.328131
vn -0.988452 0.006609 0.151388
vn -0.873821 -0.417563 0.249154
vn -0.819634 -0.270528 0.504990
vn -0.867854 -0.384887 0.314152
vn -0.662541 -0.591010 0.460159
vn -0.795469 -0.421479 0.435413
vn -0.478236 -0.636153 0.605476
vn -0.812840 -0.282282 0.509518
vn 0.590746 0.173245 0.788039
vn 0.297491 -0.376431 0.877382
vn 0.563501 -0.444958 0.696046
vn 0.397828 -0.489255 0.776120
vn 0.504325 -0.298539 0.810266
vn 0.841708 0.538014 -0.045489
vn 0.944766 -0.056400 0.322857
vn 0.914466 0.400299 -0.059265
vn 0.945005 0.197329 0.260817
vn 0.955409 -0.282272 -0.086690
vn 0.911509 -0.137577 0.387588
vn 0.735524 -0.513567 -0.441875
vn 0.869491 -0.275759 -0.409807
vn 0.665260 -0.405336 -0.627002
vn 0.425881 -0.689077 -0.586343
vn 0.366259 -0.696822 -0.616680
vn 0.128415 -0.871151 -0.473925
vn 0.437039 -0.741710 -0.508786
vn -0.076743 -0.905458 -0.417440
vn -0.021394 -0.951859 -0.305789
vn -0.039471 -0.925010 -0.377888
vn -0.205477 -0.918818 -0.336976
vn 0.156262 -0.774039 -0.613551
vn -0.454183 -0.681349 -0.574005
vn -0.527966 -0.811161 -0.251537
vn -0.634786 -0.745123 -0.204543
vn -0.308237 -0.900021 -0.308144
vn -0.543028 -0.797963 -0.261487
vn -0.545824 -0.786481 -0.289005
vn -0.784591 -0.554585 -0.277224
vn -0.749261 -0.586865 -0.306915
vn -0.726668 -0.686226 -0.032352
vn -0.618774 -0.734759 0.277935
vn -0.773946 -0.632804 0.023811
vn -0.700556 -0.712165 0.045199
vn -0.575774 -0.815864 0.053382
vn -0.839093 -0.485155 -0.246063
vn -0.817345 -0.568829 -0.091549
vn -0.686848 -0.719435 0.103220
vn -0.619410 -0.533622 0.575828
vn 0.392660 -0.736081 -0.551364
vn 0.532958 -0.840868 -0.094320
vn 0.473031 -0.879675 -0.049132
vn 0.708278 -0.702557 -0.068963
vn 0.284633 -0.930085 -0.232221
vn 0.173910 -0.981750 -0.076960
vn -0.120568 -0.992475 -0.021378
vn -0.239260 -0.964497 -0.111805
vn 0.106824 -0.907921 -0.405300
vn 0.089771 -0.725231 0.682628
vn -0.333896 -0.816894 0.470316
vn -0.309993 -0.646125 0.697443
vn -0.048409 -0.641727 0.765404
vn -0.020538 -0.850198 0.526062
vn 0.026614 -0.843616 0.536287
vn 0.056117 -0.724088 0.687421
vn 0.411943 -0.773082 0.482335
vn 0.139852 -0.112552 0.983755
vn 0.066727 -0.813840 0.577246
vn 0.111419 -0.992394 -0.052345
vn -0.057905 -0.946115 0.318613
vn 0.732902 -0.587551 0.342985
vn 0.818577 -0.401505 0.410763
vn 0.400715 -0.913135 -0.074914
vn 0.647093 -0.732401 0.211802
vn 0.240076 -0.903914 -0.353983
vn -0.243826 -0.957771 -0.152392
vn -0.122135 -0.874299 -0.469771
vn -0.218908 -0.763320 -0.607801
vn -0.692557 -0.701217 -0.169288
vn -0.177597 -0.754807 -0.631447
vn 0.126735 -0.965421 -0.227815
vn -0.233275 -0.882980 -0.407344
vn 0.215380 -0.925184 -0.312483
vn 0.904767 -0.283214 0.318097
vn 0.899730 -0.436283 -0.011948
vn 0.883682 -0.439336 0.161523
vn 0.995975 -0.039991 0.080216
vn 0.309262 -0.582535 0.751672
vn 0.116838 -0.587075 0.801057
vn -0.664154 -0.747441 0.015236
vn -0.315957 -0.382015 -0.868468
vn -0.192912 -0.283922 -0.939241
vn 0.588036 -0.268516 -0.762963
vn 0.942333 -0.233990 0.239286
vn -0.085171 -0.306098 0.948182
vn -0.163336 -0.618415 0.768690
vn -0.852438 -0.332825 -0.403208
vn -0.741063 -0.671411 -0.005769
vn -0.783017 -0.497873 -0.372837
vn -0.130421 -0.314202 -0.940355
vn -0.379850 -0.018466 -0.924864
vn -0.281621 -0.061931 -0.957525
vn 0.796748 0.041435 -0.602889
vn 0.712312 0.662521 0.231683
vn 0.293336 0.924363 0.243942
vn 0.784868 0.346658 0.513626
vn 0.382984 0.836869 0.391118
vn -0.514244 0.592021 0.620535
vn -0.733326 0.345457 0.585570
vn -0.287786 0.355112 0.889424
vn -0.566479 0.620036 0.542824
vn -0.368025 0.726297 0.580561
vn 0.407494 0.757505 -0.510034
vn 0.785751 0.603203 -0.136899
vn 0.676750 0.719586 -0.155582
vn 0.503922 0.850532 -0.150527
vn 0.107523 0.989182 -0.099784
vn 0.743825 0.667419 0.035727
vn 0.527812 0.829539 -0.182425
vn 0.701534 0.701031 -0.128082
vn 0.665515 0.746383 -0.001220
vn 0.325068 0.704808 -0.630537
vn -0.130684 0.941150 -0.311702
vn 0.070231 0.993097 -0.093941
vn -0.227699 0.918454 -0.323413
vn 0.353765 0.858533 -0.371176
vn 0.268055 0.799882 -0.536969
vn -0.218740 0.629696 -0.745410
vn -0.315756 0.594265 -0.739694
vn -0.482290 0.715647 -0.505218
vn -0.593634 0.410828 -0.691968
vn -0.640820 0.401581 -0.654280
vn -0.410207 0.886507 -0.214093
vn 0.064818 0.983182 -0.170739
vn -0.660271 0.750187 -0.035509
vn -0.602668 0.784575 0.145720
vn -0.396164 0.894142 -0.208719
vn -0.854389 0.440469 0.275693
vn -0.850991 0.524964 -0.015056
vn -0.425833 0.777271 0.463160
vn 0.299947 0.801649 0.517098
vn 0.271197 0.955825 0.113358
vn -0.293052 0.857505 0.422853
vn 0.042414 0.809717 0.585286
vn -0.316459 0.337533 0.886524
vn 0.479244 0.563199 0.673150
vn 0.533982 0.407741 0.740683
vn 0.453779 0.582376 0.674480
vn 0.312488 0.868285 0.385269
vn 0.014465 0.840983 0.540868
vn 0.216486 0.962135 0.165618
vn 0.197711 0.964937 0.172645
vn 0.058152 0.914580 0.400203
vn 0.608943 0.792432 0.035219
vn 0.841313 0.391215 0.373018
vn 0.881872 0.470800 -0.025473
vn 0.877873 0.470829 0.087512
vn 0.592573 0.802080 0.074336
vn 0.677101 0.727582 0.110267
vn 0.789614 0.365866 -0.492598
vn 0.818813 0.534797 -0.208656
vn 0.747564 0.619031 -0.240724
vn 0.793969 0.484037 -0.367861
vn 0.820404 0.533704 -0.205178
vn 0.188440 0.273931 -0.943108
vn 0.571817 0.374064 -0.730138
vn 0.583350 0.141230 -0.799848
vn 0.732323 0.159864 -0.661926
vn 0.843487 0.358130 -0.400340
vn 0.473366 0.334402 -0.814923
vn 0.656182 0.303494 -0.690881
vn 0.713210 0.330768 -0.618000
vn 0.223667 0.208926 -0.952010
vn -0.120415 0.287334 -0.950231
vn 0.202130 0.282154 -0.937834
vn -0.050893 -0.059257 -0.996945
vn -0.389156 -0.005291 -0.921157
vn -0.222819 0.125707 -0.966721
vn 0.138741 0.128352 -0.981976
vn -0.853925 0.224212 -0.469617
vn -0.823541 0.454629 -0.339254
vn -0.941153 0.337912 0.006753
vn -0.910113 0.126539 -0.394565
vn -0.977602 0.001322 0.210460
vn -0.996259 -0.034747 0.079129
vn -0.837813 0.545834 0.011566
vn -0.998261 0.053775 0.024151
vn -0.999233 0.038135 0.008931
vn -0.528257 -0.076964 0.845589
vn -0.733685 0.346997 0.584208
vn -0.213896 0.177211 0.960648
vn -0.355610 -0.247754 0.901199
vn -0.057937 -0.249203 0.966717
vn 0.010170 0.359760 0.932989
vn 0.308460 0.040946 0.950356
vn -0.274805 0.224361 0.934957
vn 0.913703 0.219545 0.341977
vn 0.854824 0.304109 0.420468
vn 0.844701 -0.051829 0.532723
vn 0.739654 0.662985 0.115598
vn 0.897774 0.203931 0.390402
vn 0.898887 0.295856 0.323219
vn 0.882702 0.308192 0.354761
vn 0.840604 0.239778 0.485687
vn 0.940916 0.167837 0.294123
vn 0.905247 0.423927 -0.028525
vn 0.876742 0.472769 0.088395
vn 0.978400 0.181958 0.098110
vn 0.911016 0.403694 0.084154
vn 0.520427 -0.025114 -0.853537
vn 0.189032 -0.202876 -0.960785
vn 0.432123 -0.014729 -0.901694
vn -0.312676 -0.718581 0.621188
vn -0.043761 -0.215809 -0.975455
vn -0.123740 -0.330412 -0.935690
vn 0.069126 -0.007787 -0.997578
vn 0.115257 -0.328747 -0.937359
vn 0.296116 -0.647744 -0.701956
vn -0.216035 0.057442 -0.974694
vn -0.518200 -0.289658 -0.804715
vn -0.610790 0.374415 -0.697674
vn -0.451956 -0.321686 -0.832018
vn -0.520412 -0.055787 -0.852091
vn -0.359989 -0.274304 -0.891720
vn -0.571256 -0.077044 -0.817148
vn -0.464661 -0.589439 -0.660796
vn -0.886371 -0.108824 0.450005
vn -0.800672 -0.319533 0.506778
vn -0.622661 -0.659585 0.421001
vn -0.598902 -0.417785 0.683207
vn 0.595909 -0.181765 0.782211
vn 0.851188 0.015283 0.524638
vn 0.711441 0.272155 0.647907
vn 0.467132 -0.377762 0.799427
vn 0.715648 -0.501512 0.486142
vn 0.418738 -0.650198 0.633957
vn 0.380330 -0.640104 0.667544
vn 0.871608 -0.073115 0.484719
vn 0.838769 0.446489 -0.311632
vn 0.872111 0.484733 -0.066759
vn 0.962260 -0.104073 -0.251447
vn 0.885763 0.139002 -0.442835
vn 0.807221 -0.247989 -0.535627
vn 0.940241 -0.305706 -0.149971
vn 0.840028 -0.516327 -0.166615
vn 0.604302 -0.377290 -0.701763
vn 0.224450 -0.568178 -0.791704
vn 0.623264 -0.395510 -0.674621
vn 0.496704 -0.700818 -0.511995
vn 0.073729 -0.712761 -0.697521
vn -0.226933 -0.715001 -0.661267
vn -0.253314 -0.726839 -0.638387
vn 0.020845 -0.514318 -0.857346
vn -0.163673 -0.720091 -0.674300
vn -0.170755 -0.443080 -0.880070
vn -0.046784 -0.657764 -0.751770
vn -0.406465 -0.573057 -0.711612
vn -0.218609 -0.775354 -0.592483
vn -0.087796 -0.663605 -0.742914
vn -0.311716 -0.880629 -0.356827
vn -0.288514 -0.721871 -0.629017
vn -0.313892 -0.471087 -0.824348
vn -0.479657 -0.671071 -0.565326
vn -0.392397 -0.858511 -0.330126
vn -0.566775 -0.814643 0.122976
vn -0.583524 -0.806599 0.094328
vn -0.818281 -0.571676 -0.060014
vn -0.695413 -0.702132 0.153004
vn -0.244821 -0.968332 0.048948
vn -0.344942 -0.819031 0.458479
vn 0.708316 -0.587640 -0.391112
vn 0.513252 -0.412903 -0.752385
vn 0.462382 -0.854009 -0.238476
vn 0.745271 -0.666693 -0.009603
vn 0.636038 -0.681145 -0.362626
vn 0.412179 -0.909854 -0.047688
vn 0.280615 -0.944531 -0.170635
vn 0.208151 -0.959104 -0.191814
vn 0.269135 -0.956874 -0.109358
vn 0.448730 -0.855007 -0.260008
vn 0.137391 -0.683688 0.716725
vn -0.067154 -0.913781 0.400617
vn -0.310094 -0.712211 0.629760
vn 0.836863 -0.416896 0.354765
vn 0.285065 -0.904974 0.315850
vn 0.379070 -0.647120 0.661469
vn 0.071065 -0.990346 0.119013
vn 0.447211 -0.840660 0.305441
vn -0.080151 -0.951335 0.297553
vn 0.124868 -0.854322 0.504521
vn 0.801862 -0.544365 0.246342
vn 0.780928 -0.580185 0.231381
vn 0.705860 -0.688163 0.167908
vn -0.038357 -0.955248 0.293310
vn -0.253250 -0.967295 -0.014283
vn -0.324734 -0.850535 0.413689
vn 0.003273 -0.976685 -0.214652
vn -0.214046 -0.924632 -0.315025
vn 0.959739 -0.232011 0.158341
vn 0.152195 -0.319468 0.935295
vn 0.210612 -0.307392 0.927983
vn -0.158388 -0.437875 0.884974
vn 0.269213 -0.368495 0.889795
vn -0.882422 -0.441041 0.163751
vn -0.508384 -0.627727 -0.589494
vn 0.565284 -0.294568 -0.770509
vn 0.812979 -0.361695 0.456335
vn 0.800399 -0.477719 0.362140
vn 0.964840 -0.185876 0.185830
vn 0.067960 -0.175921 0.982056
vn -0.223574 -0.034685 0.974070
vn -0.994286 -0.101975 0.031576
vn -0.920031 0.070231 -0.385502
vn -0.927535 0.029340 0.372583
vn -0.928018 0.027724 0.371503
vn -0.964392 -0.044400 -0.260724
vn -0.530974 -0.418246 -0.736978
vn -0.502409 -0.155468 -0.850538
vn -0.670316 -0.096699 -0.735749
vn -0.204754 -0.148488 -0.967485
vn 0.958919 -0.247072 -0.139388
vn 0.826431 -0.245037 -0.506921
vn 0.847796 -0.191881 -0.494393
vn 0.381151 0.762643 0.522590
vn 0.498416 0.638562 0.586361
vn 0.528985 0.647007 0.549142
vn 0.043912 0.954773 0.294077
vn -0.273554 0.910327 0.310599
vn -0.547897 0.650310 0.526219
vn -0.219532 0.940193 0.260468
vn -0.653746 0.638107 -0.406738
vn -0.490163 0.823359 -0.286044
vn -0.487748 0.813755 -0.316076
vn 0.237660 0.593179 -0.769192
vn 0.292953 0.954076 -0.062593
vn 0.037560 0.949640 -0.311084
vn 0.524353 0.680534 -0.511788
vn 0.871798 0.452911 -0.186655
vn 0.255458 0.801950 -0.540016
vn -0.225653 0.941382 -0.250759
vn 0.229690 0.922363 -0.310626
vn -0.281603 0.908300 -0.309340
vn -0.249093 0.662062 -0.706842
vn -0.331316 0.698770 -0.633995
vn -0.354612 0.867689 -0.348377
vn -0.325288 0.928547 -0.178851
vn -0.287536 0.954743 0.076084
vn -0.116112 0.971234 -0.207898
vn -0.434265 0.856174 -0.279965
vn -0.268644 0.853585 -0.446344
vn -0.315691 0.930271 -0.186909
vn -0.649141 0.760430 -0.019022
vn -0.267114 0.961666 0.062043
vn 0.139494 0.989938 0.023753
vn 0.115595 0.962657 0.244807
vn -0.036451 0.998129 0.049100
vn 0.031636 0.909324 0.414884
vn -0.060698 0.678041 0.732513
vn 0.062032 0.947759 0.312897
vn 0.530975 0.649174 0.544645
vn -0.048488 0.810504 0.583723
vn 0.073907 0.764412 0.640479
vn 0.210794 0.945420 0.248491
vn 0.503429 0.860480 0.078313
vn 0.389925 0.906298 0.163044
vn 0.418458 0.807729 0.415291
vn 0.379850 0.805547 0.454762
vn 0.673098 0.604459 0.426108
vn 0.339917 0.875114 0.344429
vn 0.706481 0.692283 0.147066
vn 0.786517 0.295727 0.542158
vn 0.690003 0.328184 0.645129
vn 0.998022 0.018084 0.060206
vn 0.651016 0.753172 0.094388
vn 0.913121 0.164798 -0.372896
vn 0.867663 0.084224 -0.489967
vn 0.896656 0.174669 -0.406815
vn -0.177062 0.068076 -0.981842
vn 0.120996 0.343885 -0.931184
vn 0.311992 0.482422 -0.818492
vn -0.477616 0.070794 -0.875712
vn -0.273994 0.421195 -0.864594
vn -0.657697 0.372398 -0.654794
vn -0.428980 0.347788 -0.833678
vn -0.835732 0.341751 -0.429834
vn -0.812160 0.555436 -0.178567
vn -0.908017 0.415235 0.055542
vn -0.812344 0.574954 0.097600
vn -0.088228 0.179936 0.979714
vn -0.258695 0.169057 0.951050
vn 0.107365 0.133652 0.985195
vn 0.237368 0.437786 0.867179
vn -0.104854 0.586850 0.802878
vn 0.476601 0.340785 0.810381
vn 0.538742 0.254406 0.803140
vn 0.785638 0.278179 0.552620
vn 0.910292 -0.055335 0.410251
vn 0.701617 -0.026488 0.712062
vn 0.891012 -0.064750 0.449338
vn 0.852931 -0.130322 0.505494
vn 0.780675 0.279760 0.558820
vn 0.803573 0.052376 0.592897
vn 0.484008 -0.159427 -0.860418
vn 0.503568 -0.153184 -0.850267
vn -0.106987 -0.065129 -0.992125
vn 0.416873 -0.372678 -0.829053
vn 0.707232 -0.199036 -0.678386
vn -0.184891 -0.166289 -0.968588
vn -0.172771 -0.467514 -0.866938
vn -0.034800 -0.572565 -0.819120
vn -0.970770 0.027332 -0.238451
vn -0.825674 -0.261181 -0.500046
vn -0.833090 0.094997 -0.544918
vn -0.744109 -0.256712 -0.616767
vn -0.810691 -0.250529 -0.529164
vn -0.663490 -0.629074 -0.405028
vn -0.750456 -0.618345 -0.233378
vn -0.771831 -0.488664 -0.406798
vn -0.854599 0.022851 -0.518785
vn -0.251985 0.162115 0.954056
vn -0.500110 0.108622 0.859122
vn -0.410375 0.793946 0.448599
vn -0.532284 -0.172573 0.828790
vn -0.950252 0.026259 0.310374
vn -0.786459 -0.238117 0.569897
vn -0.528064 -0.554156 0.643475
vn -0.099202 -0.390008 0.915452
vn -0.400977 -0.297159 0.866553
vn 0.191965 0.140822 0.971246
vn 0.619383 0.288956 0.729979
vn 0.385484 -0.196981 0.901444
vn 0.802353 -0.427708 0.416287
vn 0.864975 -0.500150 0.040846
vn 0.928631 -0.304387 -0.212115
vn 0.804373 -0.536240 0.255794
vn 0.907434 -0.344567 0.240493
vn 0.909371 -0.389206 -0.146839
vn 0.885114 -0.443614 -0.140644
vn 0.765090 -0.614543 -0.192284
vn 0.713168 -0.693043 -0.105272
vn 0.540098 -0.629168 -0.558965
vn 0.458899 -0.672098 -0.581116
vn -0.041693 -0.815808 -0.576818
vn -0.307117 0.022568 -0.951404
vn -0.410429 -0.850515 -0.328894
vn -0.485094 -0.785443 -0.384399
vn -0.553523 -0.804831 -0.214147
vn -0.472823 -0.866807 0.158379
vn -0.659592 -0.739950 -0.131955
vn -0.838185 -0.542641 0.054653
vn -0.499083 -0.724496 0.475417
vn -0.448949 -0.891393 0.062149
vn -0.459378 -0.771637 0.439941
vn -0.627680 -0.769590 0.117252
vn -0.536553 -0.730206 0.422977
vn -0.745628 -0.651633 0.139332
vn -0.527219 -0.766382 0.367014
vn -0.269125 -0.720655 0.638928
vn -0.124746 -0.810584 0.572182
vn -0.171364 -0.794470 0.582625
vn 0.903357 -0.401750 -0.150141
vn 0.783594 -0.570285 0.246485
vn 0.830621 -0.551943 0.073672
vn 0.835200 -0.547651 -0.050190
vn 0.517800 -0.851315 0.084527
vn 0.221520 -0.607894 0.762492
vn -0.164807 -0.826469 0.538319
vn -0.037108 -0.646756 0.761794
vn -0.106230 -0.391616 0.913976
vn -0.130529 -0.493443 0.859928
vn 0.218713 -0.902348 0.371392
vn 0.445612 -0.718339 0.534246
vn 0.312958 -0.939681 0.138043
vn -0.130297 -0.962522 0.237851
vn -0.164387 -0.930581 0.327101
vn 0.497688 -0.832305 0.244078
vn 0.574911 -0.756908 0.310753
vn 0.340337 -0.895340 0.287293
vn -0.004041 -0.929978 0.367592
vn -0.273512 -0.916691 0.291323
vn -0.344613 -0.887242 0.306666
vn 0.213583 -0.960482 0.178487
vn -0.312364 -0.914648 0.256608
vn -0.184213 -0.967483 -0.173325
vn -0.275239 -0.880219 -0.386599
vn -0.100105 -0.956120 -0.275344
vn 0.390434 -0.893794 -0.220666
vn 0.329282 -0.922060 -0.203416
vn 0.768469 -0.638346 0.044386
vn 0.901891 -0.424214 0.081456
vn 0.993495 0.113392 0.010449
vn -0.253949 -0.792988 0.553787
vn 0.404376 -0.005368 0.914577
vn 0.022407 -0.572385 0.819678
vn 0.003580 -0.653570 0.756858
vn -0.052602 -0.664431 0.745496
vn 0.191216 -0.764052 0.616167
vn 0.406316 -0.166092 0.898511
vn -0.683430 -0.707935 0.178190
vn -0.568485 -0.816665 0.099413
vn -0.515486 -0.706736 0.484560
vn -0.388076 -0.595847 -0.703110
vn -0.309922 -0.277102 -0.909485
vn -0.507614 -0.752384 -0.419818
vn -0.471070 -0.625793 -0.621672
vn -0.411271 -0.305008 -0.858968
vn 0.645214 -0.164519 -0.746078
vn 0.352632 -0.476979 -0.805072
vn 0.362816 -0.728093 -0.581588
vn 0.620221 -0.260052 -0.740067
vn 0.839754 -0.461522 0.286026
vn 0.866474 -0.427546 0.257735
vn -0.181231 -0.649090 0.738808
vn -0.244993 -0.020919 0.969299
vn -0.953434 -0.298025 0.046310
vn -0.921941 -0.384071 -0.050143
vn -0.956527 -0.259222 -0.133645
vn -0.578230 -0.240291 -0.779686
vn 0.693987 -0.493813 -0.523957
vn 0.878302 -0.199301 -0.434587
vn 0.264029 0.846435 0.462424
vn 0.760612 0.635365 0.133343
vn 0.541965 0.709757 0.450021
vn 0.194687 0.949315 0.246775
vn 0.287872 0.898380 0.331728
vn -0.166335 0.774247 0.610635
vn -0.493593 0.700715 0.515136
vn -0.391060 0.825631 0.406700
vn -0.568317 0.801142 -0.187584
vn -0.670076 0.707197 -0.225546
vn -0.482546 0.742000 -0.465387
vn 0.118086 0.691593 -0.712569
vn 0.091981 0.644913 -0.758700
vn 0.244420 0.477174 -0.844135
vn -0.244429 0.520199 -0.818320
vn 0.029541 0.855900 -0.516297
vn 0.709637 0.611553 -0.349883
vn 0.099684 0.966860 -0.235041
vn 0.226332 0.968504 -0.103796
vn 0.425747 0.894285 -0.137820
vn 0.462854 0.818294 -0.340826
vn 0.598887 0.763690 -0.241067
vn 0.522060 0.514367 -0.680353
vn 0.316960 0.803848 -0.503354
vn -0.277922 0.804308 -0.525211
vn -0.211732 0.827003 -0.520802
vn -0.367781 0.817270 -0.443630
vn -0.250671 0.513869 -0.820429
vn -0.250925 0.840612 -0.480009
vn -0.301961 0.915105 -0.267212
vn -0.356666 0.890255 -0.283257
vn 0.357806 0.918937 -0.165920
vn -0.407009 0.912818 0.033258
vn -0.380303 0.924500 -0.025886
vn -0.427019 0.881219 -0.202752
vn -0.637295 0.770199 0.025482
vn -0.317800 0.947321 0.039831
vn -0.595276 0.750980 0.285789
vn -0.609878 0.792468 -0.006628
vn -0.534219 0.774254 0.339323
vn -0.058174 0.917957 0.392392
vn -0.130779 0.985452 0.108538
vn -0.113127 0.977862 0.176036
vn -0.112591 0.978281 0.174037
vn -0.136762 0.910037 0.391316
vn -0.234861 0.829651 0.506477
vn -0.069063 0.991961 0.106041
vn -0.284038 0.926637 0.246304
vn -0.089631 0.980412 0.175383
vn 0.104701 0.956351 0.272819
vn 0.051145 0.884302 0.464106
vn -0.054925 0.785182 0.616824
vn 0.256528 0.966466 -0.011675
vn 0.569314 0.817901 0.083182
vn 0.641285 0.761052 -0.097735
vn 0.740068 0.671387 -0.039231
vn 0.655484 0.670798 0.346945
vn 0.870666 0.462761 -0.166715
vn 0.955400 -0.068747 -0.287203
vn 0.703658 0.630492 -0.327636
vn 0.895460 0.310105 -0.319353
vn 0.547518 0.388158 -0.741321
vn -0.277093 0.372214 -0.885820
vn 0.061991 -0.100866 -0.992967
vn -0.084657 0.205655 -0.974956
vn -0.441204 0.352627 -0.825223
vn -0.180445 -0.042094 -0.982684
vn -0.436325 0.330343 -0.836955
vn -0.423370 0.000517 -0.905957
vn -0.446952 0.225250 -0.865734
vn -0.653492 0.292982 -0.697932
vn -0.246640 0.689498 -0.681001
vn -0.800380 0.512518 -0.310994
vn -0.675680 0.616973 -0.403485
vn -0.925505 -0.271571 -0.263989
vn -0.976577 0.020304 0.214210
vn -0.873585 0.486410 -0.015954
vn -0.872033 0.404886 0.275001
vn -0.501137 0.798130 0.334439
vn -0.369632 0.739637 0.562414
vn -0.414996 0.735307 0.535819
vn -0.240587 0.258977 0.935441
vn -0.016358 0.478472 0.877951
vn -0.192170 0.580121 0.791536
vn -0.046377 0.783205 0.620032
vn 0.746735 0.497107 0.441896
vn 0.571937 -0.196820 0.796335
vn 0.382651 0.740002 0.553150
vn 0.429955 0.769506 0.472229
vn 0.938580 0.296795 0.176013
vn 0.854104 0.378874 0.356315
vn 0.908943 0.387881 0.152877
vn 0.981412 0.090828 0.169058
vn 0.875960 0.474854 -0.084891
vn 0.869432 0.451439 0.200725
vn -0.128261 -0.133557 -0.982706
vn 0.273740 0.384230 -0.881722
vn -0.065836 0.095663 -0.993234
vn 0.014639 -0.743487 -0.668590
vn 0.531963 -0.453033 -0.715385
vn 0.574189 -0.268655 -0.773390
vn 0.173095 -0.564557 -0.807040
vn -0.214104 -0.648346 -0.730621
vn 0.185522 -0.565813 -0.803391
vn -0.177700 -0.550705 -0.815565
vn -0.108673 -0.212832 -0.971027
vn -0.559470 0.313754 -0.767171
vn -0.560809 0.311347 -0.767175
vn -0.649499 -0.270753 -0.710523
vn -0.696826 0.392019 -0.600628
vn -0.729363 -0.002253 -0.684123
vn -0.777589 -0.243969 -0.579513
vn -0.621170 -0.227823 -0.749829
vn -0.647287 -0.654564 -0.390598
vn -0.862544 -0.335976 -0.378335
vn -0.621597 0.349014 0.701289
vn -0.491390 0.018036 0.870753
vn -0.644307 0.356290 0.676702
vn -0.702755 0.554388 0.445857
vn -0.817110 -0.115693 0.564754
vn -0.961492 0.025321 0.273666
vn -0.893601 -0.150101 0.423022
vn -0.608952 -0.608084 0.509324
vn -0.551625 -0.340061 0.761622
vn 0.151630 0.062330 0.986470
vn -0.122840 -0.502494 0.855810
vn 0.676797 -0.096478 0.729821
vn 0.295718 0.092658 0.950771
vn -0.136219 -0.288743 0.947667
vn 0.320278 -0.662603 0.677037
vn 0.300856 -0.492722 0.816523
vn 0.529388 -0.144781 0.835935
vn 0.343778 -0.780121 0.522712
vn 0.718219 -0.573280 0.394350
vn 0.993974 0.097570 0.049957
vn 0.989981 -0.141198 -0.000385
vn 0.950795 -0.308369 0.029956
vn 0.983656 -0.103225 -0.147533
vn 0.911104 -0.379853 -0.160003
vn 0.906644 -0.379471 -0.184387
vn 0.936231 -0.326723 -0.129317
vn 0.701594 -0.624078 -0.343937
vn 0.969928 -0.136619 -0.201432
vn 0.680492 -0.521006 -0.515252
vn 0.500309 -0.739217 -0.450831
vn 0.142138 -0.804194 -0.577121
vn 0.162660 -0.817800 -0.552037
vn 0.446254 -0.813776 -0.372324
vn -0.060492 -0.841411 -0.537000
vn 0.327469 -0.741743 -0.585305
vn -0.261738 -0.737056 -0.623091
vn 0.285625 -0.736161 -0.613584
vn -0.462978 -0.605838 -0.647001
vn -0.298343 -0.798490 -0.522881
vn -0.428434 -0.902917 -0.034433
vn -0.435889 -0.896823 -0.075557
vn -0.367457 -0.929366 -0.035414
vn -0.448940 -0.829424 0.332428
vn -0.572667 -0.815100 0.087548
vn -0.343210 -0.891841 0.294662
vn -0.177959 -0.967493 0.179689
vn -0.353817 -0.887307 0.295804
vn -0.008703 -0.842383 0.538808
vn 0.785777 -0.603010 -0.137598
vn 0.739118 -0.646161 -0.190211
vn 0.780303 -0.521557 -0.345116
vn 0.760942 -0.636393 0.126375
vn 0.608886 -0.781380 0.136760
vn 0.520388 -0.848775 -0.093693
vn 0.318149 -0.930207 0.183019
vn 0.478272 -0.878098 0.014132
vn 0.035450 -0.995092 0.092386
vn 0.071696 -0.824072 0.561929
vn 0.085951 -0.848974 0.521397
vn 0.181181 -0.784343 0.593278
vn -0.240569 -0.841433 0.483857
vn 0.102468 -0.827690 0.551751
vn 0.285836 -0.899322 0.330935
vn 0.189433 -0.917026 0.350967
vn 0.238746 -0.826663 0.509537
vn 0.564317 -0.737467 0.371064
vn 0.324452 -0.806236 0.494686
vn 0.718226 -0.576813 0.389150
vn 0.346472 -0.923737 0.163303
vn 0.372880 -0.864166 0.337902
vn -0.061434 -0.741311 0.668344
vn -0.146371 -0.802211 0.578821
vn 0.089848 -0.762465 0.640761
vn 0.720451 -0.692655 -0.034327
vn 0.804586 -0.585661 -0.098191
vn -0.062495 -0.801867 0.594225
vn -0.378917 -0.924202 0.047669
vn -0.074013 -0.996379 -0.041836
vn -0.444234 -0.889064 -0.110553
vn 0.584141 -0.713249 -0.387369
vn 0.248568 -0.892298 -0.376853
vn 0.908270 0.408040 0.092460
vn 0.992943 -0.080436 0.087147
vn 0.055008 -0.498167 0.865334
vn 0.034868 -0.361702 0.931641
vn 0.803978 0.067130 -0.590858
vn 0.490499 -0.761302 0.424064
vn 0.715517 -0.036508 0.697640
vn -0.502856 0.037494 0.863557
vn -0.146448 -0.378262 0.914041
vn -0.071137 -0.502199 0.861821
vn -0.410589 -0.324476 0.852134
vn -0.177329 -0.404369 -0.897240
vn -0.205688 -0.482112 -0.851622
vn 0.312249 0.614900 0.724153
vn -0.034333 0.655844 0.754115
vn -0.267186 0.570107 0.776910
vn -0.515148 0.709986 -0.480148
vn -0.778057 0.241096 -0.580086
vn 0.285704 0.286860 -0.914377
vn 0.274503 0.290017 -0.916808
vn 0.734463 0.676679 -0.051664
vn 0.966044 0.086732 -0.243387
vn 0.690397 0.722549 0.035700
vn 0.600307 0.591122 -0.538707
vn 0.453248 0.515950 -0.726885
vn -0.332257 0.875645 -0.350501
vn -0.605225 0.686293 -0.403367
vn -0.562056 0.709724 -0.424718
vn -0.557727 0.683141 -0.471444
vn -0.463935 0.851229 0.245305
vn -0.593612 0.801877 0.067961
vn -0.437006 0.870275 0.227260
vn -0.589150 0.806642 0.047231
vn -0.086827 0.851183 0.517637
vn -0.463539 0.832315 0.303946
vn 0.104237 0.993942 0.034839
vn 0.015398 0.966256 0.257123
vn -0.484532 0.678072 0.552672
vn -0.454532 0.347615 0.820100
vn -0.464926 0.662547 0.587260
vn 0.093990 0.903215 0.418771
vn -0.167973 0.861357 0.479425
vn 0.203383 0.420346 0.884277
vn 0.295279 0.754258 0.586433
vn 0.434507 0.721955 0.538502
vn 0.665725 0.652621 0.361795
vn 0.841966 0.498140 0.207244
vn 0.694493 0.662290 -0.281160
vn 0.992686 0.120485 -0.007641
vn 0.802437 0.063485 -0.593350
vn 0.636108 -0.263760 -0.725119
vn 0.446074 -0.269288 -0.853523
vn 0.205920 0.241634 -0.948267
vn -0.419701 -0.133272 -0.897825
vn -0.407753 -0.124665 -0.904542
vn -0.409087 -0.124511 -0.903961
vn -0.726196 0.221257 -0.650911
vn -0.609088 0.480233 -0.631180
vn -0.481378 -0.157713 -0.862207
vn -0.942930 -0.066608 -0.326261
vn -0.894791 0.392339 -0.213118
vn -0.962233 0.039070 0.269408
vn -0.904006 -0.034781 0.426104
vn 0.205844 0.546142 0.812008
vn 0.412940 0.488151 0.768888
vn 0.541716 0.431929 0.721097
vn 0.850651 0.463015 0.249019
vn 0.382222 -0.020366 -0.923846
vn 0.248270 -0.135549 -0.959160
vn 0.668734 -0.094265 -0.737502
vn 0.415941 0.073948 -0.906380
vn -0.197272 -0.437128 -0.877498
vn -0.787395 -0.428749 -0.442926
vn -0.718202 -0.324847 -0.615354
vn -0.708073 -0.332579 -0.622916
vn -0.705447 -0.343371 -0.620033
vn -0.891065 0.073167 0.447941
vn -0.792760 -0.088087 0.603135
vn -0.956692 -0.030408 0.289510
vn -0.548431 -0.008150 0.836156
vn -0.761175 -0.287775 0.581204
vn -0.689156 -0.302886 0.658274
vn -0.590231 0.055394 0.805331
vn 0.589836 0.273632 0.759750
vn 0.208109 -0.169531 0.963301
vn 0.354005 -0.331359 0.874575
vn 0.747696 -0.509030 0.426426
vn 0.783639 0.585504 0.207592
vn 0.817413 0.147919 -0.556736
vn 0.843288 0.533509 -0.065061
vn 0.813117 -0.094001 -0.574460
vn 0.917766 0.105838 0.382759
vn 0.975827 0.065737 -0.208422
vn 0.947281 -0.188541 -0.259057
vn 0.827551 -0.302013 -0.473231
vn 0.712516 0.082750 -0.696759
vn 0.798954 0.010973 -0.601293
vn 0.345766 -0.367797 -0.863233
vn 0.292225 -0.468995 -0.833456
vn 0.424462 -0.765348 -0.483813
vn 0.323856 -0.401142 -0.856856
vn -0.389479 -0.475884 -0.788568
vn -0.318886 -0.639528 -0.699511
vn -0.327490 -0.672672 -0.663523
vn -0.454392 -0.817054 -0.354896
vn -0.805497 -0.575372 -0.141851
vn -0.798045 -0.399262 0.451348
vn -0.311565 -0.785101 0.535298
vn -0.509474 -0.568745 0.645729
vn -0.074844 -0.790165 0.608307
vn 0.894394 -0.306610 -0.325653
vn 0.822183 -0.498879 -0.274108
vn -0.184025 -0.786345 0.589742
vn 0.368430 -0.714783 0.594428
vn 0.109758 -0.993267 -0.037068
vn 0.932710 -0.226275 0.280806
vn 0.468206 -0.743699 0.477174
vn 0.805130 -0.474397 0.355968
vn 0.737118 -0.400363 0.544395
vn 0.807400 -0.470166 0.356439
vn -0.443011 -0.896426 0.012705
vn -0.262784 -0.870447 0.416253
vn -0.493645 -0.631117 -0.598336
vn 0.032026 -0.913939 -0.404586
vn 0.729476 -0.244635 0.638763
vn 0.371771 -0.777028 0.507951
vn 0.021012 -0.627348 0.778456
vn 0.231646 -0.584186 0.777861
vn 0.024845 -0.185882 0.982258
vn 0.301719 -0.258866 0.917580
vn -0.702044 -0.710572 0.047135
vn -0.697743 -0.636833 0.328023
vn -0.814748 -0.403776 0.416115
vn -0.477079 -0.332772 -0.813424
vn -0.678855 -0.530589 -0.507575
vn -0.230225 -0.678323 -0.697764
vn 0.223684 -0.667943 -0.709801
vn 0.539355 -0.157121 -0.827290
vn 0.602619 -0.198971 -0.772827
vn 0.837588 -0.224996 0.497819
vn 0.892096 -0.293406 0.343626
vn -0.245516 -0.215915 0.945041
vn -0.918028 -0.175442 -0.355590
vn -0.886190 -0.386818 -0.255027
vn -0.965751 -0.019396 0.258743
vn -0.817042 -0.038241 -0.575309
vn 0.711791 -0.424513 -0.559592
vn 0.812867 -0.369095 -0.450572
vn 0.790505 -0.141858 -0.595800
vn 0.378136 0.693878 0.612818
vn 0.585106 0.564774 0.581963
vn -0.391162 0.718266 0.575400
vn -0.594573 0.496068 0.632771
vn -0.351970 0.517313 0.780067
vn -0.594958 0.490788 -0.636515
vn -0.876158 0.420706 -0.235274
vn 0.733152 0.533019 -0.422348
vn 0.846441 0.273650 -0.456787
vn -0.002547 0.978721 -0.205179
vn 0.333642 0.942605 0.013386
vn 0.234311 0.825323 -0.513752
vn 0.134224 0.981612 0.135730
vn 0.745485 0.330333 -0.578906
vn 0.557226 0.465136 -0.687858
vn 0.537318 0.613048 -0.579190
vn 0.223839 0.784640 -0.578131
vn -0.077878 0.884273 -0.460430
vn -0.266823 0.849368 -0.455389
vn 0.201740 0.735544 -0.646742
vn 0.266856 0.771211 -0.577946
vn 0.083220 0.738366 -0.669246
vn -0.094728 0.657654 -0.747340
vn -0.411073 0.531940 -0.740310
vn -0.605431 0.410922 -0.681613
vn -0.445264 0.890705 -0.091572
vn -0.440247 0.845171 0.303100
vn -0.479486 0.859520 -0.176968
vn -0.759055 0.638577 -0.126709
vn -0.534899 0.737549 -0.412194
vn -0.553297 0.700403 0.450886
vn -0.654440 0.578558 0.486805
vn -0.687440 0.604473 0.402541
vn -0.626980 0.658656 0.416014
vn -0.594547 0.768374 0.236886
vn 0.070400 0.819295 0.569034
vn 0.220191 0.973947 -0.054241
vn -0.163371 0.672996 0.721378
vn -0.077740 0.852462 0.516976
vn -0.371694 0.516080 0.771690
vn -0.181263 0.686613 0.704064
vn -0.819381 0.412040 0.398546
vn 0.243718 0.596153 0.764986
vn 0.238167 0.718763 0.653190
vn 0.162984 0.851936 0.497636
vn 0.242968 0.932516 0.267172
vn 0.436017 0.716436 0.544618
vn 0.881532 0.334407 0.333278
vn 0.843307 0.443229 0.303943
vn 0.783396 0.420801 0.457402
vn 0.848784 0.261686 -0.459441
vn 0.942876 0.331909 -0.028650
vn 0.646280 -0.015014 -0.762953
vn 0.671063 0.102069 -0.734341
vn 0.382898 0.529202 -0.757189
vn 0.048580 0.328122 -0.943385
vn 0.044319 0.310546 -0.949525
vn -0.046919 0.782790 -0.620515
vn -0.451246 0.107208 -0.885936
vn -0.574787 0.536863 -0.617574
vn -0.836584 0.506139 -0.209644
vn -0.903557 0.233678 -0.359136
vn -0.864068 0.336557 -0.374320
vn -0.976662 0.184914 -0.109262
vn -0.918551 0.373119 0.130563
vn -0.893496 -0.434567 -0.113205
vn -0.694705 0.574634 0.432644
vn -0.504824 0.072716 0.860154
vn -0.761739 0.272422 0.587827
vn -0.212177 0.129370 0.968630
vn -0.455134 0.016416 0.890272
vn 0.655862 0.335766 0.676096
vn 0.572224 0.554992 0.603774
vn 0.824069 0.151834 0.545762
vn 0.807473 0.338251 0.483295
vn 0.864343 0.328827 0.380504
vn 0.780203 0.415444 0.467643
vn 0.342828 0.407558 -0.846384
vn 0.358779 0.380055 -0.852546
vn 0.086039 -0.178725 -0.980130
vn 0.351714 -0.128484 -0.927248
vn 0.600390 -0.194887 -0.775597
vn 0.430566 -0.494272 -0.755187
vn 0.238259 -0.083705 -0.967588
vn 0.284288 -0.463712 -0.839137
vn 0.131789 -0.067221 -0.988996
vn 0.178465 -0.540149 -0.822429
vn -0.698266 -0.039792 -0.714732
vn -0.571255 0.542971 -0.615508
vn -0.528625 -0.691226 -0.492710
vn -0.635930 -0.196245 -0.746379
vn -0.809400 0.159862 -0.565080
vn -0.749808 -0.419583 -0.511603
vn -0.864032 -0.019220 -0.503069
vn -0.725618 -0.333470 0.601894
vn -0.750226 -0.353179 0.558950
vn -0.751530 -0.275035 0.599632
vn -0.562721 -0.728565 0.390561
vn -0.585700 -0.679344 0.442094
vn -0.578611 -0.656752 0.483617
vn -0.631240 -0.511177 0.583297
vn -0.239509 -0.586410 0.773795
vn -0.596106 -0.340758 0.727009
vn 0.524768 0.070260 0.848341
vn 0.333332 -0.164156 0.928409
vn 0.516423 -0.141482 0.844565
vn 0.650352 0.220496 0.726927
vn 0.274656 -0.034904 0.960909
vn 0.270233 0.416069 0.868252
vn 0.356581 -0.205657 0.911348
vn 0.680714 -0.282916 0.675712
vn 0.722497 -0.194065 0.663579
vn 0.606232 -0.170252 0.776851
vn 0.649006 -0.099810 0.754208
vn 0.616114 -0.460025 0.639359
vn 0.980042 0.170136 0.102817
vn 0.955353 0.094763 0.279856
vn 0.911667 -0.318623 -0.259504
vn 0.986300 -0.030784 0.162065
vn 0.943331 0.330765 -0.026848
vn 0.967866 -0.043374 0.247699
vn 0.957696 -0.002794 0.287768
vn 0.938279 -0.339117 -0.068055
vn 0.947850 -0.308664 -0.079417
vn 0.956865 -0.287458 0.042157
vn 0.795691 -0.516634 -0.316172
vn 0.520008 -0.689667 -0.503937
vn 0.398762 -0.742291 -0.538509
vn 0.568860 -0.617977 -0.542681
vn 0.043047 -0.799754 -0.598782
vn -0.501650 -0.655221 -0.564829
vn 0.034596 -0.802020 -0.596295
vn -0.172844 -0.561680 -0.809098
vn -0.334169 -0.913974 -0.230178
vn -0.595563 -0.798308 -0.089495
vn -0.452643 -0.856659 -0.247488
vn -0.631504 -0.749307 -0.199351
vn -0.355519 -0.930657 -0.086506
vn -0.463169 -0.884046 -0.062741
vn -0.696765 -0.711472 0.091249
vn -0.428674 -0.902184 0.047978
vn -0.422210 -0.895759 0.139121
vn -0.496351 -0.832333 0.246694
vn -0.291572 -0.811579 0.506285
vn -0.289880 -0.929994 0.226009
vn -0.499122 -0.837857 0.221072
vn 0.789103 -0.605337 -0.104327
vn 0.630754 -0.706506 -0.320935
vn 0.703064 -0.423545 -0.571236
vn 0.594222 -0.788798 -0.157158
vn 0.514026 -0.801882 0.304569
vn -0.064767 -0.983364 0.169708
vn 0.449499 -0.893257 -0.006460
vn 0.399709 -0.909717 0.112463
vn 0.744750 -0.436284 0.504979
vn -0.172370 -0.912297 0.371486
vn 0.543207 -0.719511 0.432701
vn 0.487098 -0.590834 0.643157
vn 0.218117 -0.895450 0.388066
vn 0.397517 -0.736855 0.546831
vn 0.540830 -0.712254 0.447433
vn 0.921071 -0.204983 0.331074
vn 0.573149 -0.657461 0.489128
vn -0.146825 -0.925943 0.347954
vn 0.374534 -0.799282 0.469971
vn 0.450784 -0.871678 0.192277
vn 0.749284 -0.517760 0.412914
vn 0.450894 -0.726929 0.517946
vn -0.431831 -0.831038 0.350568
vn -0.407720 -0.907899 0.097383
vn -0.299533 -0.927414 0.224015
vn 0.262416 -0.878410 0.399416
vn 0.005331 -0.915117 -0.403152
vn -0.437892 -0.838562 -0.324136
vn 0.793260 -0.567569 0.220466
vn -0.291652 -0.429434 0.854708
vn -0.415747 -0.583293 0.697799
vn 0.017498 -0.660576 0.750555
vn -0.467775 -0.539440 0.700136
vn -0.294007 -0.487515 0.822124
vn -0.755997 -0.298855 -0.582369
vn -0.855634 -0.459748 -0.237746
vn 0.604536 -0.444979 -0.660704
vn 0.482944 -0.547698 -0.683222
vn 0.694770 -0.144615 0.704544
vn 0.885840 -0.206814 0.415350
vn 0.709334 -0.255700 0.656858
vn -0.511484 -0.569903 0.643113
vn -0.433708 -0.219121 0.874004
vn -0.942496 -0.225917 0.246298
vn 0.812967 -0.213644 -0.541702
vn 0.690114 0.458752 0.559723
vn 0.735204 0.411763 0.538449
vn -0.837176 0.153873 0.524843
vn -0.904405 0.262293 0.336532
vn -0.951282 0.308129 -0.010928
vn -0.643503 0.657578 -0.391785
vn -0.513471 0.623280 -0.589805
vn 0.061155 0.498161 -0.864926
vn 0.582089 0.716919 -0.383667
vn 0.802850 0.595973 -0.015744
vn -0.612326 0.729896 -0.303823
vn 0.167902 0.982261 -0.083502
vn 0.021669 0.996463 -0.081187
vn 0.617021 0.696935 -0.365468
vn 0.345474 0.848756 -0.400326
vn 0.622438 0.553380 -0.553481
vn 0.344444 0.848449 -0.401862
vn -0.204630 0.566229 -0.798443
vn 0.585238 0.587956 -0.558394
vn 0.124896 0.756217 -0.642290
vn -0.205528 0.975598 -0.077249
vn -0.524330 0.771134 -0.361152
vn -0.476929 0.547527 -0.687570
vn -0.486096 0.557109 -0.673306
vn -0.531808 0.740412 -0.411060
vn -0.911430 0.062789 -0.406636
vn -0.762150 0.601212 0.240148
vn -0.665408 0.739865 -0.099153
vn -0.810815 0.585279 -0.005322
vn -0.909180 0.411530 0.063520
vn -0.915362 0.385208 0.117163
vn -0.793272 0.608114 0.030276
vn -0.580453 0.813479 0.036416
vn -0.608045 0.717144 0.340567
vn -0.526970 0.404065 0.747686
vn 0.097852 0.376092 0.921401
vn -0.091977 0.672778 0.734105
vn 0.114905 0.471983 0.874088
vn 0.220487 0.963566 0.151411
vn -0.123584 0.984072 0.127788
vn 0.557355 0.756558 0.342016
vn 0.601824 0.650428 0.463413
vn 0.612861 0.638478 0.465562
vn -0.009379 0.803435 0.595318
vn 0.817939 0.527798 0.228922
vn 0.989048 0.067336 -0.131336
vn 0.870424 0.353187 -0.342959
vn 0.974167 -0.169696 -0.149002
vn 0.982951 0.182529 -0.022157
vn 0.925020 0.353825 -0.138371
vn 0.821841 0.564827 0.074483
vn 0.810307 0.226773 -0.540349
vn 0.836718 -0.187380 -0.514580
vn 0.754883 -0.216533 -0.619084
vn 0.782381 0.239343 -0.574974
vn 0.650879 0.443795 -0.615957
vn -0.677660 0.289468 -0.676006
vn -0.305531 0.406069 -0.861255
vn -0.078755 -0.445201 -0.891960
vn -0.639473 0.109798 -0.760933
vn -0.673575 -0.072378 -0.735566
vn -0.519182 0.093170 -0.849570
vn -0.807256 0.333098 -0.487221
vn -0.895979 0.148284 -0.418609
vn -0.694868 0.718544 -0.029214
vn -0.966887 0.049047 -0.250446
vn -0.897404 0.422691 -0.126482
vn -0.963029 0.269352 0.004933
vn -0.877533 0.474117 -0.071764
vn -0.949129 0.312081 0.041942
vn -0.996762 -0.080350 0.002997
vn -0.854580 0.256153 0.451751
vn -0.886514 0.457676 0.068018
vn -0.782386 0.035661 0.621772
vn -0.511933 -0.346973 0.785834
vn -0.671197 -0.679878 0.295400
vn -0.597216 -0.128252 0.791760
vn -0.070684 0.068888 0.995117
vn 0.729320 0.308537 0.610654
vn 0.826805 -0.200360 0.525594
vn 0.852459 0.129137 0.506594
vn 0.650009 0.355119 0.671847
vn 0.914199 0.090628 0.395001
vn 0.960133 -0.010282 0.279355
vn -0.210346 -0.320571 -0.923574
vn -0.239777 -0.105649 -0.965062
vn 0.461283 -0.559315 -0.688756
vn -0.016161 -0.787146 -0.616554
vn -0.162044 -0.274748 -0.947763
vn 0.078049 -0.896463 -0.436191
vn -0.318518 -0.649767 -0.690181
vn -0.164178 -0.266329 -0.949797
vn -0.895172 0.065885 -0.440826
vn -0.963641 -0.070882 -0.257626
vn -0.968463 -0.068445 -0.239574
vn -0.968768 -0.072051 -0.237270
vn -0.970752 -0.204166 0.126320
vn -0.997756 -0.054604 0.038751
vn -0.926321 -0.114400 0.358945
vn -0.947738 -0.303306 0.098991
vn -0.916137 0.194275 0.350642
vn -0.798681 -0.252508 0.546212
vn -0.842079 -0.256587 0.474411
vn 0.032124 -0.840727 0.540506
vn 0.026275 -0.656849 0.753564
vn 0.379457 -0.341903 0.859718
vn 0.981013 0.163452 0.104387
vn 0.979067 -0.025259 0.201967
vn 0.911831 0.098532 0.398568
vn 0.966879 -0.232989 -0.104219
vn 0.983300 0.088246 -0.159167
vn 0.109224 -0.605488 -0.788324
vn 0.300621 -0.554573 -0.775936
vn 0.234710 -0.386928 -0.891739
vn -0.098462 -0.811504 -0.575992
vn -0.473195 -0.838405 -0.270487
vn -0.651945 -0.731328 0.200315
vn -0.588424 -0.767436 -0.254558
vn -0.925392 -0.375413 0.052106
vn -0.801889 -0.569464 -0.180791
vn -0.865843 -0.450281 -0.218090
vn -0.894596 -0.363764 0.259565
vn -0.776705 -0.553517 0.300580
vn -0.816936 -0.394737 0.420474
vn -0.544057 -0.061384 0.836800
vn -0.315209 -0.732598 0.603277
vn -0.480417 -0.688009 0.543915
vn -0.715791 -0.314295 0.623587
vn 0.663504 -0.745839 0.059041
vn 0.315298 -0.940656 -0.125510
vn 0.108397 -0.941974 0.317703
vn 0.333515 -0.923666 0.188701
vn -0.588765 -0.585489 0.557278
vn 0.264279 -0.809192 0.524752
vn -0.112036 -0.881035 -0.459592
vn 0.138732 -0.990293 0.008515
vn 0.075872 -0.977045 -0.199062
vn 0.117856 -0.970702 -0.209398
vn 0.248955 -0.874732 -0.415770
vn -0.240962 -0.970287 0.021910
vn -0.237851 -0.957998 -0.160207
vn -0.116834 -0.785282 -0.608015
vn -0.171268 -0.846376 -0.504296
vn 0.021188 -0.762101 -0.647111
vn 0.089823 -0.758420 -0.645547
vn 0.180910 -0.829296 -0.528715
vn 0.936400 -0.337214 -0.097163
vn 0.450561 -0.708936 -0.542591
vn -0.202320 -0.714961 0.669252
vn -0.227795 -0.496464 0.837636
vn 0.097667 -0.487475 0.867657
vn -0.958820 -0.020960 0.283241
vn -0.749493 -0.595907 0.288367
vn -0.895702 -0.024846 0.443961
vn 0.077450 -0.436508 -0.896361
vn 0.958475 -0.057995 0.279219
vn 0.938445 -0.339046 -0.066090
vn 0.794914 -0.317291 0.517144
vn -0.396625 -0.185137 0.899118
vn -0.288159 -0.550020 -0.783864
vn -0.039483 -0.276715 -0.960140
vn 0.270483 -0.548219 -0.791388
vn 0.059378 -0.501465 -0.863138
vn 0.167888 -0.567774 -0.805882
vn 0.350603 0.502435 0.790340
vn 0.823903 0.173656 0.539469
vn -0.544399 0.632405 0.551084
vn -0.530124 0.588071 0.610853
vn -0.469761 0.467544 0.748817
vn -0.867521 0.472883 0.154240
vn -0.691661 0.552314 0.465354
vn -0.526278 0.736579 -0.424832
vn -0.885435 0.456519 -0.087148
vn -0.808662 0.516828 -0.280989
vn 0.502406 0.714094 -0.487502
vn 0.307096 0.751241 -0.584234
vn 0.056814 0.729290 -0.681842
vn 0.146955 0.794108 -0.589743
vn -0.015632 0.830229 -0.557203
vn -0.022857 0.616969 -0.786655
vn -0.113283 0.981581 -0.153837
vn -0.404972 0.803940 -0.435521
vn -0.118286 0.833498 -0.539713
vn -0.154237 0.717119 -0.679670
vn -0.823664 0.557205 -0.105355
vn -0.712160 0.693480 -0.109148
vn -0.606276 0.778994 -0.159994
vn -0.751651 0.659477 0.010486
vn -0.858142 0.459780 0.228460
vn -0.712846 0.502339 0.489393
vn -0.692680 0.573439 0.437449
vn -0.377630 0.878066 0.293931
vn 0.268395 0.931220 0.246564
vn -0.347850 0.718959 0.601747
vn 0.250769 0.925644 0.283368
vn -0.385060 0.836043 0.390846
vn -0.164519 0.458042 0.873574
vn -0.100546 0.551545 0.828063
vn -0.216888 0.448527 0.867054
vn 0.414124 0.331604 0.847668
vn 0.407562 0.526782 0.745918
vn 0.226129 0.972663 0.052846
vn 0.165481 0.956014 0.242186
vn 0.425067 0.887124 -0.179801
vn 0.517363 0.839613 -0.165485
vn -0.080161 0.952597 -0.293483
vn 0.312347 0.874015 0.372206
vn 0.700766 0.672532 0.237965
vn 0.424866 0.886958 -0.181091
vn 0.477729 0.846636 0.234484
vn 0.692242 0.615960 0.376025
vn 0.408740 0.862213 -0.299200
vn 0.772451 0.633950 -0.037785
vn 0.393927 0.907905 -0.143283
vn 0.491639 0.867278 -0.078231
vn 0.803364 0.544633 -0.240791
vn 0.587237 -0.380844 -0.714220
vn -0.139093 0.219372 -0.965676
vn 0.081830 0.379176 -0.921699
vn -0.053957 -0.115971 -0.991786
vn -0.384456 -0.389083 -0.837143
vn -0.145929 -0.189843 -0.970909
vn -0.226955 -0.181848 -0.956777
vn -0.385532 0.485752 -0.784481
vn -0.401131 0.326855 -0.855722
vn -0.955602 0.291361 -0.043971
vn -0.856424 0.472088 0.208976
vn -0.975506 -0.157981 -0.153072
vn -0.997734 -0.053854 -0.040345
vn -0.948466 0.138727 0.284898
vn -0.747784 -0.100504 0.656291
vn -0.917538 0.362709 0.162994
vn -0.881156 0.133800 0.453500
vn -0.852227 0.430935 0.296656
vn -0.484539 0.356014 0.799047
vn -0.473429 0.150064 0.867955
vn -0.458970 0.147067 0.876195
vn -0.016983 0.334292 0.942316
vn 0.110278 0.011070 0.993839
vn 0.712361 0.533965 0.455437
vn 0.617756 0.193330 0.762234
vn 0.440036 0.271542 0.855940
vn 0.699644 0.568748 0.432462
vn 0.835882 0.264190 0.481149
vn 0.830029 0.210864 0.516321
vn 0.801217 0.597733 0.027700
vn 0.889610 0.444387 -0.105421
vn 0.137318 -0.061781 -0.988598
vn -0.041571 -0.086624 -0.995373
vn 0.254142 -0.299479 -0.919633
vn -0.050628 -0.258978 -0.964556
vn 0.019573 -0.625560 -0.779931
vn 0.154005 -0.494243 -0.855574
vn 0.156600 -0.500534 -0.851435
vn -0.479081 -0.352543 -0.803862
vn -0.780587 -0.468519 -0.413732
vn -0.644326 0.114121 -0.756188
vn -0.731448 -0.536650 -0.420702
vn -0.895306 -0.135533 -0.424333
vn -0.897424 -0.395658 -0.195156
vn -0.766812 0.072787 0.637731
vn -0.856510 0.202528 0.474735
vn -0.871640 0.067048 0.485539
vn -0.761641 0.034347 0.647088
vn -0.748795 0.049424 0.660957
vn -0.626067 -0.338445 0.702492
vn -0.490159 -0.333215 0.805426
vn 0.631405 -0.380687 0.675578
vn 0.153323 -0.154248 0.976063
vn 0.260844 -0.852804 0.452423
vn 0.590524 -0.299969 0.749199
vn 0.523179 -0.365131 -0.770041
vn 0.484327 -0.621127 -0.616139
vn 0.655681 -0.283597 -0.699754
vn 0.419821 -0.760866 -0.494807
vn 0.245087 -0.397081 -0.884454
vn 0.095018 -0.637503 -0.764566
vn -0.010535 -0.604629 -0.796438
vn 0.096404 -0.645106 -0.757987
vn 0.165790 -0.685316 -0.709123
vn 0.128881 -0.645171 -0.753090
vn 0.121266 -0.581462 -0.804485
vn 0.113959 -0.773277 -0.623744
vn -0.069777 -0.678874 -0.730932
vn -0.170338 -0.978513 -0.116180
vn -0.123917 -0.655245 -0.745183
vn -0.182930 -0.837842 -0.514352
vn -0.099594 -0.716032 -0.690927
vn -0.039955 -0.853905 -0.518893
vn -0.724487 -0.266912 -0.635513
vn -0.583093 -0.642518 -0.497166
vn -0.599495 -0.762814 -0.242323
vn -0.338575 -0.937457 -0.080883
vn -0.765775 -0.639405 -0.068925
vn -0.217812 -0.966261 -0.137469
vn -0.386163 -0.778196 0.495267
vn -0.208903 -0.909346 0.359791
vn -0.284411 -0.803509 0.522957
vn 0.245994 -0.868904 -0.429527
vn 0.311036 -0.742038 -0.593832
vn 0.204390 -0.635104 -0.744895
vn 0.145661 -0.787784 -0.598480
vn 0.199941 -0.590869 0.781599
vn -0.249311 -0.842411 0.477689
vn 0.029842 -0.951020 0.307685
vn 0.077562 -0.972630 -0.219031
vn 0.118545 -0.897649 0.424468
vn 0.517212 -0.850656 -0.094212
vn 0.758587 -0.630503 0.164352
vn -0.165245 -0.972888 0.161812
vn -0.402188 -0.893656 0.199055
vn -0.134568 -0.981465 0.136450
vn -0.268711 -0.959677 0.082546
vn -0.264926 -0.955894 -0.126811
vn 0.044908 -0.980224 -0.192729
vn 0.818831 -0.559177 0.129757
vn 0.531601 -0.324098 0.782535
vn 0.080639 -0.478881 0.874168
vn 0.736888 -0.600785 0.309926
vn -0.466463 -0.711883 0.525009
vn -0.948780 -0.306936 0.074878
vn -0.632373 -0.382388 0.673709
vn -0.350800 -0.459432 -0.816003
vn 0.340977 -0.676733 -0.652508
vn 0.816851 -0.502732 0.282868
vn 0.805708 -0.537679 0.248467
vn 0.662907 -0.569365 0.486187
vn -0.943965 -0.325522 -0.054459
vn -0.870834 -0.491524 0.007236
vn -0.956530 -0.291602 -0.004238
vn -0.078878 -0.456793 -0.886069
vn -0.173004 -0.400537 -0.899800
vn 0.993214 -0.035487 -0.110750
vn 0.647798 -0.679910 -0.343627
vn 0.849553 0.029936 -0.526654
vn 0.736314 0.574322 0.357766
vn 0.615296 0.733260 0.289380
vn 0.026903 0.756296 0.653676
vn -0.610986 0.516726 0.599742
vn -0.422492 0.817031 0.392379
vn -0.719108 0.434305 -0.542459
vn 0.861952 0.503326 0.060850
vn 0.785062 0.605132 -0.132261
vn 0.885892 0.457346 0.077658
vn 0.867899 0.439643 -0.231225
vn 0.666581 0.744655 -0.034041
vn 0.672738 0.724560 -0.149788
vn 0.730703 0.662159 -0.166191
vn 0.623388 0.598014 -0.503753
vn 0.914348 0.263834 0.307179
vn 0.550246 0.785888 -0.282149
vn 0.863586 0.436313 -0.252686
vn 0.457636 0.838302 -0.296343
vn 0.617120 0.753863 -0.225505
vn -0.223440 0.753921 -0.617801
vn 0.044683 0.754954 -0.654253
vn 0.105471 0.912269 -0.395780
vn -0.110013 0.568649 -0.815190
vn 0.032145 0.772124 -0.634658
vn -0.205596 0.612421 -0.763328
vn -0.160437 0.531240 -0.831892
vn 0.014160 0.957168 -0.289187
vn -0.710138 0.704062 -0.001151
vn -0.347310 0.936204 -0.053824
vn -0.680164 0.712915 0.170673
vn -0.174436 0.964910 0.196265
vn 0.349504 0.935868 -0.044697
vn 0.228312 0.914107 0.335086
vn 0.295769 0.831952 0.469443
vn 0.016991 0.751678 0.659312
vn 0.218361 0.700516 0.679408
vn 0.308206 0.739334 0.598661
vn 0.714872 0.424457 0.555692
vn 0.366445 0.712260 0.598669
vn 0.312671 0.946805 -0.076138
vn 0.536807 0.778200 0.325949
vn 0.735794 0.670209 0.097090
vn 0.850301 0.523652 -0.052698
vn 0.906031 0.374077 -0.197927
vn 0.926538 0.365981 -0.087098
vn 0.949246 0.157449 -0.272290
vn 0.867726 0.416216 -0.271690
vn 0.273079 0.135035 -0.952467
vn 0.125698 -0.467350 -0.875091
vn -0.286555 -0.153367 -0.945709
vn -0.562590 -0.030272 -0.826182
vn -0.529288 -0.035451 -0.847701
vn -0.829751 0.247341 -0.500335
vn -0.974569 0.203891 0.092966
vn -0.997595 0.060933 0.033040
vn -0.972738 -0.051283 0.226165
vn -0.951360 -0.093366 0.293594
vn -0.980537 0.088662 0.175175
vn -0.908358 0.415943 0.043329
vn -0.954768 0.064641 0.290242
vn -0.705134 0.578729 0.409706
vn -0.815784 0.289383 0.500754
vn 0.193974 0.037495 0.980290
vn 0.175161 0.434342 0.883553
vn -0.069950 0.634692 0.769593
vn 0.927775 0.286202 0.239419
vn 0.583848 0.482459 0.652958
vn 0.818187 0.303384 0.488393
vn 0.960745 -0.047928 0.273262
vn 0.997708 -0.039497 0.054946
vn 0.311644 -0.020492 -0.949978
vn 0.692439 0.389291 -0.607438
vn 0.290156 -0.636616 -0.714514
vn 0.117841 -0.428402 -0.895871
vn 0.565171 -0.597078 -0.569280
vn -0.100025 -0.545436 -0.832163
vn 0.144835 -0.365619 -0.919427
vn -0.856530 0.253811 -0.449374
vn -0.239009 0.049615 -0.969749
vn -0.867239 0.190935 -0.459827
vn -0.666670 -0.392692 -0.633517
vn -0.549846 -0.319538 -0.771728
vn -0.836869 -0.546666 0.028394
vn -0.592216 0.548540 0.590241
vn -0.852250 -0.040432 0.521569
vn -0.644499 -0.298443 0.703955
vn -0.585274 0.559526 0.586843
vn -0.628687 -0.691942 0.354920
vn -0.007882 -0.699071 0.715009
vn 0.730040 0.183598 0.658281
vn 0.561027 -0.135302 0.816665
vn 0.472900 -0.710432 0.521203
vn 0.935756 -0.082680 -0.342819
vn 0.988546 0.114563 -0.098239
vn 0.904816 -0.367372 0.215281
vn 0.964888 -0.261112 -0.028474
vn 0.960176 -0.274323 -0.052997
vn 0.803763 -0.593757 -0.037647
vn 0.570450 -0.776568 -0.267449
vn 0.109343 -0.988601 -0.103497
vn 0.241021 -0.873570 -0.422830
vn 0.149206 -0.800011 -0.581137
vn -0.251433 -0.792929 -0.555018
vn 0.004073 -0.983869 -0.178844
vn -0.205482 -0.827707 -0.522186
vn -0.399501 -0.854705 -0.331480
vn -0.204402 -0.943841 0.259583
vn -0.790831 -0.611905 0.012601
vn -0.873702 -0.270076 -0.404603
vn -0.403257 -0.750980 0.522889
vn -0.349785 -0.915087 0.200666
vn -0.561249 -0.682885 0.467619
vn -0.512684 -0.653831 0.556472
vn 0.137307 -0.788547 0.599449
vn 0.180827 -0.887666 0.423497
vn 0.596275 -0.752585 -0.279414
vn 0.432213 -0.895999 -0.101873
vn 0.372132 -0.925484 -0.070694
vn 0.579899 -0.811161 0.075723
vn 0.177943 -0.893854 0.411535
vn 0.502663 -0.613223 0.609334
vn 0.320650 -0.886419 0.333835
vn 0.258522 -0.685895 0.680231
vn 0.353665 -0.929266 0.106704
vn 0.036716 -0.877633 0.477924
vn -0.017250 -0.912614 0.408459
vn -0.010975 -0.633282 0.773843
vn 0.025875 -0.616849 0.786656
vn -0.001940 -0.921732 0.387823
vn -0.174089 -0.854601 0.489234
vn -0.124916 -0.992040 -0.015892
vn -0.167504 -0.985570 -0.024379
vn -0.024646 -0.989666 -0.141261
vn -0.263406 -0.890949 0.369902
vn -0.006141 -0.979400 -0.201838
vn 0.380785 -0.639027 0.668316
vn 0.677409 0.107436 0.727719
vn 0.301598 -0.579335 0.757238
vn 0.193620 -0.384250 0.902698
vn -0.016764 -0.481544 0.876261
vn -0.091483 -0.165165 0.982014
vn -0.719455 -0.630722 0.290817
vn -0.502110 -0.433223 0.748467
vn -0.491310 -0.214183 -0.844240
vn -0.209938 -0.377712 -0.901809
vn 0.183058 -0.368903 -0.911263
vn -0.103066 -0.294954 0.949937
vn 0.018611 -0.199196 0.979783
vn -0.231871 0.068658 0.970320
vn -0.061470 -0.322684 0.944509
vn -0.844164 0.500434 0.192234
vn -0.949968 -0.107400 -0.293302
vn -0.920804 0.293039 0.257389
vn -0.202781 -0.296505 -0.933255
vn -0.143137 -0.233076 -0.961867
vn 0.624332 -0.434960 -0.648860
vn 0.271049 0.538450 0.797875
vn 0.142208 0.830624 0.538368
vn -0.191624 0.756708 0.625038
vn -0.189378 0.757619 0.624620
vn -0.191603 0.980966 -0.031527
vn -0.433012 0.789823 -0.434373
vn -0.220505 0.872953 -0.435121
vn -0.265297 0.829447 -0.491564
vn 0.121330 0.800622 -0.586757
vn 0.260765 0.431022 -0.863841
vn 0.421385 0.533815 -0.733128
vn 0.160695 0.759479 -0.630372
vn 0.872670 0.482936 -0.072244
vn 0.736580 0.664447 0.126330
vn 0.722415 0.680113 0.124753
vn 0.747542 0.591747 -0.301690
vn 0.377444 0.694909 -0.612076
vn 0.706119 0.654489 -0.270260
vn 0.706895 0.653030 -0.271757
vn 0.435444 0.776987 -0.454621
vn 0.382015 0.823793 -0.418843
vn 0.269551 0.858319 -0.436613
vn 0.105675 0.953088 -0.283647
vn -0.074696 0.793650 -0.603772
vn -0.306303 0.655880 -0.689928
vn -0.302214 0.908331 -0.289139
vn -0.260056 0.898949 -0.352507
vn -0.232317 0.968696 0.087506
vn -0.023680 0.982744 -0.183449
vn -0.259060 0.899295 -0.352358
vn -0.399202 0.890410 -0.218652
vn -0.475988 0.826271 0.301185
vn -0.638169 0.767890 -0.055548
vn -0.073575 0.996341 0.043492
vn -0.362598 0.928102 0.084555
vn -0.111596 0.990809 -0.076446
vn -0.134539 0.962778 0.234430
vn 0.086778 0.170949 0.981451
vn 0.008421 0.999521 -0.029791
vn 0.302093 0.942010 0.146139
vn 0.901340 0.423499 -0.090746
vn 0.666277 0.570435 -0.480290
vn 0.978782 -0.146743 -0.143012
vn 0.974824 -0.184698 -0.124923
vn 0.651017 -0.351323 -0.672866
vn 0.921054 -0.210302 -0.327771
vn 0.753843 0.218462 -0.619674
vn 0.821634 0.006393 -0.569979
vn 0.405619 0.138955 -0.903418
vn 0.201352 -0.377286 -0.903943
vn 0.488845 0.202006 -0.848660
vn 0.007156 -0.136418 -0.990626
vn -0.214492 0.446497 -0.868697
vn -0.318471 0.290178 -0.902426
vn -0.541168 0.559880 -0.627432
vn -0.671394 0.661300 -0.334534
vn -0.627705 0.687771 -0.364633
vn -0.873708 0.351361 -0.336422
vn -0.773375 0.499741 0.390064
vn -0.767983 0.529031 0.361010
vn -0.494462 0.745456 0.446993
vn -0.731351 0.674021 0.104025
vn -0.023443 0.479453 0.877255
vn -0.028354 0.229210 0.972964
vn -0.115249 0.336079 0.934756
vn 0.311673 0.452675 0.835431
vn 0.665825 0.516931 0.538015
vn 0.659674 0.201799 0.723953
vn 0.144092 0.640585 0.754246
vn 0.581492 0.503311 0.639176
vn 0.566778 -0.090653 0.818868
vn 0.728885 0.385694 0.565657
vn 0.493407 0.597292 0.632291
vn 0.518108 -0.375078 -0.768687
vn 0.325330 -0.598086 -0.732430
vn 0.325815 -0.599622 -0.730957
vn 0.213176 -0.272827 -0.938148
vn -0.766775 0.192956 -0.612229
vn -0.761848 0.198275 -0.616664
vn -0.487337 -0.152909 -0.859722
vn -0.528749 0.018206 -0.848583
vn -0.794683 -0.138167 -0.591092
vn -0.561024 -0.542382 -0.625359
vn -0.678315 -0.389985 -0.622736
vn -0.650478 0.363957 0.666644
vn -0.813968 0.358394 0.457176
vn -0.416157 0.132649 0.899565
vn -0.416399 0.769608 0.484062
vn -0.406611 0.135708 0.903466
vn -0.372445 -0.249276 0.893950
vn -0.347048 -0.248890 0.904219
vn -0.094354 -0.431711 0.897063
vn 0.091616 0.380517 0.920224
vn -0.276115 0.786863 0.551913
vn 0.133979 -0.358202 0.923981
vn 0.114163 0.000058 0.993462
vn -0.041406 -0.615086 0.787372
vn 0.150955 0.047521 0.987398
vn 0.809906 -0.356019 0.466157
vn 0.501542 -0.301356 0.810950
vn 0.499333 -0.538916 0.678407
vn 0.694552 -0.655273 -0.297011
vn 0.659121 -0.654826 -0.369815
vn 0.305912 -0.871814 -0.382567
vn -0.033151 -0.983827 -0.176024
vn -0.079764 -0.905323 -0.417166
vn -0.029229 -0.892657 -0.449788
vn 0.065764 -0.584934 -0.808410
vn 0.267391 -0.691444 -0.671124
vn -0.030179 -0.953880 0.298668
vn -0.643608 -0.760662 0.084628
vn -0.296109 -0.954696 -0.029590
vn -0.271381 -0.962422 0.009809
vn -0.725953 -0.680554 -0.099193
vn -0.233690 -0.815497 0.529484
vn -0.609877 -0.751389 0.251922
vn -0.327274 -0.628147 0.705920
vn -0.083826 -0.746841 0.659698
vn -0.105154 -0.386308 0.916356
vn 0.427286 -0.865371 0.261839
vn 0.373359 -0.762441 0.528476
vn 0.182202 -0.968511 -0.169674
vn -0.091914 -0.803488 0.588183
vn -0.080194 -0.941771 0.326553
vn 0.282500 -0.879590 0.382774
vn -0.025475 -0.875544 0.482467
vn -0.084198 -0.948211 0.306279
vn 0.218091 -0.804987 0.551753
vn 0.273633 -0.954186 0.121052
vn 0.042401 -0.393493 0.918349
vn 0.034424 -0.503541 0.863285
vn -0.072230 -0.427261 0.901238
vn -0.136705 -0.468494 0.872826
vn 0.043893 -0.713875 0.698896
vn -0.128897 -0.605334 0.785466
vn 0.054857 -0.601864 0.796713
vn 0.284645 -0.747090 0.600695
vn 0.056274 -0.719264 0.692454
vn 0.075397 -0.723398 0.686302
vn 0.285691 -0.935557 -0.207637
vn 0.413912 -0.870335 -0.266820
vn 0.405011 -0.906570 -0.118730
vn 0.631261 -0.729871 -0.262292
vn 0.698291 -0.603374 -0.385135
vn 0.638983 -0.619299 -0.456255
vn 0.602649 -0.692367 -0.396789
vn -0.283273 -0.875347 0.391821
vn 0.300613 -0.578688 -0.758124
vn -0.395591 -0.873096 0.284977
vn -0.347722 -0.915495 0.202382
vn -0.623409 -0.758256 0.190814
vn -0.632081 -0.728411 0.264370
vn -0.700698 -0.708068 0.087531
vn -0.773339 -0.485033 -0.408276
vn -0.618375 0.471349 0.628842
vn -0.709500 -0.659424 -0.248535
vn -0.685378 -0.685866 -0.244634
vn -0.770768 -0.594457 -0.229210
vn -0.508381 -0.780924 -0.362913
vn -0.675206 -0.562416 -0.477269
vn -0.378130 -0.746958 -0.546875
vn -0.121602 -0.504954 -0.854537
vn -0.244698 -0.386369 -0.889293
vn 0.256577 -0.763162 -0.593087
vn 0.098277 -0.746249 -0.658372
vn 0.944143 -0.136105 -0.300115
vn 0.499562 -0.730904 -0.464991
vn 0.753724 -0.354328 -0.553491
vn 0.874849 -0.225043 -0.428946
vn 0.817361 -0.510734 -0.266594
vn 0.059727 0.176537 -0.982480
vn 0.837874 -0.126040 -0.531114
vn 0.957652 0.083540 -0.275543
vn 0.932728 0.223500 -0.282961
vn 0.947517 0.064075 -0.313218
vn 0.927446 0.231176 -0.293941
vn 0.326592 -0.623691 0.710174
vn 0.551342 -0.304978 0.776537
vn 0.085014 -0.555892 0.826896
vn 0.126054 -0.677446 0.724691
vn 0.438721 0.034941 0.897944
vn 0.333730 -0.207835 0.919472
vn 0.063177 0.117322 0.991082
vn -0.389226 -0.757992 0.523404
vn -0.407025 -0.761469 0.504475
vn 0.469274 -0.582229 0.663920
vn -0.803846 -0.514348 0.298792
vn -0.731991 -0.637125 0.241373
vn -0.742456 -0.630544 0.226215
vn -0.628241 -0.717942 0.299786
vn -0.319086 -0.922870 0.215630
vn -0.855188 -0.473135 -0.211650
vn -0.835359 -0.437228 0.333178
vn -0.828879 -0.361531 0.426912
vn -0.867893 -0.272307 -0.415465
vn -0.843812 -0.295515 -0.447943
vn -0.707267 -0.640353 -0.299534
vn -0.807788 -0.260121 -0.528976
vn -0.793528 -0.148350 -0.590174
vn -0.772928 0.021947 -0.634114
vn -0.728568 0.166050 -0.664542
vn -0.716088 -0.093602 -0.691705
vn -0.752345 0.322152 -0.574626
vn 0.030210 -0.174764 -0.984147
vn -0.476093 -0.387869 -0.789236
vn 0.387766 -0.127723 -0.912866
vn 0.473531 -0.092563 -0.875900
vn 0.495296 0.076007 -0.865393
vn -0.010913 0.343502 0.939088
vn 0.116731 0.224856 -0.967375
vn 0.359228 0.109923 -0.926753
vn -0.028233 0.091143 -0.995438
vn 0.924054 0.275080 0.265435
vn 0.930777 0.261548 0.255434
vn 0.842628 0.348747 0.410309
vn 0.758729 0.521099 0.390879
vn 0.685594 0.431550 0.586281
vn 0.760928 0.224522 0.608751
vn -0.857055 -0.215937 -0.467791
vn 0.179964 0.426506 0.886400
vn -0.105931 0.245016 0.963715
vn -0.437323 -0.219836 0.872021
vn -0.514590 0.009967 0.857378
vn -0.475084 0.294580 0.829167
vn -0.384269 0.339192 0.858654
vn -0.933335 0.359002 -0.001824
vn -0.868214 0.460553 -0.184650
vn -0.948230 0.081870 -0.306851
vn -0.636947 0.249277 -0.729492
vn -0.851363 -0.085626 -0.517542
vn -0.698649 0.303186 -0.648049
vn -0.710480 0.321223 -0.626126
vn -0.652127 0.087825 -0.753006
vn 0.519981 0.716747 0.464644
vn -0.486039 0.547823 -0.680923
vn -0.368550 0.530222 -0.763568
vn -0.130872 0.615779 -0.776974
vn 0.103202 0.604962 -0.789538
vn 0.655041 0.363206 -0.662573
vn 0.776806 0.215053 -0.591883
vn 0.755829 0.340688 -0.559155
vn 0.878633 0.197066 -0.434936
vn 0.895919 0.294403 -0.332649
vn 0.377264 0.922408 0.082681
vn 0.745718 0.655029 -0.121826
vn 0.188695 0.927372 0.323071
vn 0.041864 0.654317 0.755061
vn 0.470145 0.760607 0.447706
vn 0.425197 0.897520 0.116895
vn 0.485619 0.823737 0.292628
vn 0.092177 0.995501 0.021961
vn 0.088979 0.768984 0.633046
vn 0.095244 0.908924 0.405938
vn -0.432826 0.680325 -0.591455
vn 0.179050 0.899328 0.398937
vn -0.096816 0.894362 0.436741
vn -0.245257 0.848904 0.468200
vn 0.113326 0.805758 0.581302
vn -0.191397 0.953096 0.234466
vn 0.069823 0.928762 0.364042
vn 0.042287 0.954388 0.295560
vn 0.046161 0.977231 -0.207094
vn -0.602733 0.744972 -0.285885
vn -0.366256 0.916093 -0.163187
vn -0.147489 0.978988 -0.140818
vn -0.332171 0.646930 -0.686399
vn -0.386137 0.543737 -0.745150
vn -0.164676 -0.449811 0.877811
vn -0.491096 0.554232 -0.672051
vn -0.237334 0.806195 -0.541961
vn -0.195429 0.793559 -0.576257
vn -0.310402 0.891849 -0.329023
vn -0.025613 0.946989 -0.320244
vn 0.033315 0.934999 -0.353082
vn -0.202619 0.878801 -0.432035
vn 0.074741 0.862732 -0.500108
vn 0.544200 0.467960 -0.696318
vn 0.194121 0.600337 -0.775830
vn 0.142067 0.356226 -0.923537
vn 0.228688 0.762370 -0.605388
vn 0.224429 0.776441 -0.588872
vn 0.092555 0.882093 -0.461893
vn -0.123194 0.990544 -0.060387
vn 0.135977 0.990692 0.006290
vn 0.511481 0.788920 -0.340578
vn 0.634845 0.643827 -0.427152
vn 0.826110 0.433251 -0.360327
vn 0.614634 0.788011 0.035554
vn 0.154926 0.719451 -0.677044
vn -0.520513 0.500110 -0.692067
vn -0.743555 0.287923 -0.603511
vn -0.170027 0.750190 0.638988
vn -0.193421 0.883521 0.426590
vn 0.332445 0.725065 0.603126
vn 0.357750 0.744334 0.563898
vn 0.731706 -0.295112 -0.614422
vn 0.778669 0.080556 -0.622242
vn -0.554877 0.228749 -0.799866
vn -0.626805 -0.098635 -0.772908
vn -0.339774 0.197696 -0.919494
vn -0.784579 -0.602743 -0.145385
vn -0.967313 -0.173458 0.184979
vn -0.891889 -0.404740 -0.201790
vn -0.246103 -0.737137 0.629335
vn -0.113932 -0.364513 0.924202
vn -0.725900 -0.678729 0.111334
vn 0.699909 -0.296263 0.649889
vn 0.794285 -0.115746 0.596419
vn 0.726223 -0.331097 0.602474
vn 0.465676 -0.150937 0.871989
vn 0.626466 -0.285650 -0.725220
vn 0.712716 0.021340 -0.701128
vn -0.573223 -0.470776 -0.670660
vn -0.694644 -0.096156 -0.712898
vn -0.730585 -0.678426 0.077347
vn -0.539634 -0.083089 -0.837789
vn 0.864484 -0.451375 0.221198
vn 0.529986 -0.624423 0.573769
vn 0.966158 -0.257621 0.013047
vn 0.905850 -0.298887 0.300171
vn -0.027345 -0.854038 -0.519491
vn -0.541222 -0.815765 0.203976
vn 0.032465 -0.936351 -0.349562
vn 0.049487 -0.946634 -0.318489
vn -0.404375 -0.896527 -0.180886
vn -0.351426 -0.529653 -0.771989
vn -0.146585 -0.930722 0.335067
vn 0.775344 -0.631379 -0.014219
vn 0.403563 -0.883832 0.236599
vn 0.483276 -0.853064 0.196788
vn -0.065415 -0.943115 0.325967
vn 0.191804 -0.957963 -0.213351
vn 0.114867 -0.958650 0.260375
vn 0.050590 -0.998719 0.000782
vn 0.189455 -0.968422 0.162067
vn 0.720396 -0.651917 0.236714
vn 0.605723 -0.737398 0.298904
vn 0.089312 -0.973978 0.208302
vn -0.429617 -0.894050 0.126906
vn -0.164652 -0.881936 -0.441678
vn -0.271897 -0.911561 -0.308429
vn 0.126582 -0.950231 -0.284673
vn 0.769155 -0.588156 0.249945
vn 0.773321 -0.529652 0.348488
vn 0.405644 -0.638200 0.654335
vn -0.868056 -0.465582 0.172373
vn -0.593519 -0.685774 0.421247
vn -0.711190 -0.663880 0.231242
vn -0.636835 -0.662288 0.394735
vn -0.664807 -0.032665 -0.746301
vn -0.134411 -0.712743 -0.688426
vn -0.308451 -0.664987 -0.680184
vn -0.421566 -0.507853 -0.751244
vn -0.565976 -0.554301 -0.610263
vn -0.703430 0.345069 0.621380
vn 0.686752 -0.195490 -0.700112
vn 0.703134 -0.474472 -0.529602
vn -0.205554 -0.617716 0.759062
vn -0.216755 -0.512948 0.830603
vn -0.771911 -0.611722 -0.173060
vn -0.975054 -0.071084 -0.210277
vn -0.670780 -0.736400 0.088147
vn -0.161536 -0.306293 -0.938131
vn -0.081530 -0.290483 -0.953401
vn 0.750182 -0.234974 -0.618073
vn 0.604074 0.529675 0.595431
vn 0.437547 0.825844 0.355716
vn -0.460853 0.464274 0.756349
vn -0.450547 0.772827 0.446930
vn -0.738066 0.636829 -0.222951
vn -0.593834 0.649952 -0.474261
vn -0.672628 0.595382 -0.439421
vn 0.226100 0.677004 -0.700389
vn 0.736152 0.674842 -0.051658
vn -0.205710 0.970080 -0.128953
vn 0.554120 0.749493 -0.362230
vn 0.797935 0.540979 -0.265786
vn 0.360266 0.920855 -0.149109
vn 0.421285 0.906520 -0.027216
vn 0.576438 0.808133 -0.120999
vn 0.171331 0.879058 -0.444863
vn 0.496915 0.777932 -0.384574
vn 0.383757 0.748392 -0.540963
vn 0.067429 0.950089 -0.304606
vn -0.165104 0.974490 -0.152022
vn -0.197578 0.896595 -0.396334
vn -0.177475 0.940143 -0.290920
vn -0.373768 0.869894 -0.321840
vn -0.212604 0.922509 -0.322145
vn -0.344216 0.903986 -0.253622
vn -0.126759 0.991798 -0.016369
vn -0.218666 0.967821 -0.124533
vn -0.446954 0.893054 -0.051841
vn -0.500855 0.865509 0.006222
vn -0.499590 0.866261 -0.001512
vn -0.679233 0.733383 -0.028143
vn -0.374325 0.921814 0.100697
vn -0.638470 0.669529 0.379588
vn -0.812910 0.481567 0.327520
vn 0.084619 0.976101 0.200167
vn -0.217801 0.871945 0.438492
vn -0.064629 0.674084 0.735822
vn -0.090916 0.885634 0.455397
vn -0.026607 0.885524 0.463831
vn -0.133690 0.899306 0.416385
vn 0.358828 0.635670 0.683495
vn 0.279098 0.466901 0.839111
vn 0.321793 0.668566 0.670424
vn 0.106331 0.626561 0.772085
vn -0.137195 0.978533 0.153786
vn 0.438118 0.867289 0.236352
vn 0.091477 0.512314 0.853912
vn 0.149005 0.981566 0.119694
vn 0.612875 0.535895 0.580691
vn 0.648672 0.551469 0.524506
vn 0.393948 0.886732 0.241891
vn 0.830857 0.391880 0.395103
vn 0.934784 0.260081 0.241944
vn 0.777176 0.417278 0.471038
vn 0.763757 0.571927 0.299292
vn 0.952093 -0.234143 -0.196714
vn 0.972007 0.033405 -0.232566
vn 0.861253 0.129658 -0.491358
vn -0.401764 -0.168026 0.900196
vn 0.944110 0.122999 -0.305822
vn 0.673518 0.200437 -0.711477
vn -0.253532 0.549753 -0.795923
vn 0.258237 0.873360 -0.412984
vn -0.224096 0.203339 -0.953118
vn -0.541149 -0.068610 -0.838123
vn -0.389747 0.628493 -0.673123
vn -0.885670 0.242668 -0.395855
vn -0.959910 0.177948 -0.216580
vn -0.625687 0.593815 -0.505865
vn -0.997916 0.039725 -0.050848
vn -0.956271 -0.061063 -0.286038
vn -0.931014 0.364927 -0.006350
vn -0.959758 0.247283 0.133104
vn -0.421727 0.071786 0.903876
vn -0.392676 0.178089 0.902269
vn -0.620405 0.058349 0.782108
vn -0.544752 0.193126 0.816056
vn 0.737539 -0.228375 -0.635516
vn -0.389200 0.064043 0.918924
vn -0.077982 -0.102814 0.991639
vn -0.056771 -0.374185 0.925615
vn 0.686272 0.136227 0.714473
vn 0.665990 0.128527 0.734805
vn 0.791508 -0.286056 0.540081
vn 0.786378 -0.019109 0.617450
vn 0.891693 -0.242827 0.381994
vn 0.850726 -0.032451 0.524606
vn 0.988619 0.016426 0.149541
vn 0.570363 -0.036622 -0.820576
vn 0.314631 -0.418786 -0.851837
vn 0.228364 -0.501374 -0.834550
vn -0.995878 -0.013233 -0.089730
vn 0.090082 -0.650535 -0.754115
vn -0.129241 -0.527530 -0.839648
vn -0.250830 -0.328324 -0.910652
vn -0.588141 0.111316 -0.801061
vn -0.613894 0.143888 -0.776164
vn -0.390429 -0.525039 -0.756240
vn -0.495745 -0.136921 -0.857607
vn -0.589023 -0.197892 -0.783512
vn -0.647312 -0.746154 -0.155697
vn -0.577554 -0.521939 -0.627703
vn 0.700311 -0.649693 -0.295742
vn -0.663383 -0.375257 0.647383
vn -0.823463 -0.019465 0.567037
vn -0.562926 -0.678760 0.471592
vn -0.612843 -0.305570 0.728732
vn -0.551706 -0.579168 0.600154
vn -0.386385 -0.679718 0.623450
vn -0.514524 -0.702745 0.491339
vn -0.386840 -0.675969 0.627233
vn 0.324266 -0.368726 0.871144
vn 0.698073 -0.406196 0.589660
vn 0.405459 -0.501729 0.764114
vn 0.325685 -0.637523 0.698208
vn 0.626165 -0.671795 0.395739
vn 0.465798 -0.526869 0.710943
vn 0.442924 -0.540099 0.715620
vn 0.977632 -0.206002 -0.042410
vn 0.976313 0.153446 0.152538
vn 0.942538 -0.334092 0.002047
vn 0.917867 -0.396722 0.011454
vn 0.915361 -0.366390 -0.166951
vn 0.893550 -0.440281 -0.087874
vn 0.822013 -0.540809 -0.178382
vn 0.360786 -0.692647 -0.624559
vn 0.422564 -0.812146 -0.402318
vn 0.187703 -0.870366 -0.455226
vn 0.078254 -0.825795 -0.558515
vn 0.176951 -0.873367 -0.453782
vn 0.075917 -0.832158 -0.549317
vn 0.104462 -0.611524 -0.784300
vn -0.099500 -0.649921 -0.753460
vn -0.174685 -0.569244 -0.803397
vn -0.417857 -0.555582 -0.718835
vn -0.277127 -0.656801 -0.701294
vn -0.332695 -0.861319 -0.383983
vn -0.398805 -0.772450 -0.494242
vn -0.373441 -0.905686 -0.200687
vn -0.353511 -0.785684 -0.507671
vn -0.679648 -0.634790 -0.367588
vn -0.633589 -0.768570 0.088687
vn -0.424920 -0.781456 -0.456913
vn -0.491879 -0.870485 -0.017643
vn -0.413932 -0.865835 0.281052
vn -0.754307 -0.518041 -0.403304
vn -0.528868 -0.823862 0.203840
vn -0.408835 -0.911096 -0.052526
vn -0.472985 -0.880534 0.030736
vn -0.289185 -0.871374 0.396332
vn -0.330160 -0.845194 0.420288
vn -0.401530 -0.807192 0.432684
vn -0.411200 -0.786616 0.460597
vn 0.634495 -0.764983 -0.110529
vn 0.721974 -0.691905 0.004505
vn 0.600572 -0.762470 -0.240733
vn -0.578442 -0.644289 -0.500296
vn 0.468154 -0.872050 -0.142690
vn 0.385996 -0.913113 -0.131269
vn 0.174318 -0.887891 0.425749
vn -0.116872 -0.877980 0.464210
vn -0.130740 -0.819750 0.557600
vn 0.347620 -0.854004 0.387089
vn 0.175353 -0.917443 0.357142
vn 0.468880 -0.771669 0.429743
vn 0.456870 -0.806189 0.375937
vn 0.608195 -0.696900 0.380039
vn 0.602816 -0.695257 0.391447
vn 0.351913 -0.892781 0.281245
vn 0.377872 -0.923775 0.062074
vn 0.225357 -0.943695 0.242187
vn 0.305081 -0.952317 0.004266
vn 0.899892 -0.386468 0.202079
vn -0.073803 -0.892716 -0.444534
vn 0.417168 -0.901313 0.116642
vn 0.663048 -0.715772 -0.219176
vn 0.424328 -0.766289 -0.482438
vn 0.546003 -0.671119 -0.501478
vn 0.784435 -0.410096 0.465276
vn 0.896856 -0.441499 0.026983
vn 0.980168 -0.126080 0.152890
vn 0.070994 -0.616728 0.783969
vn -0.568692 -0.630592 0.528151
vn -0.547744 -0.784195 0.291573
vn -0.620664 -0.316080 -0.717544
vn -0.531047 -0.320188 -0.784519
vn 0.755441 0.655091 -0.012863
vn 0.851343 -0.128793 0.508554
vn 0.526127 0.173201 0.832581
vn -0.376359 -0.485169 0.789281
vn -0.411847 -0.583318 0.700087
vn -0.496435 -0.595145 0.631945
vn -0.821117 -0.507195 0.261763
vn -0.832553 -0.535721 0.140924
vn -0.576072 -0.719660 0.387596
vn -0.213219 -0.267414 -0.939695
vn -0.208205 -0.265411 -0.941386
vn 0.736443 -0.019750 -0.676211
vn 0.470835 0.361871 0.804589
vn 0.494335 0.407509 0.767834
vn 0.383421 0.637722 0.668056
vn -0.353708 0.538260 0.764962
vn -0.223121 0.806658 0.547284
vn -0.718408 0.580718 -0.382959
vn -0.673717 0.738582 0.024536
vn -0.499425 0.856187 -0.132357
vn -0.203026 0.883789 -0.421542
vn 0.747497 0.663519 -0.031471
vn 0.206744 0.812707 0.544761
vn -0.033664 0.998287 0.047842
vn 0.493723 0.857939 -0.142047
vn 0.111772 0.839701 -0.531421
vn 0.497072 0.792068 -0.354327
vn 0.393369 0.470775 -0.789704
vn 0.446997 0.493341 -0.746196
vn 0.850660 0.353450 0.389168
vn -0.413096 0.910682 -0.003201
vn -0.330911 0.809262 -0.485379
vn -0.357262 0.740265 -0.569537
vn -0.380413 0.865437 -0.326043
vn -0.628939 0.724030 -0.283224
vn -0.626817 0.587794 -0.511467
vn -0.513754 0.844336 -0.152164
vn -0.331378 0.943492 -0.003455
vn -0.375434 0.914663 0.149804
vn -0.106405 0.916787 0.384940
vn -0.510742 0.859493 0.020338
vn -0.450200 0.883871 0.126858
vn -0.451682 0.882714 0.129613
vn -0.498356 0.859415 0.114225
vn -0.374987 0.834260 0.404222
vn -0.562484 0.774375 0.289751
vn 0.031931 0.706246 0.707246
vn -0.114563 0.682488 0.721862
vn -0.178729 0.798199 0.575269
vn -0.049343 0.541315 0.839371
vn -0.112844 0.920121 0.375024
vn 0.063073 0.721980 0.689033
vn 0.478183 0.377310 0.793082
vn -0.099280 0.886777 0.451409
vn 0.582719 0.433342 0.687498
vn 0.310852 0.738432 0.598405
vn 0.297378 0.684377 0.665729
vn 0.393359 0.476226 0.786433
vn 0.469499 0.484364 0.738216
vn -0.900671 0.428770 0.070338
vn 0.705046 0.379150 0.599296
vn 0.942211 0.221357 -0.251473
vn 0.756036 -0.139828 -0.639419
vn 0.785042 0.128110 -0.606051
vn 0.775927 0.106001 -0.621854
vn 0.731346 0.329766 -0.596982
vn 0.523724 0.374601 -0.765106
vn 0.836362 0.249078 -0.488321
vn -0.005191 0.339724 -0.940511
vn -0.514303 0.220333 -0.828822
vn 0.040303 -0.024820 -0.998879
vn -0.571696 0.192142 -0.797650
vn -0.499299 0.254798 -0.828117
vn -0.747734 0.533725 -0.395009
vn -0.906890 0.407957 -0.105464
vn -0.930283 0.355825 -0.089231
vn -0.919199 0.288465 0.268070
vn -0.965694 -0.018237 0.259042
vn -0.923210 0.139184 0.358206
vn -0.776282 0.296480 0.556315
vn -0.026060 -0.011862 0.999590
vn -0.730064 0.218657 0.647454
vn -0.519300 -0.279429 0.807618
vn -0.311351 0.263584 0.913008
vn -0.701095 0.213681 0.680298
vn -0.312786 -0.236171 0.919993
vn -0.280381 -0.112425 0.953282
vn 0.137932 0.052188 0.989066
vn 0.231342 -0.138444 0.962972
vn 0.623288 -0.078354 0.778057
vn 0.188405 0.136676 0.972534
vn 0.339086 0.577456 0.742674
vn 0.362367 0.278752 0.889375
vn -0.357181 -0.842943 0.402330
vn 0.800143 0.136907 0.583976
vn 0.574305 0.364332 0.733100
vn 0.551994 0.041077 -0.832836
vn 0.448202 0.177204 -0.876192
vn 0.578693 0.220145 -0.785271
vn 0.480080 -0.193739 -0.855563
vn 0.438034 -0.111959 -0.891959
vn 0.553356 -0.428441 -0.714307
vn 0.431598 -0.212656 -0.876642
vn 0.146810 -0.297943 -0.943227
vn 0.048126 -0.265417 -0.962932
vn -0.743302 -0.063310 -0.665954
vn -0.884894 0.206784 -0.417377
vn -0.786391 0.144862 -0.600503
vn -0.674768 0.345924 -0.651939
vn -0.620206 -0.281742 -0.732097
vn -0.706016 -0.220332 -0.673049
vn -0.793059 -0.538548 -0.284646
vn -0.585817 -0.780509 -0.218231
vn -0.710280 -0.476228 -0.518372
vn -0.767107 -0.246161 0.592412
vn -0.620827 -0.183297 0.762218
vn -0.662989 -0.673379 0.327117
vn -0.556615 -0.761302 0.332565
vn -0.511115 -0.622332 0.592843
vn -0.366521 -0.743185 0.559767
vn -0.476006 -0.680746 0.556780
vn -0.562239 -0.701653 0.437687
vn 0.578615 -0.122761 0.806309
vn 0.461616 0.011034 0.887011
vn 0.312533 0.014926 0.949790
vn 0.326183 -0.354318 0.876392
vn 0.350150 -0.372409 0.859480
vn 0.190611 -0.393156 0.899497
vn 0.308513 -0.399865 0.863092
vn 0.763330 -0.355014 0.539715
vn 0.914406 0.244907 0.322309
vn 0.913769 0.273154 0.300686
vn 0.988399 -0.148817 -0.030334
vn 0.886311 0.354463 0.298010
vn 0.973276 -0.218518 -0.070595
vn 0.960133 -0.242625 0.138847
vn 0.902162 -0.281745 -0.326687
vn 0.909644 -0.268789 -0.316703
vn 0.774680 -0.334390 -0.536706
vn 0.782793 -0.492660 -0.380160
vn 0.789343 -0.449200 -0.418518
vn 0.195778 -0.881516 -0.429652
vn 0.667513 -0.362422 -0.650444
vn 0.036839 -0.675647 -0.736305
vn 0.093810 -0.501078 -0.860303
vn 0.611474 -0.283100 -0.738887
vn -0.362982 -0.736727 -0.570506
vn -0.338379 -0.560034 -0.756215
vn -0.214251 -0.908031 -0.359968
vn -0.473146 -0.868932 -0.145227
vn -0.389581 -0.908611 -0.150509
vn -0.431941 -0.887670 0.159592
vn -0.430417 -0.891061 0.144057
vn -0.376725 -0.910563 0.170154
vn -0.376900 -0.909819 0.173711
vn -0.083301 -0.966666 0.242111
vn -0.087310 -0.833603 0.545421
vn -0.107984 -0.951936 0.286631
vn 0.842757 -0.536083 -0.048736
vn 0.813598 -0.564298 -0.140092
vn 0.540239 -0.838977 0.065271
vn 0.692050 -0.720148 -0.049532
vn 0.551418 -0.831102 -0.072160
vn 0.680709 -0.700372 -0.214741
vn -0.573452 -0.818222 -0.040804
vn 0.296241 -0.914146 0.276729
vn 0.229790 -0.909653 0.346018
vn 0.307100 -0.851385 0.425244
vn 0.244068 -0.879788 0.407927
vn 0.754684 -0.533642 0.381678
vn 0.561968 -0.721529 0.404460
vn 0.525056 -0.656765 0.541273
vn 0.545787 -0.723456 0.422762
vn 0.652696 -0.512002 0.558428
vn 0.649349 -0.741737 0.167849
vn 0.143126 -0.838929 0.525084
vn 0.473144 -0.115178 0.873424
vn -0.326752 -0.649095 0.686956
vn 0.169495 -0.464367 0.869272
vn 0.146692 -0.403677 0.903065
vn 0.270887 -0.939485 -0.209734
vn 0.260061 -0.943427 -0.205703
vn 0.249242 -0.949530 -0.190448
vn 0.598773 -0.784867 -0.159546
vn 0.638848 -0.742496 -0.201429
vn 0.517574 -0.838942 -0.168210
vn 0.624340 -0.745397 -0.233631
vn -0.345353 -0.672221 0.654867
vn -0.381104 -0.737880 0.557039
vn -0.405441 -0.695244 0.593509
vn -0.715648 -0.693482 0.083251
vn -0.741804 -0.667487 0.064716
vn -0.753373 -0.657550 0.007624
vn 0.415255 -0.459134 0.785340
vn -0.475819 -0.872632 0.110043
vn -0.172244 -0.973427 -0.150906
vn -0.480791 -0.872533 -0.086757
vn -0.092608 -0.971266 -0.219239
vn 0.275422 -0.867208 -0.414842
vn -0.057195 -0.855677 -0.514340
vn 0.171141 -0.967039 -0.188539
vn 0.072615 -0.982307 -0.172624
vn 0.438720 -0.836172 -0.329152
vn 0.525337 -0.793439 -0.307370
vn 0.523132 -0.806121 -0.276589
vn 0.435110 -0.839612 -0.325163
vn 0.509049 -0.788202 -0.345842
vn 0.757380 -0.610724 -0.231066
vn 0.230126 -0.650915 0.723431
vn 0.713773 -0.665117 -0.219425
vn 0.763041 -0.603790 -0.230665
vn 0.968977 -0.140338 -0.203441
vn 0.994673 0.102832 -0.007170
vn 0.973863 -0.117885 -0.194151
vn 0.279339 -0.109813 0.953892
vn 0.614703 -0.307145 0.726500
vn 0.298427 -0.094356 0.949757
vn 0.645665 -0.665194 -0.375011
vn 0.702708 -0.035367 0.710599
vn 0.693599 0.304037 0.653056
vn 0.723318 0.279968 0.631212
vn 0.642747 -0.012884 0.765970
vn 0.637874 -0.049874 0.768525
vn -0.311896 -0.060825 0.948167
vn -0.765678 -0.327339 0.553703
vn -0.728682 -0.418227 0.542317
vn -0.756205 -0.337378 0.560652
vn -0.856768 0.108395 0.504181
vn -0.807265 0.381198 0.450568
vn -0.857837 0.411011 0.308520
vn -0.682074 0.587261 0.435775
vn -0.806868 0.197745 0.556652
vn -0.836660 -0.531015 -0.134251
vn -0.802381 -0.463125 -0.376430
vn -0.809548 0.348731 -0.472249
vn -0.783320 0.321608 -0.531957
vn 0.219932 -0.841989 -0.492631
vn -0.212287 -0.588390 -0.780213
vn -0.032668 -0.849772 -0.526137
vn 0.011654 -0.511327 -0.859307
vn 0.185898 -0.361805 -0.913531
vn 0.718797 -0.354087 -0.598292
vn 0.636749 -0.022654 0.770739
vn 0.268240 0.552677 -0.789047
vn 0.907961 0.213680 0.360483
vn 0.942734 0.333429 0.008840
vn 0.906624 0.215500 0.362758
vn 0.876887 -0.008588 0.480620
vn 0.696095 -0.330970 -0.637112
vn 0.611878 0.537071 0.580656
vn 0.607680 0.271982 0.746157
vn 0.260268 0.119761 0.958080
vn 0.058561 0.524835 0.849187
vn -0.146971 0.478572 0.865661
vn -0.668622 0.623361 0.405421
vn -0.997898 0.056531 0.031676
vn -0.931842 0.331159 -0.148341
vn -0.998187 0.046043 -0.038777
vn -0.909958 0.405079 -0.088805
vn -0.825873 0.344380 -0.446471
vn -0.829406 0.329851 -0.450870
vn -0.561354 0.250419 -0.788779
vn -0.694222 0.205261 -0.689873
vn -0.483000 0.435853 -0.759436
vn -0.483541 0.434475 -0.759881
vn -0.370969 0.264049 -0.890314
vn 0.613878 0.276147 -0.739525
vn 0.602186 0.265158 -0.753036
vn 0.782622 0.267364 -0.562155
vn 0.929165 -0.003308 -0.369651
vn 0.917315 -0.256835 -0.304251
vn 0.489336 0.872055 0.008392
vn 0.814906 0.118847 -0.567278
vn 0.926114 0.151508 -0.345482
vn 0.920137 -0.190207 -0.342299
vn 0.845436 0.396967 -0.357289
vn 0.913452 0.378495 -0.149488
vn 0.893501 0.431025 0.125993
vn 0.623925 0.742068 0.245056
vn 0.682651 0.730465 0.020199
vn 0.173981 0.961239 -0.213895
vn 0.458253 0.876574 -0.147048
vn 0.499400 0.837284 0.222609
vn 0.374973 0.807027 0.456183
vn -0.230236 0.955255 0.185687
vn 0.276055 0.920568 -0.276312
vn -0.547295 0.824769 -0.142214
vn -0.735587 0.677068 0.022166
vn -0.707334 0.706639 0.018425
vn -0.514449 0.849814 -0.114707
vn -0.398300 0.809177 -0.431961
vn -0.435654 0.806138 -0.400433
vn -0.777436 0.487438 -0.397488
vn -0.546388 0.820129 -0.169846
vn -0.767443 0.589034 -0.253120
vn -0.373454 0.846553 -0.379315
vn -0.357857 0.927789 -0.105576
vn -0.289960 0.906362 -0.307297
vn -0.722337 0.521706 -0.453930
vn -0.519951 0.700940 -0.488194
vn -0.445398 0.798098 -0.405783
vn -0.193057 0.904134 -0.381144
vn -0.157182 0.908552 -0.387076
vn -0.845896 0.501425 -0.181746
vn 0.322582 0.843922 -0.428645
vn 0.256916 0.852968 -0.454356
vn 0.446124 0.826994 -0.342131
vn 0.671820 0.720695 -0.171046
vn 0.400591 0.915322 -0.041385
vn 0.253232 0.923393 -0.288478
vn 0.582835 0.810911 -0.052229
vn 0.916815 0.363911 -0.164376
vn 0.572478 0.715062 -0.401191
vn -0.022917 0.677976 -0.734726
vn -0.216803 0.733983 -0.643634
vn -0.260010 0.604889 -0.752665
vn -0.203812 0.574298 -0.792870
vn -0.666290 0.533219 -0.521282
vn 0.712641 0.683125 0.159634
vn -0.636684 0.662111 -0.395275
vn -0.455938 0.742739 -0.490367
vn -0.305742 0.903943 0.299014
vn 0.267452 0.912638 0.309130
vn 0.695400 0.663271 0.276567
vn 0.626599 0.599404 0.498085
vn 0.981097 0.192535 0.019446
vn -0.755611 -0.535334 0.377450
vn 0.903916 -0.183288 -0.386447
vn -0.472484 -0.545056 -0.692584
vn -0.766614 -0.187931 -0.613991
vn -0.987491 -0.153485 0.036117
vn -0.998563 -0.047624 -0.024558
vn -0.075897 -0.318647 0.944830
vn 0.048278 -0.023595 0.998555
vn 0.250413 0.013161 0.968050
vn 0.850613 -0.040016 0.524268
vn 0.603989 -0.678419 -0.418265
vn -0.781389 -0.462638 -0.418806
vn -0.510545 -0.768390 -0.385903
vn -0.854307 -0.344235 0.389437
vn -0.858127 -0.484470 0.170022
vn -0.856557 -0.357596 0.372070
vn 0.079352 -0.356778 0.930813
vn 0.809411 -0.572455 -0.130959
vn 0.863476 -0.483213 0.144619
vn 0.157168 -0.045486 -0.986524
vn 0.883823 -0.459442 -0.088152
vn 0.122258 -0.984309 -0.127234
vn 0.108509 -0.964241 -0.241795
vn -0.088377 -0.995287 -0.039905
vn -0.018235 -0.984584 -0.173958
vn -0.143063 -0.937161 -0.318217
vn -0.082256 -0.995710 -0.042369
vn 0.499154 -0.860960 -0.097946
vn 0.753904 -0.524087 0.396184
vn 0.499005 -0.860821 -0.099901
vn 0.011755 -0.980942 0.193942
vn -0.085673 -0.977821 0.191120
vn 0.178456 -0.982113 -0.060059
vn 0.305676 -0.733862 0.606637
vn 0.420695 -0.772348 0.475915
vn -0.153772 -0.653940 0.740754
vn -0.122513 -0.642023 0.756833
vn -0.353897 -0.611162 0.707981
vn -0.310115 -0.602672 0.735265
vn 0.336119 -0.937695 -0.088045
vn 0.569408 -0.817221 -0.089023
vn 0.787995 -0.541776 0.292475
vn 0.767068 -0.639733 0.048468
vn 0.736035 -0.675400 -0.045690
vn 0.686189 -0.672696 -0.276813
vn 0.925487 -0.367736 0.090798
vn -0.264705 -0.824256 0.500533
vn -0.285807 -0.568158 0.771694
vn -0.330856 -0.917251 0.221777
vn -0.331069 -0.919634 0.211347
vn -0.453835 -0.819948 0.348883
vn -0.445287 -0.892295 0.074360
vn -0.462270 -0.840937 0.281303
vn -0.732100 -0.672812 0.106551
vn -0.575071 -0.816892 0.044506
vn -0.584882 -0.809956 -0.043410
vn -0.629875 -0.699367 -0.337850
vn -0.182705 -0.975361 -0.123655
vn -0.275554 -0.935028 -0.223145
vn -0.349055 -0.646411 -0.678464
vn -0.206063 -0.609069 -0.765880
vn -0.132122 -0.796278 -0.590327
vn -0.018961 -0.576707 -0.816731
vn -0.093132 -0.825630 -0.556472
vn -0.119875 -0.829190 -0.545962
vn -0.199635 -0.752476 -0.627635
vn -0.289944 -0.951657 -0.101398
vn 0.322015 -0.772899 -0.546748
vn 0.745915 -0.588790 -0.311347
vn 0.530076 -0.577048 -0.621317
vn 0.973307 -0.210289 -0.091940
vn 0.940772 -0.337442 -0.032865
vn 0.831590 -0.189608 -0.522022
vn 0.882020 -0.304505 -0.359609
vn 0.936950 -0.327774 -0.121193
vn 0.912778 -0.403546 -0.063143
vn 0.969436 -0.205390 0.134199
vn 0.994594 -0.064950 -0.081024
vn 0.991819 -0.102691 0.075831
vn 0.988230 -0.039230 0.147861
vn 0.948709 0.181990 -0.258517
vn 0.343218 -0.799467 0.493005
vn 0.620489 -0.647223 0.442827
vn 0.425576 -0.571091 0.701954
vn -0.258993 -0.443462 0.858058
vn 0.293224 -0.608316 0.737544
vn -0.262460 -0.448610 0.854321
vn -0.307221 -0.247771 0.918817
vn -0.098473 0.073090 0.992452
vn -0.534256 -0.619301 0.575358
vn -0.540511 -0.584926 0.604739
vn -0.846254 -0.396892 0.355432
vn -0.759173 -0.545931 0.354423
vn -0.558825 -0.567647 0.604559
vn -0.936960 -0.182191 0.298181
vn -0.635037 -0.200552 0.745994
vn -0.745893 -0.072702 0.662086
vn -0.828301 -0.416167 -0.375130
vn -0.931729 -0.174836 -0.318297
vn -0.934521 -0.087024 -0.345106
vn 0.069625 -0.197194 -0.977889
vn 0.244770 -0.421724 -0.873062
vn 0.277339 -0.150565 -0.948901
vn -0.505912 0.182989 0.842952
vn 0.423912 0.011773 -0.905627
vn 0.926892 0.375290 0.005270
vn 0.802464 0.434960 0.408487
vn 0.976896 -0.009248 0.213514
vn 0.755070 -0.054669 0.653361
vn 0.890862 -0.326319 0.316040
vn 0.786245 -0.362178 0.500646
vn 0.467605 -0.248362 0.848329
vn 0.577424 0.210016 0.788971
vn 0.122615 -0.041106 0.991603
vn -0.515146 0.204526 0.832342
vn -0.375660 0.076370 0.923605
vn -0.525665 -0.143936 0.838426
vn -0.526961 -0.143282 0.837725
vn -0.403564 -0.320058 0.857146
vn -0.594561 -0.231401 0.770033
vn 0.672705 0.378671 -0.635670
vn -0.651115 -0.131016 0.747585
vn -0.942234 0.072084 0.327106
vn -0.995015 0.057727 0.081324
vn -0.988387 -0.086575 0.124887
vn -0.953917 -0.286689 -0.088609
vn -0.989020 -0.002301 0.147766
vn -0.990172 -0.016889 0.138829
vn -0.887657 0.333053 -0.318025
vn -0.416575 0.400011 -0.816368
vn -0.798527 0.184811 -0.572887
vn -0.366006 0.082645 -0.926935
vn -0.002437 -0.055931 -0.998432
vn -0.427557 -0.004586 -0.903977
vn -0.239956 0.193435 -0.951317
vn 0.230015 0.377097 -0.897157
vn 0.241490 0.380398 -0.892737
vn 0.032798 0.226025 -0.973569
vn 0.697967 0.339948 -0.630299
vn -0.307309 0.943561 -0.123503
vn 0.937853 0.133895 -0.320162
vn 0.662999 0.328551 -0.672671
vn 0.727725 0.477890 0.491973
vn 0.734331 0.676992 -0.049394
vn 0.034945 0.899979 0.434531
vn 0.319797 0.917417 0.236805
vn 0.258634 0.965647 0.025182
vn 0.283884 0.864967 0.413813
vn 0.107967 0.991257 0.075845
vn 0.317306 0.947384 0.042202
vn 0.066633 0.997073 0.037492
vn -0.182613 0.661810 0.727090
vn -0.816621 0.192028 0.544293
vn -0.631271 0.392343 0.669003
vn -0.390153 0.819172 0.420402
vn -0.576408 0.461180 0.674586
vn -0.237301 0.898670 0.368892
vn -0.380159 0.868468 0.318187
vn -0.771797 0.582584 0.254805
vn -0.676241 0.601042 0.425966
vn -0.755926 0.651281 0.066400
vn -0.694668 0.717920 0.045026
vn 0.001058 0.997524 -0.070315
vn -0.504516 0.858685 0.090128
vn -0.677839 0.692832 -0.246004
vn -0.454589 0.851198 -0.262317
vn -0.068844 0.994604 0.077610
vn -0.077658 0.985039 -0.153843
vn -0.292475 0.955917 -0.026083
vn 0.376214 0.699823 -0.607216
vn 0.521767 0.754421 -0.398257
vn 0.417355 0.447129 -0.791133
vn 0.445516 0.888828 -0.107234
vn 0.588390 0.725922 -0.356137
vn 0.281109 0.881437 -0.379536
vn 0.223530 0.943578 -0.244325
vn -0.006403 0.999250 -0.038181
vn -0.059560 0.991191 0.118294
vn 0.335191 0.937983 0.088513
vn 0.106764 -0.840452 0.531264
vn 0.463461 0.885862 -0.021272
vn 0.808355 0.573942 -0.130971
vn -0.734480 0.664572 -0.137416
vn -0.882905 0.446444 -0.145490
vn -0.912282 0.403827 0.068294
vn -0.276203 0.560187 0.780962
vn -0.287259 0.375259 0.881285
vn -0.565237 0.346330 0.748707
vn 0.345873 0.842482 0.413033
vn -0.422314 0.681791 0.597337
vn 0.744620 0.026262 -0.666972
vn 0.907697 0.044054 -0.417307
vn 0.838896 -0.189812 -0.510122
vn 0.683900 0.142767 -0.715471
vn -0.227579 -0.241953 -0.943221
vn -0.293089 -0.511622 -0.807677
vn -0.196838 -0.131749 -0.971544
vn -0.954491 -0.287274 -0.080133
vn -0.439106 -0.336037 0.833226
vn -0.322442 -0.574717 0.752151
vn -0.101215 -0.453067 0.885712
vn -0.106272 -0.105117 0.988765
vn 0.777573 -0.447383 0.441847
vn 0.862009 -0.414685 0.291510
vn 0.448334 -0.303136 -0.840895
vn 0.333235 -0.435453 -0.836262
vn -0.379285 -0.736766 -0.559748
vn -0.683003 -0.502789 -0.529821
vn -0.675985 -0.551206 -0.489097
vn -0.824916 -0.565256 0.000414
vn -0.842748 -0.381774 0.379505
vn -0.658774 -0.594544 0.461013
vn -0.775829 -0.412505 0.477420
vn -0.093630 -0.586534 0.804495
vn 0.739846 -0.585620 0.331176
vn 0.974917 -0.222449 -0.007266
vn 0.799468 -0.507552 -0.321312
vn -0.033422 -0.994748 -0.096744
vn 0.456624 -0.867018 -0.199435
vn 0.569033 -0.668485 -0.478884
vn 0.447067 -0.869091 -0.211691
vn 0.092387 -0.995641 0.012806
vn 0.001800 -0.929408 -0.369050
vn -0.250236 -0.952687 0.172537
vn 0.101192 -0.994377 0.031205
vn 0.778780 -0.625780 0.043615
vn 0.421751 -0.886877 0.188615
vn 0.502075 -0.810235 0.302391
vn -0.233334 -0.970555 -0.059811
vn -0.195929 -0.933001 0.301862
vn -0.221736 -0.931511 0.288307
vn -0.343496 -0.939111 -0.009012
vn 0.530023 -0.793999 0.297725
vn 0.407076 -0.860012 0.307681
vn 0.539027 -0.790293 0.291353
vn 0.176427 -0.892028 -0.416124
vn -0.376506 -0.922105 0.089247
vn 0.570316 0.629210 0.528048
vn -0.583233 -0.810689 -0.051211
vn 0.016652 -0.922105 -0.386581
vn -0.128927 -0.808808 -0.573765
vn 0.309053 -0.846195 -0.434097
vn 0.811973 -0.534809 0.233835
vn 0.719046 -0.443592 0.534975
vn 0.133965 -0.447794 0.884044
vn -0.806609 -0.581845 -0.104105
vn -0.767402 -0.616666 0.175548
vn -0.614749 -0.590778 -0.522557
vn -0.654478 -0.607808 -0.449697
vn -0.660682 -0.149175 -0.735694
vn 0.492824 -0.513130 -0.702725
vn 0.580306 -0.536167 -0.613001
vn 0.899103 0.121739 0.420467
vn -0.046258 0.166464 0.984962
vn -0.165706 0.067459 0.983865
vn -0.954960 -0.204809 -0.214720
vn -0.988070 -0.153978 0.002792
vn -0.269068 -0.327465 -0.905742
vn -0.356072 -0.407067 -0.841136
vn 0.611314 -0.175763 -0.771623
vn 0.594986 0.098554 -0.797671
vn 0.717958 0.060835 -0.693423
vn 0.554434 0.572769 0.603771
vn 0.378971 0.695968 0.609926
vn -0.139903 0.873512 -0.466266
vn -0.409537 0.790362 0.455640
vn -0.582404 0.617819 0.528303
vn -0.884232 0.460082 -0.080365
vn -0.485812 0.771321 -0.411158
vn 0.328921 0.677671 -0.657703
vn 0.286743 0.740139 -0.608253
vn 0.628660 0.708967 -0.319611
vn 0.148738 0.947989 -0.281415
vn 0.360223 0.851993 -0.379931
vn 0.489819 0.870479 -0.048420
vn 0.320903 0.912056 -0.255295
vn 0.048224 0.992357 -0.113584
vn 0.525396 0.818007 -0.234144
vn 0.588210 0.665116 -0.460032
vn 0.138468 0.767086 -0.626422
vn 0.220173 0.804591 -0.551505
vn 0.478932 0.706673 -0.520804
vn -0.146874 0.958690 -0.243603
vn -0.194596 0.781351 -0.592978
vn 0.013628 0.680384 -0.732729
vn -0.253950 0.760202 -0.597998
vn -0.357231 0.849194 -0.388916
vn 0.742945 0.385414 -0.547256
vn -0.518901 0.519715 -0.678703
vn -0.408002 0.911182 -0.057282
vn -0.371946 0.879916 -0.295642
vn -0.242839 0.970025 0.008981
vn -0.557209 0.795391 0.238477
vn -0.432903 0.869367 -0.238320
vn -0.735654 0.676550 0.033068
vn -0.515730 0.846363 0.133014
vn -0.733734 0.676764 0.060209
vn 0.230959 0.936414 0.264171
vn -0.174433 0.921055 0.348181
vn -0.296664 0.896414 0.329292
vn -0.064059 0.959827 0.273184
vn -0.073463 0.917832 0.390113
vn 0.219281 0.675881 0.703634
vn 0.441949 0.802398 0.401046
vn 0.218635 0.861027 0.459165
vn 0.067720 0.931464 0.357476
vn 0.540090 0.749861 0.382114
vn 0.511884 0.738650 0.438601
vn 0.611174 0.672744 0.416991
vn 0.625256 0.673189 0.394806
vn 0.871525 0.489918 0.020600
vn 0.841575 0.539056 0.034197
vn 0.318596 0.945559 -0.066450
vn 0.905611 0.192454 -0.377928
vn 0.691877 0.113475 -0.713042
vn 0.790930 0.507650 -0.341645
vn 0.629534 0.227541 -0.742908
vn 0.376846 0.573724 -0.727206
vn 0.685694 0.236763 -0.688308
vn -0.373728 0.531413 -0.760216
vn -0.168583 0.226886 -0.959220
vn -0.458171 0.473648 -0.752155
vn -0.263429 0.472139 -0.841243
vn -0.760515 -0.144079 -0.633134
vn -0.496145 0.475393 -0.726527
vn -0.486682 0.685609 0.541370
vn -0.845496 0.249985 -0.471852
vn -0.993594 -0.068635 -0.089777
vn -0.980733 0.156740 -0.116601
vn -0.854040 0.493547 0.164399
vn -0.992382 0.120353 0.026313
vn -0.772804 0.480418 0.414695
vn -0.835549 0.334585 0.435787
vn 0.502646 -0.211202 -0.838296
vn -0.638586 0.272475 0.719698
vn -0.437144 0.249136 0.864197
vn -0.287408 0.408127 0.866504
vn -0.123874 0.403375 0.906611
vn -0.108031 0.388655 0.915028
vn 0.696973 -0.100636 0.710001
vn 0.524796 0.492822 0.694057
vn 0.620487 0.333833 0.709613
vn 0.832062 0.432594 0.347182
vn 0.670665 0.090444 0.736226
vn 0.780531 0.214290 0.587241
vn 0.741585 0.078622 0.666235
vn 0.541865 0.272966 0.794904
vn 0.940107 0.191094 0.282280
vn 0.844434 0.297797 0.445250
vn 0.389845 0.126234 -0.912188
vn -0.520050 -0.826087 0.217090
vn 0.282180 -0.564858 -0.775442
vn 0.359873 -0.067946 -0.930524
vn -0.720321 -0.209682 -0.661189
vn -0.911230 -0.326629 -0.250944
vn -0.764424 0.269374 -0.585742
vn -0.760191 -0.342551 -0.552058
vn -0.973676 -0.035792 -0.225110
vn -0.827445 -0.353003 -0.436718
vn -0.857280 -0.251758 -0.449098
vn -0.716875 -0.624356 -0.310274
vn -0.722570 -0.661815 -0.199734
vn -0.972877 0.086831 0.214410
vn -0.832817 0.333302 0.441956
vn -0.830257 -0.411181 0.376302
vn -0.811640 -0.546599 0.206084
vn -0.890044 -0.392972 0.231072
vn 0.414529 0.168635 0.894275
vn 0.405975 0.308015 0.860413
vn 0.414181 -0.054175 0.908581
vn 0.074712 -0.261795 0.962227
vn 0.201035 -0.345706 0.916554
vn 0.215845 -0.710555 0.669719
vn 0.205416 -0.339982 0.917723
vn 0.508515 -0.499352 0.701470
vn 0.575539 -0.336609 0.745284
vn 0.374355 -0.230398 0.898207
vn 0.529183 -0.114112 0.840800
vn 0.994812 -0.080973 0.061585
vn 0.957228 -0.131567 -0.257691
vn 0.998899 0.034111 -0.032192
vn 0.942022 0.026131 -0.334533
vn 0.639972 -0.454800 -0.619349
vn 0.649909 -0.497691 -0.574388
vn 0.854020 -0.138613 -0.501434
vn 0.855043 -0.139043 -0.499569
vn 0.366739 -0.761443 -0.534516
vn 0.521505 -0.551941 -0.650687
vn 0.172622 -0.888603 -0.424955
vn 0.134418 -0.840281 -0.525224
vn 0.181677 -0.854481 -0.486679
vn -0.217775 -0.879639 -0.422859
vn -0.330828 -0.747829 -0.575591
vn -0.299393 -0.724760 -0.620553
vn 0.192128 -0.749726 -0.633244
vn -0.205562 -0.961386 -0.182977
vn -0.616350 -0.667177 -0.418315
vn -0.571001 -0.803671 -0.167544
vn -0.638434 -0.755324 -0.147942
vn -0.534478 -0.845169 -0.004661
vn -0.700060 -0.713099 0.037506
vn -0.607433 -0.791672 0.065431
vn -0.769839 -0.587959 -0.248298
vn 0.315421 0.346633 -0.883377
vn -0.630310 -0.692460 0.351011
vn -0.625869 -0.670877 0.397758
vn -0.611833 -0.692528 0.382185
vn -0.628144 -0.681294 0.375863
vn 0.537691 -0.662402 -0.521644
vn 0.707959 -0.637406 -0.304149
vn 0.326615 -0.912226 -0.247320
vn 0.275657 -0.941084 -0.195895
vn 0.193886 -0.972070 -0.132244
vn 0.149403 -0.977313 -0.150129
vn -0.396179 -0.757393 0.519036
vn -0.295427 -0.889101 0.349604
vn -0.402601 -0.764750 0.503061
vn -0.189957 -0.808699 0.556707
vn 0.405553 -0.778623 0.478825
vn 0.149812 -0.974880 0.164818
vn 0.213675 -0.959321 0.184517
vn 0.895906 -0.444155 0.008868
vn -0.359829 -0.853524 0.376855
vn -0.264119 -0.963922 0.033110
vn 0.079164 -0.907724 -0.412033
vn -0.182180 -0.974727 -0.129300
vn 0.096834 -0.894500 -0.436456
vn -0.101554 -0.740719 -0.664095
vn 0.043595 -0.741925 -0.669064
vn 0.997766 -0.051149 0.042979
vn 0.091298 -0.610361 0.786845
vn 0.115454 -0.578655 0.807359
vn -0.701864 -0.709329 -0.065116
vn -0.750921 -0.497130 0.434719
vn -0.882630 -0.340118 0.324474
vn -0.375230 -0.360957 -0.853764
vn -0.308953 -0.402120 -0.861886
vn 0.352987 -0.274665 -0.894404
vn 0.287296 -0.339317 -0.895726
vn 0.937566 0.112198 0.329214
vn 0.826307 -0.391665 0.404740
vn 0.930617 -0.182331 0.317345
vn 0.768037 -0.044893 0.638830
vn 0.868573 0.141909 0.474808
vn -0.512062 -0.443793 0.735418
vn -0.309669 -0.667183 0.677475
vn -0.085316 -0.271995 0.958509
vn -0.997831 -0.019996 -0.062720
vn -0.642753 -0.430582 -0.633615
vn -0.667974 -0.086719 -0.739115
vn -0.198740 -0.312710 -0.928824
vn 0.047033 -0.016826 -0.998752
vn 0.668690 -0.150281 -0.728196
vn 0.776587 -0.105978 -0.621032
vn -0.543331 0.461305 0.701420
vn -0.624555 0.592356 -0.508964
vn -0.639466 0.539220 -0.548019
vn -0.663996 0.746844 -0.036514
vn -0.723676 0.482965 -0.492989
vn 0.222655 0.638591 -0.736632
vn 0.248004 0.412674 -0.876467
vn 0.151941 0.871742 -0.465811
vn -0.178755 0.348769 -0.920004
vn -0.120601 0.304028 -0.944999
vn 0.678221 0.701927 -0.217519
vn 0.361663 0.897541 -0.252229
vn 0.346201 0.937887 0.022653
vn 0.273751 0.961221 0.033390
vn 0.521239 0.829593 -0.200215
vn 0.511396 0.660866 -0.549300
vn 0.720672 0.539573 -0.435308
vn 0.248228 0.622333 -0.742351
vn 0.715867 0.540135 -0.442480
vn -0.814896 0.450696 0.364442
vn -0.189720 0.623337 -0.758589
vn -0.283189 0.927140 -0.245387
vn -0.275129 0.716905 -0.640587
vn -0.384050 0.922658 -0.034759
vn -0.471247 0.879072 -0.071819
vn -0.531984 0.833502 0.149220
vn -0.378904 0.855180 0.353693
vn -0.743560 0.667814 0.033805
vn -0.707694 0.695887 0.122105
vn -0.569405 0.745359 0.346725
vn -0.628885 0.758740 0.169759
vn -0.536729 0.750323 0.385925
vn -0.183980 0.936739 0.297778
vn -0.191112 0.922970 0.334070
vn -0.209135 0.927524 0.309777
vn 0.329254 0.939347 0.096020
vn -0.244451 0.706778 0.663859
vn -0.370380 0.842643 0.390860
vn -0.350849 0.814432 0.462176
vn 0.043957 0.810988 0.583409
vn 0.201145 0.602088 0.772677
vn 0.322997 0.936610 0.135776
vn 0.210281 0.964786 0.158018
vn 0.480769 0.860428 0.168892
vn 0.650152 0.647105 0.398192
vn 0.725475 0.637196 0.260131
vn 0.686271 0.709832 0.158653
vn 0.801267 0.598285 0.005013
vn 0.798939 0.571800 0.186388
vn 0.984715 0.107937 -0.136697
vn 0.741347 0.192756 -0.642845
vn 0.455127 0.204348 -0.866661
vn 0.381387 0.316830 -0.868425
vn 0.418236 0.587508 -0.692758
vn -0.335282 0.246949 -0.909177
vn 0.063086 -0.037335 -0.997310
vn 0.023761 -0.072210 -0.997106
vn -0.158526 0.241708 -0.957312
vn -0.326625 -0.009440 -0.945107
vn -0.219282 0.079859 -0.972388
vn -0.246338 0.320334 -0.914715
vn -0.197898 0.130526 -0.971493
vn -0.603261 0.378591 -0.701958
vn -0.912170 -0.121501 -0.391386
vn -0.953803 0.157740 -0.255689
vn -0.956402 -0.052498 0.287296
vn -0.707874 0.138601 -0.692607
vn -0.866323 0.067169 0.494947
vn -0.861702 0.490065 0.131552
vn -0.371649 -0.206200 0.905184
vn -0.639974 0.312621 0.701927
vn -0.627860 0.323119 0.708086
vn -0.638481 -0.081880 0.765270
vn -0.031780 -0.163095 0.986098
vn -0.197103 -0.210383 0.957544
vn -0.314359 0.209109 0.925987
vn -0.149074 0.220124 0.964014
vn 0.312272 0.251063 0.916217
vn 0.744166 0.648358 0.160778
vn 0.887691 0.448909 0.102402
vn 0.210591 0.207962 -0.955198
vn 0.375120 0.301465 -0.876586
vn 0.521190 0.018845 -0.853232
vn 0.506728 0.410510 -0.758095
vn 0.016091 -0.522737 -0.852342
vn 0.155099 -0.356863 -0.921191
vn -0.219007 0.005136 -0.975710
vn -0.323506 -0.050937 -0.944854
vn -0.888397 -0.195296 0.415465
vn -0.646619 -0.201984 -0.735586
vn -0.553097 -0.088262 -0.828429
vn -0.492507 -0.468737 -0.733296
vn -0.761236 -0.292134 0.578945
vn -0.821768 -0.085248 0.563409
vn -0.281105 -0.512160 -0.811586
vn -0.561803 -0.100685 0.821121
vn -0.756392 -0.319171 0.570965
vn -0.801470 -0.387935 0.455140
vn -0.718522 -0.494192 0.489387
vn -0.651471 -0.430605 0.624632
vn -0.448454 -0.685273 0.573839
vn -0.377645 -0.682673 0.625573
vn -0.644282 -0.469138 0.603995
vn -0.376099 -0.616441 0.691773
vn 0.558667 -0.077809 0.825734
vn 0.737393 0.136972 0.661431
vn 0.316939 -0.554153 0.769717
vn 0.467350 -0.433883 0.770279
vn 0.596368 -0.447290 0.666541
vn 0.712293 -0.506451 0.485949
vn 0.820181 -0.406523 0.402544
vn 0.602902 -0.422046 0.677043
vn 0.925404 0.372627 -0.069117
vn 0.995799 0.087331 0.027538
vn 0.996946 -0.062757 0.046488
vn 0.976378 0.128407 0.173777
vn 0.830132 -0.040942 -0.556062
vn 0.923814 -0.227673 -0.307787
vn 0.230577 -0.583340 -0.778813
vn 0.310726 -0.435320 -0.844953
vn 0.456844 -0.658586 -0.597961
vn -0.017369 -0.545097 -0.838193
vn 0.209811 -0.670195 -0.711911
vn 0.023985 -0.525783 -0.850280
vn 0.453225 -0.479755 -0.751280
vn -0.214382 -0.254575 -0.942991
vn -0.132646 -0.495586 -0.858371
vn -0.178755 -0.692517 -0.698904
vn -0.552031 -0.828618 -0.093029
vn -0.446746 -0.695642 -0.562584
vn -0.481487 -0.597404 -0.641310
vn -0.339168 -0.588065 -0.734264
vn -0.240513 -0.726009 -0.644254
vn -0.500486 -0.862062 0.079767
vn -0.560448 -0.801599 0.208178
vn -0.232581 -0.949159 0.212141
vn -0.314171 -0.809717 0.495637
vn -0.312232 -0.712736 0.628108
vn -0.411337 -0.784772 0.463611
vn -0.452305 -0.734182 0.506357
vn 0.925839 -0.323042 -0.196126
vn 0.436431 -0.757842 -0.484978
vn 0.620867 -0.749900 -0.228418
vn 0.211603 -0.957041 -0.198234
vn -0.174195 -0.760887 0.625066
vn -0.036572 -0.907852 0.417693
vn 0.308522 -0.691860 0.652797
vn 0.414754 -0.904761 0.096882
vn 0.298147 -0.886137 0.354781
vn 0.194508 -0.921200 0.336981
vn 0.237199 -0.900539 0.364372
vn 0.419142 -0.817280 0.395440
vn 0.777714 -0.547544 0.308799
vn 0.739641 -0.589672 0.324375
vn 0.389810 -0.804876 0.447463
vn 0.784002 -0.565992 0.254938
vn 0.702993 -0.589533 0.397809
vn -0.182558 -0.873062 0.452145
vn -0.334958 -0.878218 0.341374
vn -0.298388 -0.946393 -0.123712
vn -0.075487 -0.975618 0.206084
vn -0.486222 -0.618114 -0.617676
vn 0.137785 -0.990119 0.026061
vn 0.436022 -0.883300 0.172236
vn 0.038820 -0.974943 -0.219041
vn 0.752416 -0.421800 0.505920
vn 0.865721 -0.497676 -0.053349
vn 0.828234 -0.414767 0.376824
vn 0.137250 -0.413740 0.899990
vn -0.640806 -0.611283 0.464436
vn -0.753666 -0.402350 0.519713
vn -0.728181 -0.499873 -0.468914
vn 0.894436 -0.446959 -0.014545
vn -0.782427 -0.433360 -0.447222
vn -0.679164 -0.369433 -0.634236
vn 0.710938 -0.560022 -0.425373
vn 0.406123 -0.713155 -0.571379
vn 0.708145 -0.325743 -0.626436
vn 0.789496 -0.341700 0.509839
vn 0.929045 -0.088486 0.359229
vn -0.097870 -0.106637 0.989470
vn -0.068259 -0.226963 0.971508
vn -0.957046 -0.275557 -0.090172
vn -0.455673 -0.098575 -0.884672
vn -0.246445 -0.383367 -0.890109
vn -0.187338 -0.166283 -0.968119
vn 0.187850 0.881367 -0.433480
vn 0.829144 -0.217208 -0.515113
vn 0.939163 -0.274485 -0.206472
vn 0.323840 0.645469 0.691735
vn -0.278659 0.919623 0.276846
vn -0.178822 0.790550 0.585707
vn -0.408263 0.893285 -0.188049
vn -0.588564 0.746156 -0.311198
vn 0.065642 0.566747 -0.821273
vn 0.162416 0.742284 -0.650104
vn 0.020562 0.753232 -0.657433
vn 0.963585 0.233060 -0.131102
vn 0.910949 0.255895 -0.323558
vn 0.823558 0.556460 -0.110017
vn 0.998882 0.019682 0.042986
vn 0.781888 0.508100 -0.361228
vn 0.336878 0.939307 -0.064922
vn -0.312681 0.949774 0.012645
vn 0.595799 0.703971 -0.386587
vn 0.322554 0.870700 -0.371268
vn 0.261849 0.798644 -0.541851
vn 0.658032 0.522953 -0.541769
vn 0.270575 0.593336 -0.758117
vn 0.721844 0.205290 -0.660906
vn 0.025147 0.967607 -0.251206
vn -0.071891 0.973991 -0.214880
vn -0.056383 0.925464 -0.374617
vn -0.040118 0.981335 -0.188077
vn -0.370329 0.714235 -0.593907
vn -0.123780 0.716200 -0.686831
vn -0.145744 0.900063 -0.410665
vn -0.094468 0.909918 -0.403888
vn -0.108373 0.793104 -0.599368
vn -0.138957 0.970685 -0.196117
vn -0.161450 0.986741 -0.016636
vn -0.275000 0.928017 -0.251315
vn -0.034577 0.983298 -0.178689
vn -0.405775 0.877959 -0.254038
vn -0.601735 0.776984 0.184962
vn -0.584621 0.811301 -0.003036
vn -0.543231 0.809359 0.223246
vn -0.230032 0.105031 -0.967499
vn -0.236465 0.971504 0.016247
vn 0.136095 0.950925 0.277884
vn -0.008200 0.936592 0.350325
vn 0.506379 0.700663 0.502645
vn 0.168237 0.868952 0.465424
vn 0.268201 0.962793 -0.033149
vn -0.011426 0.999886 -0.009875
vn 0.956896 0.093795 0.274867
vn 0.386948 0.907277 0.164683
vn 0.958665 -0.037512 -0.282053
vn 0.992661 -0.111144 -0.047658
vn 0.889466 0.104372 -0.444923
vn 0.957148 -0.055834 -0.284167
vn 0.830963 -0.058933 -0.553198
vn 0.780780 -0.059831 -0.621935
vn 0.706239 0.284243 -0.648408
vn 0.687427 0.247789 -0.682675
vn -0.155132 0.519651 -0.840177
vn 0.207298 0.487683 -0.848053
vn -0.532854 -0.097673 -0.840551
vn -0.344580 0.180240 -0.921292
vn 0.411426 -0.022288 0.911171
vn -0.726438 0.542370 -0.422045
vn -0.435384 -0.102573 -0.894382
vn -0.706797 0.183454 -0.683215
vn -0.806047 0.577625 -0.128984
vn -0.807689 0.576215 -0.124959
vn -0.620650 0.657811 -0.426706
vn -0.799782 0.355501 -0.483702
vn -0.966954 0.023706 -0.253845
vn -0.868045 0.425129 0.256444
vn -0.766677 0.604548 -0.216166
vn -0.969839 0.168816 -0.175820
vn -0.721625 0.640531 0.262635
vn -0.707592 0.535515 0.461019
vn -0.542826 0.810021 0.221822
vn -0.675280 0.728945 -0.112414
vn -0.186221 0.548231 0.815331
vn 0.229721 0.665256 0.710396
vn 0.046178 0.696857 0.715722
vn -0.363987 0.811118 0.457822
vn 0.221891 0.050366 0.973770
vn 0.022815 0.058056 0.998053
vn 0.166744 0.397703 0.902235
vn 0.203820 0.268301 0.941526
vn 0.324509 0.466456 0.822869
vn 0.373177 0.412683 0.830922
vn 0.167093 0.397656 0.902192
vn 0.505582 0.275922 0.817468
vn 0.773693 0.065094 0.630208
vn 0.849849 0.381294 0.363829
vn 0.805836 -0.194993 0.559112
vn 0.911814 -0.034919 0.409116
vn 0.952390 0.087196 0.292149
vn 0.852604 0.143704 0.502411
vn 0.313584 -0.037174 -0.948833
vn 0.359984 0.048378 -0.931703
vn 0.700876 -0.187259 -0.688263
vn 0.642847 -0.431217 -0.633088
vn 0.062539 -0.472381 -0.879173
vn 0.123802 -0.550101 -0.825871
vn -0.235627 -0.441787 -0.865624
vn 0.147169 -0.322365 -0.935106
vn -0.855545 0.121431 -0.503287
vn -0.869802 -0.286935 -0.401389
vn -0.571349 0.325601 -0.753355
vn -0.835457 0.013450 -0.549392
vn -0.843367 -0.321148 -0.430808
vn -0.721962 -0.438684 -0.535095
vn -0.872845 -0.449406 -0.190199
vn -0.805436 -0.592034 0.027733
vn -0.771121 -0.549630 -0.321373
vn -0.988246 -0.053127 -0.143343
vn -0.384409 0.181147 0.905216
vn -0.567477 0.611746 0.551124
vn -0.791502 0.299000 0.533033
vn -0.416613 -0.507964 0.753927
vn -0.323987 -0.257456 0.910356
vn 0.483142 0.341863 0.806042
vn 0.628574 0.103856 0.770784
vn 0.433272 -0.057741 0.899411
vn 0.942408 -0.272773 0.193553
vn 0.631881 -0.286544 0.720152
vn 0.391034 -0.003289 0.920370
vn 0.638007 -0.073593 0.766506
vn 0.703753 -0.149184 0.694604
vn 0.826399 -0.360652 0.432430
vn 0.696385 -0.150870 0.701631
vn 0.887432 -0.391248 0.243700
vn 0.979814 -0.143890 0.138779
vn 0.583561 -0.796366 -0.158925
vn 0.920912 -0.388140 0.035610
vn 0.916849 -0.335671 0.216131
vn 0.891268 -0.450280 0.053755
vn 0.962218 -0.250449 0.106830
vn 0.899918 -0.415914 0.131011
vn 0.837991 -0.542027 0.063067
vn 0.867433 -0.464285 -0.178884
vn 0.015542 -0.989073 -0.146604
vn -0.323658 -0.864284 -0.385043
vn 0.378182 -0.586862 -0.715941
vn -0.136750 -0.947830 -0.287955
vn 0.319090 -0.498844 0.805814
vn 0.373004 -0.852499 -0.366214
vn -0.123032 -0.913226 -0.388435
vn -0.109840 -0.674358 -0.730189
vn -0.389318 -0.905409 -0.169310
vn -0.726225 -0.559315 -0.399705
vn -0.667537 -0.574680 -0.473431
vn -0.244521 -0.869406 -0.429352
vn -0.495842 -0.867971 0.027709
vn -0.745548 -0.646854 -0.160433
vn -0.790887 -0.533346 -0.300067
vn -0.715264 -0.640849 -0.278763
vn -0.736683 -0.636473 0.228474
vn -0.588098 -0.795659 0.145142
vn -0.513902 -0.743986 0.427071
vn -0.311240 -0.764301 0.564777
vn -0.306940 -0.528674 0.791386
vn -0.280743 -0.572363 0.770444
vn 0.822600 -0.567025 0.042563
vn 0.827733 -0.559492 0.042736
vn 0.837653 -0.543105 0.058084
vn 0.896830 -0.439040 0.054220
vn 0.503005 -0.831957 0.234165
vn 0.477728 -0.862891 0.164909
vn 0.470244 -0.832874 0.291875
vn 0.488979 -0.854448 0.175550
vn 0.090694 -0.963175 0.253118
vn 0.105135 -0.965611 0.237784
vn 0.497336 -0.864943 0.067312
vn 0.440624 -0.892513 -0.096288
vn -0.100555 -0.487676 0.867215
vn 0.000000 -0.857455 0.514559
vn -0.370877 -0.412045 -0.832268
vn 0.453132 -0.726384 0.516758
vn 0.056662 -0.821496 0.567392
vn 0.420013 -0.750496 0.510240
vn 0.814538 -0.418140 0.402103
vn 0.639290 -0.408829 0.651281
vn -0.004548 -0.981323 0.192314
vn -0.144100 -0.938531 0.313680
vn 0.616280 -0.787513 0.004647
vn 0.695076 -0.711570 -0.102652
vn -0.343216 -0.939100 0.017132
vn 0.072706 -0.975469 -0.207783
vn 0.053120 -0.928054 -0.368638
vn 0.913283 -0.394564 0.101160
vn 0.877263 -0.411415 0.247281
vn 0.964454 -0.263482 -0.020133
vn 0.067109 -0.708393 0.702621
vn -0.040568 -0.587855 0.807949
vn -0.582288 -0.711538 0.393260
vn -0.718951 -0.542206 0.434882
vn -0.443794 -0.613273 -0.653409
vn -0.318965 -0.263761 -0.910325
vn 0.846062 -0.465373 0.260014
vn 0.810979 -0.510532 0.285781
vn 0.923624 0.158927 0.348799
vn 0.908887 -0.013239 0.416832
vn -0.951986 -0.302979 -0.043898
vn -0.981126 -0.186724 0.050265
vn 0.587348 -0.296830 -0.752937
vn -0.300495 -0.220517 -0.927941
vn 0.653909 -0.567800 -0.500006
vn 0.957767 -0.114520 -0.263756
vn 0.100744 0.967368 0.232485
vn 0.416846 0.697190 0.583237
vn 0.571257 0.767550 0.290746
vn 0.488236 0.834564 0.255204
vn -0.382843 0.820383 0.424738
vn -0.285648 0.890355 0.354504
vn -0.397846 0.823781 0.403861
vn -0.642633 0.659128 -0.390606
vn -0.621580 0.724639 -0.297550
vn -0.374913 0.878340 -0.296578
vn -0.380644 0.837956 -0.391076
vn -0.468739 0.788875 -0.397441
vn -0.022193 0.693093 -0.720506
vn -0.286049 0.529789 -0.798436
vn 0.740319 0.671176 -0.038081
vn 0.572215 0.805409 -0.154550
vn 0.109787 0.958822 -0.261930
vn 0.102358 0.957893 -0.268261
vn 0.075656 0.969626 -0.232596
vn 0.582832 0.759134 -0.289865
vn 0.568688 0.660775 -0.489868
vn 0.272137 0.868782 -0.413715
vn -0.021246 0.719806 -0.693850
vn -0.211561 0.927445 -0.308363
vn 0.051583 0.846942 -0.529177
vn 0.081083 0.971048 -0.224702
vn -0.133878 0.819692 -0.556939
vn -0.274821 0.536005 -0.798231
vn -0.532983 0.538418 -0.652714
vn -0.301030 0.870682 -0.388964
vn -0.272508 0.961805 0.025890
vn -0.629889 0.752106 -0.193844
vn -0.285232 0.955338 -0.077276
vn -0.494905 0.837823 0.230482
vn -0.059020 0.973693 0.220086
vn -0.003667 0.924060 0.382230
vn 0.090993 0.856169 0.508620
vn 0.089200 0.852083 0.515750
vn -0.507333 0.143614 0.849699
vn 0.164370 0.931056 0.325756
vn 0.154855 0.984255 -0.085221
vn 0.458273 0.887668 -0.045069
vn 0.086026 0.988488 -0.124465
vn 0.226995 0.955483 0.188480
vn 0.499686 0.814126 0.295826
vn 0.603798 0.766142 0.220125
vn 0.213453 0.957971 0.191650
vn 0.558656 0.781644 0.277375
vn 0.728607 0.669698 0.143654
vn 0.633265 0.737484 0.234721
vn 0.952755 0.156176 -0.260514
vn 0.973936 0.106784 -0.200113
vn 0.972120 0.147807 -0.182032
vn 0.868780 0.494654 0.023192
vn 0.829174 0.130406 -0.543566
vn 0.836486 -0.015485 -0.547769
vn 0.424727 0.296671 -0.855332
vn -0.213457 0.111818 -0.970532
vn -0.142325 0.506450 -0.850442
vn -0.419995 0.305781 -0.854460
vn -0.456827 0.298109 -0.838117
vn -0.365207 0.453641 -0.812917
vn -0.742208 0.590313 -0.317266
vn -0.811759 0.219828 -0.541039
vn -0.977548 0.181691 0.106715
vn -0.838821 0.536677 0.091420
vn -0.949369 -0.311682 -0.039409
vn -0.970830 0.189756 0.146565
vn -0.833780 0.543766 0.095552
vn -0.791113 0.605173 0.088919
vn -0.132737 0.528320 0.838605
vn -0.283640 0.207703 0.936167
vn 0.979658 0.118510 0.161944
vn -0.097536 -0.013535 0.995140
vn -0.128712 0.232899 0.963946
vn -0.120726 0.177858 0.976623
vn -0.276235 0.543896 0.792383
vn -0.050899 0.593169 0.803468
vn -0.174962 0.393465 0.902538
vn 0.112014 0.297847 0.948019
vn 0.170775 0.394782 0.902764
vn 0.710885 0.477872 0.516023
vn 0.946226 0.147383 0.287984
vn 0.944325 0.161534 0.286630
vn 0.879783 0.464074 0.103041
vn -0.234695 0.250294 -0.939293
vn 0.520172 -0.178906 -0.835113
vn 0.937424 0.321006 -0.134874
vn -0.239631 -0.436192 -0.867360
vn -0.045134 -0.521995 -0.851754
vn -0.034121 -0.199415 -0.979321
vn -0.982331 0.174935 0.066506
vn -0.572138 0.392260 -0.720271
vn -0.514608 0.586844 -0.625135
vn -0.780357 -0.244280 -0.575648
vn -0.458338 -0.638016 -0.618758
vn -0.631358 -0.651629 -0.420436
vn -0.822692 -0.522894 -0.223067
vn -0.666842 -0.743430 -0.051310
vn -0.817615 -0.028362 0.575066
vn -0.798465 0.457009 0.391913
vn -0.744253 -0.227466 0.627970
vn -0.591156 -0.577575 0.562975
vn -0.695717 -0.494841 0.520682
vn -0.522095 -0.734283 0.433872
vn -0.245260 -0.553896 0.795643
vn -0.289456 -0.730483 0.618555
vn 0.311566 0.429577 0.847579
vn 0.314815 0.432633 0.844820
vn 0.684029 -0.082008 0.724831
vn 0.635082 -0.354247 0.686425
vn 0.227695 -0.673585 0.703163
vn 0.703856 -0.598805 0.382125
vn 0.994579 0.088206 0.055071
vn 0.989702 -0.118701 0.079995
vn -0.165149 -0.853074 -0.494965
vn 0.973588 -0.178189 -0.142744
vn 0.974198 -0.217846 0.059006
vn 0.967236 -0.030402 -0.252053
vn 0.773982 -0.620809 -0.124691
vn 0.905172 -0.385629 -0.178756
vn 0.277567 -0.694031 -0.664287
vn 0.037871 -0.872472 -0.487194
vn 0.268531 -0.773827 -0.573657
vn -0.376041 -0.925560 -0.043955
vn 0.012160 -0.848450 -0.529136
vn -0.200815 -0.711980 -0.672872
vn -0.155116 -0.851167 -0.501452
vn -0.419096 -0.821299 -0.387075
vn -0.168545 -0.879243 -0.445561
vn -0.514729 -0.746599 -0.421477
vn -0.242182 -0.868300 -0.432902
vn -0.659904 -0.566370 0.493712
vn -0.491851 -0.856461 -0.156706
vn -0.610205 -0.770260 -0.185337
vn -0.452861 -0.764079 -0.459456
vn -0.431861 -0.873518 0.224637
vn -0.206551 -0.961190 0.182894
vn -0.404036 -0.825040 0.395049
vn -0.288603 -0.884897 0.365603
vn -0.239606 -0.955783 0.170490
vn -0.089164 -0.928313 0.360949
vn -0.223965 -0.919124 0.324114
vn -0.392282 -0.867246 0.306593
vn -0.348560 -0.898588 0.266545
vn -0.205867 -0.936518 0.283817
vn 0.735261 -0.671401 -0.092802
vn 0.777557 -0.617339 -0.119574
vn 0.584782 -0.728024 -0.357786
vn 0.492240 -0.870412 0.009093
vn 0.308601 -0.942368 -0.129260
vn 0.034599 -0.995286 0.090600
vn -0.125429 -0.905724 0.404884
vn 0.138189 -0.873124 0.467503
vn 0.142664 -0.911988 0.384609
vn 0.040870 -0.858015 0.511997
vn 0.274537 -0.825638 0.492901
vn 0.270997 -0.954694 0.122964
vn 0.269990 -0.955467 0.119117
vn 0.055548 -0.975024 0.215041
vn 0.676329 -0.697409 0.237064
vn -0.569559 -0.821650 -0.022196
vn -0.548654 -0.782343 -0.294820
vn -0.087993 -0.995414 -0.037527
vn 0.220444 -0.807961 -0.546446
vn 0.946021 0.181287 -0.268662
vn 0.979898 0.167266 -0.108730
vn -0.208069 -0.496515 0.842722
vn -0.638254 -0.745791 -0.190864
vn -0.442661 0.531797 0.721972
vn -0.817478 -0.528224 0.229587
vn -0.556922 -0.770311 0.310578
vn -0.704068 -0.365867 -0.608629
vn 0.442081 -0.494583 -0.748299
vn 0.664565 -0.001711 0.747229
vn 0.874774 0.461957 -0.146172
vn 0.706812 0.109852 0.698820
vn -0.197873 -0.504083 0.840682
vn -0.258135 0.036054 0.965436
vn -0.497190 0.042343 0.866608
vn -0.917846 -0.394261 -0.046002
vn -0.919044 -0.385797 -0.080735
vn 0.661348 -0.089321 -0.744742
vn -0.708806 0.468038 0.527764
vn -0.695662 0.714239 0.076927
vn -0.526950 0.807525 0.265005
vn -0.543187 0.672258 0.503008
vn -0.909436 0.294516 -0.293575
vn 0.280389 0.475046 -0.834094
vn 0.505206 0.764547 -0.400294
vn 0.755627 0.649028 -0.088267
vn 0.705295 0.703428 -0.088024
vn 0.748423 0.233063 -0.620923
vn 0.458881 0.244521 -0.854189
vn 0.309241 0.300616 -0.902219
vn -0.299660 0.911145 -0.282876
vn 0.018104 0.974578 -0.223314
vn -0.302424 0.878876 -0.368941
vn -0.581726 0.709400 -0.397928
vn -0.022294 0.523621 -0.851660
vn -0.009620 0.455171 -0.890352
vn 0.098075 0.539317 -0.836372
vn -0.537873 0.783416 -0.311370
vn -0.740435 0.643616 0.193687
vn -0.552587 0.825590 0.114232
vn 0.498833 0.811933 0.303200
vn -0.856721 0.507918 0.089715
vn -0.849149 0.441871 0.289303
vn -0.120320 0.936653 0.328945
vn -0.473904 0.826113 0.304881
vn -0.164173 0.869921 0.465064
vn 0.968449 -0.063373 -0.241021
vn 0.836361 0.458543 0.300398
vn 0.199243 0.852907 0.482547
vn 0.860583 0.412827 0.298279
vn 0.560746 0.025101 -0.827607
vn 0.313792 -0.732242 0.604447
vn 0.813230 0.353664 -0.462147
vn 0.709189 0.235710 -0.664449
vn -0.171531 0.363937 -0.915493
vn -0.483009 0.251362 -0.838761
vn -0.551093 0.489713 -0.675632
vn -0.255422 0.218062 -0.941917
vn -0.683070 0.627863 -0.373099
vn -0.962094 0.173645 0.210293
vn -0.977312 -0.147335 -0.152165
vn -0.922034 0.096538 0.374879
vn -0.546739 0.181264 0.817447
vn -0.296400 0.458370 0.837880
vn -0.018544 0.322617 0.946348
vn -0.473092 0.231082 0.850168
vn -0.421293 -0.307825 0.853086
vn 0.116396 0.510676 0.851858
vn -0.673462 0.360385 0.645423
vn 0.518531 0.255150 0.816103
vn 0.830445 0.486246 0.271893
vn 0.847612 0.441599 0.294184
vn 0.715626 0.492011 0.495787
vn 0.740790 0.539411 0.400332
vn 0.708626 0.524586 0.471867
vn 0.464490 -0.046663 -0.884348
vn 0.565373 0.322634 -0.759119
vn 0.272450 -0.354320 -0.894555
vn 0.102715 0.028654 -0.994298
vn 0.171134 -0.280899 -0.944356
vn 0.218499 -0.050722 -0.974518
vn -0.773448 0.213003 -0.596999
vn -0.662098 -0.105456 -0.741960
vn -0.570072 -0.513933 -0.641007
vn -0.824626 -0.547007 -0.144134
vn -0.831055 -0.535224 -0.151271
vn -0.878864 -0.154065 0.451510
vn -0.636356 -0.387349 0.667092
vn 0.135242 -0.178369 0.974625
vn -0.281811 0.221944 0.933447
vn 0.632005 -0.203766 0.747696
vn 0.677519 -0.532979 0.506854
vn 0.959940 0.178214 0.216228
vn 0.981139 -0.142989 -0.130081
vn 0.976736 -0.214278 -0.008481
vn 0.894518 -0.312779 -0.319384
vn -0.010653 -0.674237 -0.738438
vn -0.150687 -0.342264 -0.927442
vn -0.167988 -0.315280 -0.934012
vn 0.285723 -0.477329 -0.830975
vn 0.279177 -0.383949 -0.880138
vn -0.261702 -0.699843 -0.664629
vn -0.656292 -0.635534 -0.406666
vn -0.648998 -0.676221 -0.348607
vn -0.819952 -0.552753 -0.148806
vn -0.712107 -0.593300 -0.375365
vn -0.832889 -0.545202 0.095134
vn -0.739199 -0.628795 0.241250
vn -0.689678 -0.707126 0.155941
vn 0.857715 -0.462471 -0.224599
vn 0.852629 -0.247882 -0.459977
vn 0.782161 -0.610217 -0.125932
vn 0.784039 -0.582367 -0.214783
vn 0.466832 -0.884327 -0.005824
vn -0.030911 -0.862601 0.504939
vn 0.197752 -0.571039 0.796749
vn 0.639429 -0.688635 0.341924
vn 0.268978 -0.520412 0.810446
vn -0.389975 -0.535719 0.748949
vn 0.064106 -0.935434 0.347640
vn 0.244834 -0.888612 0.387846
vn 0.870452 -0.428398 0.242463
vn 0.422188 -0.778433 0.464541
vn -0.184904 -0.979249 0.082954
vn -0.436555 -0.861025 0.260876
vn -0.186664 -0.921580 0.340364
vn -0.396856 -0.915665 0.063740
vn -0.058235 -0.997969 0.025805
vn -0.341449 -0.939572 -0.024848
vn -0.149317 -0.963536 -0.222044
vn 0.146210 -0.983914 -0.102643
vn 0.137342 -0.987481 -0.077574
vn -0.029681 -0.999426 -0.016345
vn -0.002726 -0.918501 -0.395409
vn 0.925842 -0.331748 0.180995
vn 0.763095 -0.194391 0.616358
vn 0.101252 -0.411247 0.905883
vn -0.097213 -0.546229 0.831976
vn -0.684387 -0.724599 0.081057
vn -0.942430 -0.214243 0.256761
vn -0.739159 -0.024806 -0.673074
vn 0.065665 -0.478989 -0.875361
vn -0.198426 -0.014186 -0.980013
vn 0.170914 -0.631442 -0.756352
vn 0.634524 -0.467559 -0.615441
vn 0.877916 -0.124774 0.462271
vn 0.863927 -0.113937 0.490559
vn 0.803893 0.061434 0.591592
vn 0.862674 0.491408 0.119631
vn -0.423953 -0.243583 0.872314
vn -0.865996 -0.495207 -0.069429
vn -0.296455 -0.179025 -0.938118
vn -0.281923 -0.177425 -0.942889
vn 0.586547 -0.299753 -0.752403
vn 0.505806 0.582870 0.635943
vn -0.384743 0.537690 0.750242
vn -0.772285 0.362797 -0.521492
vn -0.892638 0.395182 -0.216862
vn -0.771951 0.364662 -0.520685
vn -0.568186 0.822899 -0.001320
vn -0.542459 0.839949 -0.014979
vn -0.039856 0.585132 -0.809958
vn 0.204749 0.546220 -0.812232
vn 0.027083 0.603261 -0.797084
vn 0.904226 0.412915 -0.108975
vn 0.651289 0.430931 -0.624596
vn 0.969860 0.243566 -0.006909
vn 0.890495 0.437984 -0.123242
vn 0.320883 0.947087 0.007716
vn 0.581259 0.747396 -0.321770
vn 0.569376 0.646391 -0.507927
vn 0.456161 0.743315 -0.489285
vn 0.722363 0.349752 -0.596544
vn 0.538151 0.495430 -0.681867
vn 0.384379 0.362841 -0.848881
vn 0.743648 0.392577 -0.541175
vn 0.362368 0.559765 -0.745220
vn -0.081569 0.882961 -0.462305
vn -0.054751 0.554449 -0.830415
vn -0.325364 0.633242 -0.702242
vn -0.556645 0.651066 -0.516003
vn -0.482293 0.461473 -0.744605
vn -0.386878 0.709504 -0.589008
vn -0.724588 0.680121 0.111388
vn -0.753164 0.542884 0.371513
vn -0.729405 0.674974 0.111256
vn -0.742207 0.497200 0.449356
vn -0.188120 0.823453 0.535291
vn -0.190150 0.807304 0.558662
vn 0.154382 0.883585 0.442090
vn -0.447922 0.754932 0.479003
vn -0.462772 0.629527 0.624130
vn 0.279310 0.420500 0.863230
vn 0.193232 0.548862 0.813272
vn 0.068012 0.822921 0.564070
vn 0.436808 0.850243 0.293744
vn 0.464758 0.823262 0.325944
vn 0.366440 0.837976 0.404373
vn 0.687990 0.698966 0.195235
vn 0.455619 0.760715 0.462304
vn 0.659324 0.077556 0.747849
vn 0.888336 0.377502 0.261440
vn 0.935478 0.246551 -0.253166
vn 0.924902 0.165041 -0.342516
vn 0.909205 0.281630 -0.306645
vn 0.788504 -0.090353 -0.608357
vn 0.824349 0.176634 -0.537819
vn 0.542748 0.387270 -0.745282
vn 0.410045 0.375590 -0.831141
vn 0.217079 0.575708 -0.788313
vn 0.213646 0.416278 -0.883781
vn -0.468049 0.227115 -0.854019
vn -0.210546 0.193410 -0.958260
vn -0.348142 0.262256 -0.900010
vn -0.124554 0.446495 -0.886075
vn -0.404082 0.307409 -0.861521
vn -0.414309 0.305860 -0.857203
vn -0.673428 0.499715 -0.544775
vn -0.620589 0.497828 -0.605835
vn -0.842045 0.478157 -0.249651
vn -0.941114 0.145509 -0.305175
vn -0.837533 0.410942 0.360090
vn -0.919945 0.094427 0.380506
vn -0.975898 0.016763 0.217583
vn -0.753964 0.574975 -0.317714
vn -0.466273 0.097850 0.879212
vn -0.477957 -0.077268 0.874978
vn -0.431549 -0.062273 0.899938
vn -0.184709 0.084894 0.979120
vn -0.636775 0.196975 0.745465
vn -0.159636 0.302189 0.939786
vn 0.037345 -0.078644 0.996203
vn 0.639883 0.355708 0.681192
vn -0.543712 0.014958 -0.839138
vn 0.889652 0.197524 0.411708
vn 0.890526 0.043293 0.452869
vn 0.822618 0.417970 0.385489
vn 0.855607 0.314272 0.411303
vn 0.958178 0.112022 0.263337
vn 0.365164 0.382428 -0.848766
vn 0.625577 -0.403881 -0.667483
vn 0.359087 0.422739 -0.832074
vn 0.265456 -0.471178 -0.841145
vn 0.223720 -0.133005 -0.965536
vn -0.654584 0.520207 -0.548548
vn -0.867557 0.081085 -0.490683
vn 0.934577 -0.184666 -0.304078
vn -0.220260 0.064315 -0.973319
vn -0.769888 -0.413499 -0.486097
vn -0.800564 -0.012413 -0.599118
vn -0.764015 -0.116299 -0.634631
vn -0.748166 -0.450139 -0.487466
vn -0.899932 -0.429051 -0.077702
vn -0.614951 0.254123 0.746497
vn -0.672669 0.301879 0.675563
vn -0.581391 -0.433878 0.688284
vn 0.056330 0.057632 0.996747
vn 0.501079 0.269343 0.822420
vn 0.716043 -0.247185 0.652826
vn 0.607312 -0.462351 0.646068
vn 0.980414 0.168486 0.101988
vn 0.902115 -0.426737 -0.063904
vn -0.377794 -0.794362 -0.475669
vn 0.622390 -0.411256 -0.665957
vn 0.382278 -0.683727 -0.621595
vn 0.078111 -0.870772 -0.485443
vn 0.152489 -0.716299 -0.680928
vn 0.155535 -0.715135 -0.681462
vn -0.227156 -0.529908 -0.817067
vn 0.136125 -0.648340 -0.749083
vn -0.179389 -0.906228 -0.382844
vn -0.335195 -0.860483 -0.383685
vn 0.226267 -0.758994 -0.610518
vn -0.596609 -0.773766 -0.212943
vn -0.562192 -0.815372 -0.138233
vn -0.694707 -0.536316 -0.479320
vn -0.518881 -0.838517 -0.166288
vn -0.668146 -0.743985 -0.008184
vn -0.700825 -0.711784 0.046998
vn -0.275629 -0.943621 0.183323
vn -0.224393 -0.925948 0.303755
vn -0.217503 -0.684697 0.695617
vn 0.770264 -0.632529 -0.081247
vn 0.787209 -0.546788 0.285175
vn 0.345085 -0.930180 0.125227
vn 0.289792 -0.938014 0.190134
vn 0.158870 -0.891312 0.424645
vn -0.079033 -0.967118 0.241738
vn 0.225015 -0.879332 0.419695
vn 0.224448 -0.879825 0.418964
vn 0.607843 -0.454365 0.651214
vn 0.153250 -0.988185 0.002073
vn -0.068656 -0.870260 0.487785
vn 0.820764 -0.539546 0.187712
vn 0.393830 -0.893844 0.214339
vn -0.368526 -0.874616 0.315018
vn -0.548302 -0.830222 -0.100479
vn -0.108220 -0.988624 0.104452
vn 0.310314 -0.944638 -0.106600
vn 0.868439 -0.424007 0.256965
vn -0.944079 -0.214311 0.250570
vn -0.777933 -0.437622 0.450896
vn -0.877171 0.031519 0.479143
vn -0.814923 -0.430748 -0.387758
vn -0.868465 -0.390782 -0.305054
vn -0.635405 -0.474628 -0.609088
vn -0.721147 -0.409219 -0.559005
vn 0.025382 0.656442 -0.753950
vn 0.837228 -0.299829 0.457332
vn -0.665763 -0.177856 0.724656
vn -0.531327 -0.555069 0.639992
vn -0.718313 -0.135444 0.682409
vn -0.987675 -0.154471 0.025248
vn -0.661214 -0.278806 -0.696465
vn -0.264638 -0.190940 -0.945256
vn 0.541518 -0.764197 -0.350374
vn 0.550022 -0.379061 -0.744170
vn 0.696804 0.447406 0.560617
vn -0.909935 0.209234 0.358105
vn -0.773196 0.174310 0.609740
vn -0.866093 0.367596 0.338756
vn -0.951659 0.307121 -0.004617
vn -0.558607 0.503946 -0.658784
vn 0.784170 0.455904 -0.420985
vn 0.951029 0.272101 -0.146648
vn 0.850990 0.520775 0.067900
vn 0.775444 0.556444 -0.298422
vn 0.244809 0.907070 -0.342481
vn -0.113758 0.963956 -0.240515
vn 0.556898 0.701457 -0.444771
vn -0.074799 0.861868 -0.501586
vn -0.713749 0.481296 -0.508838
vn -0.099379 0.865929 -0.490195
vn -0.162584 0.925088 -0.343189
vn 0.096130 0.949042 -0.300131
vn -0.396517 0.609695 -0.686328
vn -0.388006 0.781149 -0.489139
vn -0.618046 0.726834 -0.299552
vn -0.682429 0.536967 -0.495941
vn -0.692218 0.477438 0.541190
vn -0.581337 0.812176 0.049173
vn -0.546752 0.811914 -0.204594
vn -0.636695 0.767579 0.073770
vn -0.930886 0.354801 0.086989
vn -0.136362 0.856506 0.497798
vn -0.247875 0.967323 0.053332
vn 0.333615 -0.200352 -0.921173
vn -0.526912 0.405749 0.746814
vn 0.011382 0.994880 0.100415
vn 0.533964 0.844902 -0.031979
vn 0.421038 0.765172 0.487072
vn 0.717187 0.599760 0.354867
vn 0.848303 0.453825 0.272811
vn 0.891166 0.451085 0.048419
vn 0.641532 0.704828 0.302745
vn 0.809200 0.518124 -0.277024
vn 0.341298 0.013774 -0.939854
vn 0.361862 0.244460 -0.899608
vn 0.351084 0.242650 -0.904357
vn 0.060791 -0.431036 -0.900285
vn -0.155522 0.380456 -0.911628
vn -0.679848 0.058211 -0.731039
vn -0.594302 0.044578 -0.803005
vn -0.822011 0.401103 -0.404245
vn -0.982580 0.082518 0.166514
vn -0.884482 0.049176 0.463975
vn -0.879080 -0.414832 0.234806
vn -0.737741 0.066348 0.671816
vn -0.604353 -0.310149 0.733870
vn -0.849886 0.136054 0.509099
vn -0.069787 -0.342931 0.936765
vn -0.451969 0.050193 0.890620
vn 0.682684 0.393474 0.615727
vn 0.320033 0.265855 0.909340
vn 0.675658 0.526632 0.515892
vn 0.864270 0.458242 0.207491
vn 0.938272 0.231158 0.257317
vn 0.920571 0.051726 0.387136
vn 0.190585 -0.470361 -0.861648
vn 0.168487 0.610145 -0.774167
vn 0.198782 -0.316522 -0.927524
vn -0.024477 -0.415824 -0.909116
vn -0.330822 -0.653294 -0.681002
vn -0.826253 0.026536 -0.562674
vn -0.982272 0.116514 -0.146857
vn -0.873890 -0.397019 -0.280523
vn -0.924898 -0.114813 0.362465
vn -0.906080 -0.162736 0.390558
vn -0.972796 -0.181151 0.144400
vn -0.930389 0.029381 0.365394
vn -0.661163 -0.538942 0.521924
vn -0.680382 -0.651572 0.335461
vn 0.020295 0.200918 0.979398
vn -0.000631 0.049212 0.998788
vn 0.278403 -0.177323 0.943954
vn 0.464406 -0.043542 0.884551
vn -0.029395 -0.106919 0.993833
vn 0.165074 -0.704592 0.690145
vn 0.976311 0.159080 0.146663
vn 0.938455 -0.345359 0.005398
vn 0.935717 -0.352727 0.004057
vn 0.804825 -0.574818 0.147789
vn 0.897105 -0.378492 0.227918
vn 0.972187 -0.232520 -0.028067
vn 0.319775 -0.945060 0.067860
vn 0.556084 -0.822509 -0.119374
vn -0.026137 -0.939240 -0.342263
vn -0.026414 -0.924994 -0.379063
vn -0.056958 -0.919262 -0.389504
vn -0.079381 -0.939448 -0.333371
vn -0.284596 -0.758914 -0.585708
vn -0.489938 -0.795349 -0.356904
vn -0.551214 -0.828348 -0.100020
vn -0.667923 -0.743038 0.042110
vn -0.832928 -0.424720 0.354745
vn -0.583503 -0.806695 0.093640
vn -0.394866 -0.853813 0.339241
vn -0.657790 -0.672887 0.338431
vn -0.313158 -0.726945 0.611133
vn 0.474709 -0.710214 -0.519853
vn 0.673577 -0.738523 0.029610
vn 0.712287 -0.647696 -0.270438
vn 0.342369 -0.918365 -0.198466
vn 0.516553 -0.851387 0.091179
vn 0.262284 -0.907483 0.328149
vn 0.287975 -0.949200 -0.126846
vn 0.571762 -0.813661 0.105089
vn -0.094272 -0.968819 0.229136
vn -0.137035 -0.954279 0.265657
vn -0.579013 -0.600201 0.551818
vn -0.294816 -0.800794 0.521356
vn -0.167756 -0.882206 0.439966
vn -0.036839 -0.886558 0.461149
vn 0.342471 -0.705374 0.620614
vn 0.038563 -0.871224 -0.489369
vn 0.095019 -0.982141 0.162388
vn 0.206049 -0.954713 -0.214633
vn -0.125204 -0.977760 0.168255
vn 0.098952 -0.886405 -0.452211
vn 0.243064 -0.904067 -0.351545
vn -0.101289 -0.949821 -0.295942
vn -0.110807 -0.988502 -0.102883
vn 0.030542 -0.840769 -0.540531
vn 0.016347 -0.739347 -0.673126
vn 0.720152 -0.692315 -0.045615
vn 0.487023 -0.641547 -0.592643
vn 0.696153 -0.717442 0.025449
vn 0.448182 -0.685499 -0.573781
vn -0.262132 -0.810896 0.523196
vn -0.190809 -0.461293 0.866487
vn 0.108382 -0.553506 0.825763
vn -0.770638 -0.271524 0.576534
vn -0.884697 -0.076527 0.459843
vn -0.345864 -0.250931 -0.904108
vn -0.401430 -0.345232 -0.848333
vn 0.163014 -0.551884 -0.817833
vn 0.260051 -0.484626 -0.835172
vn 0.174864 -0.342171 -0.923223
vn -0.150626 -0.141135 0.978464
vn -0.254770 -0.495150 0.830613
vn -0.338530 -0.079587 0.937584
vn -0.956613 0.073360 0.281975
vn -0.972756 -0.040724 0.228226
vn -0.170346 -0.442974 -0.880202
vn -0.413020 -0.056394 -0.908974
vn 0.212615 0.082380 -0.973657
vn 0.361166 -0.394768 -0.844818
vn 0.293004 0.826874 -0.480030
vn 0.642660 0.732998 0.222940
vn -0.601192 0.354255 0.716290
vn -0.874035 0.485347 0.022386
vn -0.003615 0.625662 -0.780086
vn -0.069589 0.475949 -0.876716
vn 0.615848 0.773809 -0.148161
vn 0.382577 0.921338 -0.069071
vn 0.137836 0.956107 -0.258574
vn 0.052534 0.909924 -0.411435
vn 0.164997 0.923343 -0.346719
vn 0.264377 0.893275 -0.363545
vn 0.254907 0.838176 -0.482165
vn 0.047835 0.503716 -0.862544
vn -0.397068 0.901362 0.172866
vn -0.110118 0.443169 -0.889649
vn 0.046621 0.883852 -0.465437
vn -0.297316 0.756301 -0.582763
vn -0.222503 0.840338 -0.494293
vn -0.295709 0.670757 -0.680178
vn -0.459484 0.816833 -0.348797
vn -0.204929 0.496225 -0.843662
vn -0.416770 0.792575 -0.445115
vn -0.454303 0.819600 -0.349092
vn -0.410448 0.911754 0.015377
vn -0.381705 0.923604 -0.035450
vn 0.086326 0.992936 -0.081401
vn -0.808682 0.536723 0.240753
vn -0.684529 0.448097 0.575004
vn -0.837394 0.455517 0.302118
vn -0.063018 0.027567 -0.997632
vn 0.259520 0.936685 0.235099
vn -0.015009 0.962015 -0.272585
vn -0.287339 0.815400 0.502553
vn 0.507147 0.439676 0.741274
vn 0.297583 0.857341 0.420013
vn -0.020697 0.313844 0.949249
vn 0.300148 0.856795 0.419302
vn 0.419476 0.755899 0.502649
vn 0.610964 0.778986 -0.141079
vn 0.777796 0.516761 -0.357758
vn 0.586014 0.597890 -0.546915
vn 0.363633 0.010006 -0.931489
vn 0.299831 -0.245030 -0.921988
vn 0.496117 0.057701 -0.866336
vn 0.597228 -0.203759 -0.775758
vn 0.098357 -0.141729 -0.985007
vn 0.175364 -0.270139 -0.946717
vn 0.284416 0.203812 -0.936786
vn 0.479698 0.473825 -0.738498
vn 0.059014 0.553430 -0.830803
vn -0.082474 -0.076621 -0.993643
vn -0.615154 0.142932 -0.775342
vn -0.630169 0.393664 -0.669266
vn -0.285970 0.514650 -0.808305
vn -0.947199 0.308548 -0.087244
vn -0.973205 0.084547 0.213832
vn -0.866042 0.157064 0.474660
vn -0.916987 0.362201 0.167168
vn -0.353962 0.254818 0.899877
vn -0.404007 0.029711 0.914273
vn -0.575441 -0.045758 0.816562
vn -0.731421 -0.068143 0.678513
vn -0.181818 0.227770 0.956589
vn 0.059611 -0.164163 0.984630
vn -0.114770 0.219982 0.968729
vn 0.708745 0.122228 0.694795
vn 0.583210 0.264399 0.768088
vn 0.745581 0.517803 0.419510
vn 0.961213 0.048515 0.271506
vn 0.934986 -0.048351 0.351374
vn 0.998174 0.009797 -0.059611
vn 0.776749 0.517491 -0.358976
vn 0.587082 0.736661 -0.335656
vn -0.058007 -0.511833 -0.857124
vn 0.173710 -0.509924 -0.842498
vn -0.933328 0.150720 -0.325857
vn -0.666094 0.327511 -0.670116
vn -0.555193 -0.254882 -0.791704
vn -0.661034 -0.599046 -0.451861
vn -0.627991 0.214180 0.748167
vn -0.703159 0.317821 0.636048
vn -0.629745 0.225423 0.743375
vn -0.709888 -0.278297 0.647000
vn -0.525825 -0.315623 0.789867
vn -0.125023 -0.025031 0.991838
vn -0.471492 -0.123003 0.873250
vn -0.515400 -0.017229 0.856777
vn 0.137887 -0.182676 0.973456
vn 0.143732 -0.137688 0.979991
vn 0.405007 -0.446577 0.797834
vn 0.407206 -0.439429 0.800678
vn 0.259655 -0.096562 0.960862
vn 0.111420 -0.555998 0.823682
vn 0.615835 -0.319572 0.720153
vn 0.406746 -0.447984 0.796158
vn 0.962589 -0.198145 -0.184829
vn 0.735702 -0.406796 -0.541534
vn 0.644850 -0.655221 -0.393516
vn 0.419540 -0.473049 -0.774733
vn 0.676516 -0.285321 -0.678910
vn 0.163856 -0.819885 -0.548579
vn 0.069135 -0.802199 -0.593040
vn 0.211455 -0.660551 -0.720388
vn 0.225631 -0.788627 -0.571977
vn -0.008959 -0.726671 -0.686927
vn 0.003166 -0.752525 -0.658556
vn 0.097883 -0.633795 -0.767283
vn -0.027220 -0.778520 -0.627029
vn 0.084750 -0.477343 -0.874621
vn 0.046249 -0.703121 -0.709565
vn 0.014696 -0.601308 -0.798882
vn -0.426899 -0.467087 -0.774330
vn -0.634650 -0.740508 0.221059
vn -0.810972 -0.580318 -0.074533
vn -0.320535 -0.920228 -0.224584
vn -0.556856 -0.804624 0.206133
vn -0.228724 -0.899724 0.371728
vn -0.210069 -0.805282 0.554429
vn -0.203784 -0.863439 0.461460
vn 0.131345 -0.781988 -0.609297
vn -0.100370 -0.598866 -0.794534
vn 0.162740 -0.720739 -0.673833
vn 0.194850 -0.891557 -0.408852
vn 0.163069 -0.788657 -0.592814
vn 0.051401 -0.761854 -0.645706
vn 0.082129 -0.753304 -0.652524
vn 0.221878 -0.816463 -0.533066
vn 0.023694 -0.607406 0.794038
vn 0.140246 -0.915574 0.376901
vn -0.076634 -0.977328 -0.197375
vn -0.173629 -0.820559 0.544552
vn 0.125944 -0.988536 -0.083274
vn 0.559045 -0.823877 0.093247
vn 0.401255 -0.914617 0.049699
vn 0.147706 -0.873141 0.464550
vn 0.205649 -0.966341 0.154573
vn 0.280370 -0.909688 0.306367
vn 0.739614 -0.657984 0.141520
vn 0.736531 -0.674785 0.046770
vn -0.210051 -0.973720 0.088018
vn 0.144382 -0.966206 0.213542
vn -0.416816 -0.888886 0.190122
vn -0.402016 -0.884092 -0.238254
vn 0.432463 -0.748628 -0.502526
vn 0.003923 -0.854571 -0.519320
vn 0.065226 -0.835344 -0.545844
vn 0.394786 -0.862641 -0.316217
vn 0.776691 -0.578710 0.248689
vn 0.456389 -0.329333 0.826589
vn 0.511819 -0.667392 0.540952
vn 0.725060 -0.065236 0.685589
vn -0.798817 -0.559556 0.220881
vn -0.387437 -0.434272 -0.813204
vn -0.344532 -0.500065 -0.794502
vn 0.577824 -0.647858 -0.496386
vn 0.624299 -0.623119 -0.471141
vn 0.574173 -0.661213 -0.482827
vn 0.247542 -0.620231 0.744336
vn -0.988059 0.115817 0.101613
vn -0.880437 -0.423705 0.212852
vn -0.928492 -0.083412 0.361864
vn -0.083658 -0.625767 -0.775511
vn 0.843157 -0.517796 -0.144825
vn 0.697090 0.660541 0.278838
vn -0.684566 0.657147 0.315481
vn -0.635722 0.655383 -0.407837
vn 0.422254 0.819212 -0.388063
vn 0.210681 0.778563 0.591146
vn 0.405715 0.913431 -0.032231
vn 0.417994 0.875312 -0.243124
vn 0.579322 0.734330 -0.353760
vn 0.518678 0.721162 -0.459237
vn 0.067202 0.907713 -0.414174
vn 0.351838 0.907358 -0.230024
vn 0.082802 0.992475 -0.090203
vn -0.399200 0.907007 -0.134079
vn -0.630906 0.516185 -0.579232
vn -0.529767 0.644009 -0.551906
vn 0.013047 0.957727 -0.287383
vn -0.157790 0.981804 0.105659
vn -0.655570 0.752072 -0.067937
vn -0.696610 0.707377 -0.119796
vn -0.747873 0.662520 -0.041862
vn -0.840290 0.398139 0.367966
vn -0.425678 0.829222 0.362201
vn 0.360836 0.904864 0.225871
vn 0.111602 0.992839 -0.042602
vn 0.016484 0.753824 0.656870
vn 0.292621 0.828028 0.478271
vn 0.332003 0.779223 0.531588
vn 0.516776 0.810397 0.276042
vn 0.406412 0.909060 -0.091862
vn 0.558350 0.829299 0.022539
vn -0.225266 0.449927 -0.864188
vn 0.781788 0.585204 0.215274
vn 0.777546 0.621745 0.094097
vn 0.800316 0.554138 0.228965
vn 0.991663 -0.046416 -0.120211
vn 0.910885 -0.031946 -0.411421
vn 0.952678 0.160824 -0.257955
vn 0.895207 -0.154464 -0.418026
vn 0.926579 0.218986 -0.305772
vn 0.908478 -0.019820 -0.417463
vn -0.107829 0.186748 -0.976472
vn 0.277925 -0.087101 -0.956646
vn -0.332027 0.120142 -0.935588
vn -0.398642 0.373396 -0.837652
vn -0.701140 0.494907 -0.513293
vn -0.827561 0.264456 -0.495183
vn -0.944185 0.287084 -0.161548
vn -0.943197 0.178274 0.280353
vn -0.885640 -0.099014 -0.453694
vn -0.904597 0.426187 0.008285
vn -0.865014 0.497117 -0.068013
vn -0.694203 0.604333 0.390978
vn -0.365708 0.235861 0.900348
vn -0.425146 0.435799 0.793303
vn -0.547416 -0.531909 0.646072
vn -0.281020 0.336618 0.898730
vn 0.037681 0.583259 0.811412
vn -0.073922 0.634722 0.769196
vn 0.038990 0.147629 0.988274
vn 0.408770 0.145241 0.901006
vn 0.136914 0.181967 0.973726
vn 0.240573 0.410714 0.879454
vn 0.374427 0.338733 0.863171
vn 0.483683 0.453252 0.748741
vn 0.541478 0.271012 0.795835
vn 0.882383 0.273814 0.382656
vn 0.921130 0.137019 0.364341
vn 0.828917 0.321315 0.457879
vn 0.937011 0.345770 0.049530
vn 0.805940 0.351464 0.476375
vn 0.786091 0.038182 -0.616931
vn 0.725811 -0.073245 -0.683984
vn 0.414147 -0.555797 -0.720813
vn 0.513591 -0.310028 -0.800066
vn 0.583455 -0.565710 -0.582711
vn 0.170442 -0.447048 -0.878122
vn -0.000489 -0.607571 -0.794265
vn -0.293017 0.609199 -0.736897
vn -0.613139 -0.361270 -0.702528
vn -0.532371 -0.600588 -0.596553
vn -0.493996 -0.766232 -0.410921
vn -0.921362 0.040900 -0.386547
vn -0.851226 -0.294213 -0.434573
vn -0.888991 -0.049693 -0.455220
vn -0.605665 0.329273 0.724396
vn 0.107098 -0.765546 0.634405
vn -0.846731 -0.055672 0.529100
vn -0.430793 -0.189564 0.882317
vn 0.736318 -0.071750 0.672820
vn -0.544822 -0.538030 0.643189
vn 0.636051 0.310355 0.706484
vn 0.543596 0.148700 0.826070
vn 0.713174 0.131965 0.688453
vn 0.526029 -0.100841 0.844467
vn -0.227891 -0.684602 -0.692377
vn 0.664312 -0.574542 0.478112
vn 0.669392 -0.553420 0.495622
vn 0.996313 0.081935 -0.025434
vn 0.996262 0.078257 -0.036572
vn 0.879961 -0.445657 -0.164494
vn 0.831108 -0.555861 -0.016674
vn 0.811900 -0.582554 0.038085
vn 0.560441 -0.778024 -0.283875
vn -0.034946 -0.902829 -0.428577
vn 0.221770 -0.853232 -0.472031
vn 0.015220 -0.749342 -0.662008
vn 0.163797 -0.838977 -0.518929
vn -0.395612 -0.901448 -0.175738
vn -0.094267 -0.785383 -0.611790
vn -0.205350 -0.785401 -0.583932
vn -0.169303 -0.973528 0.153555
vn -0.845543 -0.533710 -0.014495
vn -0.757518 -0.646624 0.089684
vn 0.162929 -0.986185 0.029880
vn -0.143725 -0.973085 0.180136
vn -0.365843 -0.916598 0.161269
vn 0.290906 -0.868663 0.400996
vn 0.048104 -0.847510 0.528595
vn 0.438125 -0.895261 -0.080961
vn 0.448229 -0.822136 -0.350975
vn 0.233764 -0.944944 0.228988
vn 0.271771 -0.901368 0.337159
vn 0.044175 -0.912007 0.407789
vn 0.615854 -0.709051 0.343469
vn 0.504064 -0.792646 0.342975
vn 0.593150 -0.617292 0.516841
vn 0.024691 -0.919038 0.393394
vn -0.081536 -0.864716 0.495599
vn -0.066880 -0.857156 0.510696
vn 0.184117 -0.923019 0.337842
vn -0.034802 -0.945809 0.322854
vn -0.149921 -0.976702 -0.153548
vn 0.003460 -0.996367 0.085089
vn -0.070007 -0.921245 0.382632
vn 0.541863 -0.552014 0.633771
vn -0.104278 -0.189032 0.976419
vn -0.648628 -0.240701 0.722042
vn -0.621357 -0.239826 0.745922
vn -0.224908 -0.520380 0.823784
vn -0.717307 -0.476998 -0.507881
vn 0.719618 -0.348279 -0.600709
vn -0.302997 0.776225 -0.552873
vn 0.284830 -0.148914 0.946941
vn -0.215997 -0.011640 0.976325
vn 0.027690 0.208840 0.977558
vn -0.986140 -0.164343 -0.022787
vn -0.949489 -0.104372 -0.295934
vn -0.900401 0.316317 -0.298700
vn -0.213651 -0.379669 -0.900114
vn 0.904877 -0.331185 -0.267421
vn 0.725808 -0.587226 -0.358285
vn 0.267131 0.818737 0.508243
vn -0.079663 0.946685 0.312157
vn -0.438525 0.792137 -0.424518
vn -0.370338 0.847814 -0.379554
vn 0.423988 0.408497 -0.808309
vn 0.410441 0.908844 -0.074430
vn 0.003741 0.961820 -0.273656
vn 0.475391 0.824309 -0.307438
vn 0.477266 0.564603 -0.673380
vn 0.883882 0.233438 -0.405288
vn 0.752228 0.202925 -0.626876
vn 0.035577 0.829203 -0.557813
vn 0.156200 0.777918 -0.608642
vn -0.408269 0.908496 -0.089174
vn -0.211478 0.967755 -0.136846
vn -0.287902 0.925864 -0.244723
vn -0.232392 0.545704 -0.805109
vn -0.109529 0.993924 0.010923
vn -0.346362 0.936388 -0.056660
vn -0.291632 0.862976 -0.412581
vn 0.266404 0.962990 -0.040974
vn -0.241792 0.969987 -0.025738
vn -0.119298 0.942857 0.311109
vn 0.245334 0.963544 0.106739
vn 0.151031 0.952645 -0.263925
vn -0.050622 0.995751 -0.076919
vn -0.159342 0.761429 0.628360
vn 0.411308 0.798010 0.440460
vn -0.498102 0.823612 0.271216
vn -0.225974 0.622194 0.749540
vn 0.006022 0.999976 -0.003578
vn 0.284043 0.956313 0.069170
vn 0.831145 -0.041697 -0.554490
vn 0.116852 0.985635 -0.121938
vn 0.423608 0.904582 0.047834
vn 0.543985 0.824092 0.157967
vn 0.472167 0.842246 0.260153
vn 0.387003 0.884974 0.258939
vn 0.788372 0.572258 0.225810
vn 0.949739 0.158509 0.269944
vn 0.978360 -0.143029 -0.149513
vn -0.748160 -0.501967 -0.433919
vn 0.247689 0.393552 -0.885306
vn -0.106175 0.337097 -0.935464
vn -0.145363 -0.315329 -0.937783
vn -0.453591 0.274186 -0.847984
vn -0.511048 0.602090 -0.613447
vn -0.640436 0.740785 -0.202681
vn -0.603541 0.721472 -0.339435
vn -0.701141 0.708623 0.079090
vn -0.912295 0.391151 -0.121326
vn -0.586369 0.774133 -0.238514
vn -0.596590 0.794607 0.112602
vn 0.023865 0.585544 0.810289
vn -0.120537 0.538825 0.833750
vn -0.097207 0.560563 0.822387
vn -0.276345 0.307401 0.910570
vn 0.051882 0.592921 0.803587
vn -0.228813 0.619780 0.750678
vn 0.125976 0.618033 0.775993
vn 0.291921 0.552177 0.780950
vn 0.188769 -0.021772 0.981780
vn 0.183266 -0.020363 0.982852
vn 0.580059 0.267753 0.769311
vn 0.713633 0.434109 0.549798
vn 0.491094 -0.247131 -0.835316
vn 0.358264 -0.212228 -0.909179
vn 0.538569 0.143606 -0.830253
vn 0.564172 -0.300136 -0.769174
vn 0.511510 -0.493402 -0.703500
vn 0.325332 -0.374811 -0.868145
vn 0.133039 -0.369364 -0.919712
vn -0.120417 -0.642369 -0.756876
vn 0.056742 -0.397364 -0.915905
vn -0.594582 0.542626 -0.593320
vn -0.086866 0.146770 0.985349
vn -0.767280 -0.641310 0.001510
vn -0.367462 0.432000 0.823619
vn -0.455151 0.654024 0.604227
vn -0.305849 0.014628 0.951968
vn 0.935389 -0.344052 -0.081709
vn 0.034138 -0.173286 0.984280
vn 0.152450 0.045555 0.987261
vn 0.035840 -0.571755 0.819642
vn -0.192439 -0.511442 0.837493
vn -0.230631 -0.335387 0.913414
vn 0.816922 -0.144110 0.558454
vn 0.952862 0.159155 0.258309
vn 0.960704 0.075449 0.267125
vn 0.596360 -0.151982 0.788198
vn 0.963777 0.075742 0.255728
vn 0.557636 -0.791980 0.248615
vn 0.581606 -0.768519 0.266670
vn 0.945691 -0.311822 -0.091849
vn -0.056765 -0.735851 0.674760
vn 0.127596 -0.979021 -0.158861
vn 0.184202 -0.969966 -0.158860
vn -0.107918 -0.898220 -0.426093
vn -0.131190 -0.856260 -0.499608
vn 0.073390 -0.793851 -0.603667
vn -0.397625 -0.852624 -0.339009
vn -0.408380 -0.713886 -0.568851
vn -0.068161 -0.878959 -0.472001
vn -0.213618 -0.832488 -0.511205
vn -0.407248 -0.713285 -0.570416
vn -0.330854 -0.928938 0.166164
vn -0.674838 -0.717768 0.171471
vn -0.257225 -0.862421 0.435964
vn -0.766449 -0.622929 0.156574
vn -0.235337 -0.874388 0.424337
vn -0.184291 -0.830815 0.525151
vn -0.186265 -0.634112 0.750472
vn 0.560084 -0.722327 -0.405648
vn -0.124909 -0.384742 0.914533
vn -0.138426 -0.888837 0.436814
vn 0.170516 -0.821778 0.543696
vn -0.268557 -0.651222 0.709779
vn -0.125334 -0.605150 0.786184
vn -0.101083 -0.551616 0.827951
vn 0.146813 -0.555733 0.818295
vn 0.006608 -0.585607 0.810568
vn -0.011245 -0.610251 0.792128
# 7604 normals

vt 0.550050 0.605416 0.000000
vt 0.551232 0.606793 0.000000
vt 0.550358 0.620395 0.000000
vt 0.000000 1.000000 0.000000
vt 0.559281 0.670567 0.000000
vt 0.558742 0.658031 0.000000
vt 0.559917 0.670567 0.000000
vt 0.548285 0.621843 0.000000
vt 0.548279 0.618429 0.000000
vt 0.548952 0.566752 0.000000
vt 0.550535 0.566752 0.000000
vt 0.548581 0.605416 0.000000
vt 0.549220 0.602433 0.000000
vt 0.548117 0.602433 0.000000
vt 0.547030 0.606710 0.000000
vt 0.547491 0.606710 0.000000
vt 0.540650 0.646553 0.000000
vt 0.541755 0.637251 0.000000
vt 0.541354 0.646149 0.000000
vt 0.547784 0.616776 0.000000
vt 0.549191 0.617874 0.000000
vt 0.556243 0.634420 0.000000
vt 0.557480 0.628286 0.000000
vt 0.557306 0.635672 0.000000
vt 0.558308 0.679478 0.000000
vt 0.559348 0.676686 0.000000
vt 0.557501 0.679478 0.000000
vt 0.558044 0.675270 0.000000
vt 0.557156 0.636923 0.000000
vt 0.556851 0.640114 0.000000
vt 0.557237 0.675270 0.000000
vt 0.557665 0.658031 0.000000
vt 0.541840 0.629299 0.000000
vt 0.541912 0.627847 0.000000
vt 0.542111 0.633610 0.000000
vt 0.564538 0.657186 0.000000
vt 0.565355 0.668095 0.000000
vt 0.563609 0.660212 0.000000
vt 0.564780 0.672438 0.000000
vt 0.563412 0.669839 0.000000
vt 0.563822 0.673039 0.000000
vt 0.546052 0.622841 0.000000
vt 0.545990 0.611022 0.000000
vt 0.544176 0.627543 0.000000
vt 0.542495 0.629299 0.000000
vt 0.542666 0.624801 0.000000
vt 0.542792 0.634018 0.000000
vt 0.543228 0.630473 0.000000
vt 0.543008 0.630473 0.000000
vt 0.538643 0.652265 0.000000
vt 0.539020 0.652975 0.000000
vt 0.539301 0.654604 0.000000
vt 0.542886 0.624801 0.000000
vt 0.542621 0.627847 0.000000
vt 0.538479 0.649558 0.000000
vt 0.538787 0.651555 0.000000
vt 0.540105 0.656682 0.000000
vt 0.539806 0.651942 0.000000
vt 0.540133 0.661089 0.000000
vt 0.539596 0.664123 0.000000
vt 0.539018 0.663821 0.000000
vt 0.536053 0.682471 0.000000
vt 0.536646 0.685109 0.000000
vt 0.534782 0.687974 0.000000
vt 0.556408 0.703433 0.000000
vt 0.536794 0.685109 0.000000
vt 0.535529 0.694544 0.000000
vt 0.535915 0.696190 0.000000
vt 0.547458 0.648661 0.000000
vt 0.546254 0.657452 0.000000
vt 0.547052 0.663690 0.000000
vt 0.549103 0.633101 0.000000
vt 0.548695 0.629102 0.000000
vt 0.548780 0.620085 0.000000
vt 0.547491 0.629102 0.000000
vt 0.547946 0.633101 0.000000
vt 0.548040 0.624656 0.000000
vt 0.548603 0.648661 0.000000
vt 0.548800 0.663984 0.000000
vt 0.549344 0.656656 0.000000
vt 0.542979 0.687517 0.000000
vt 0.543584 0.675919 0.000000
vt 0.543457 0.675919 0.000000
vt 0.543559 0.690444 0.000000
vt 0.543786 0.692176 0.000000
vt 0.544142 0.689874 0.000000
vt 0.555923 0.696422 0.000000
vt 0.556251 0.692004 0.000000
vt 0.555661 0.702985 0.000000
vt 0.556564 0.692004 0.000000
vt 0.557207 0.702622 0.000000
vt 0.557287 0.699324 0.000000
vt 0.556014 0.705428 0.000000
vt 0.556236 0.705428 0.000000
vt 0.546720 0.639812 0.000000
vt 0.546442 0.637556 0.000000
vt 0.547620 0.636809 0.000000
vt 0.555884 0.702985 0.000000
vt 0.556698 0.699324 0.000000
vt 0.546680 0.639812 0.000000
vt 0.547646 0.635086 0.000000
vt 0.546419 0.634110 0.000000
vt 0.548203 0.644339 0.000000
vt 0.547500 0.637003 0.000000
vt 0.548200 0.639909 0.000000
vt 0.549173 0.652099 0.000000
vt 0.549482 0.648339 0.000000
vt 0.548301 0.643530 0.000000
vt 0.563913 0.704282 0.000000
vt 0.563550 0.705794 0.000000
vt 0.565675 0.725219 0.000000
vt 0.545347 0.620793 0.000000
vt 0.545843 0.621806 0.000000
vt 0.544902 0.613848 0.000000
vt 0.547673 0.612242 0.000000
vt 0.547329 0.606080 0.000000
vt 0.547503 0.612242 0.000000
vt 0.547594 0.651570 0.000000
vt 0.548084 0.651570 0.000000
vt 0.548214 0.662175 0.000000
vt 0.549385 0.667727 0.000000
vt 0.548820 0.664435 0.000000
vt 0.548818 0.662175 0.000000
vt 0.555064 0.646715 0.000000
vt 0.555891 0.654823 0.000000
vt 0.555955 0.649020 0.000000
vt 0.556805 0.687325 0.000000
vt 0.556751 0.686796 0.000000
vt 0.556618 0.687325 0.000000
vt 0.556289 0.686796 0.000000
vt 0.557388 0.654789 0.000000
vt 0.556859 0.654806 0.000000
vt 0.558712 0.676686 0.000000
vt 0.561306 0.689548 0.000000
vt 0.556267 0.684470 0.000000
vt 0.556080 0.684470 0.000000
vt 0.555978 0.682843 0.000000
vt 0.557305 0.675330 0.000000
vt 0.556441 0.682843 0.000000
vt 0.552795 0.727153 0.000000
vt 0.552985 0.727946 0.000000
vt 0.553304 0.719857 0.000000
vt 0.552535 0.724316 0.000000
vt 0.553074 0.717981 0.000000
vt 0.552876 0.724316 0.000000
vt 0.562538 0.678620 0.000000
vt 0.562260 0.682436 0.000000
vt 0.561680 0.687957 0.000000
vt 0.561944 0.687957 0.000000
vt 0.562185 0.690790 0.000000
vt 0.563022 0.683769 0.000000
vt 0.543219 0.667287 0.000000
vt 0.542592 0.662510 0.000000
vt 0.542171 0.657451 0.000000
vt 0.541479 0.671478 0.000000
vt 0.541497 0.666741 0.000000
vt 0.541275 0.658478 0.000000
vt 0.551033 0.685330 0.000000
vt 0.550512 0.685330 0.000000
vt 0.550781 0.682022 0.000000
vt 0.550945 0.676629 0.000000
vt 0.549114 0.686638 0.000000
vt 0.550011 0.682022 0.000000
vt 0.550174 0.676629 0.000000
vt 0.555028 0.765839 0.000000
vt 0.554369 0.765839 0.000000
vt 0.554206 0.773924 0.000000
vt 0.549389 0.744722 0.000000
vt 0.550024 0.735070 0.000000
vt 0.550212 0.744722 0.000000
vt 0.549425 0.744139 0.000000
vt 0.550341 0.744139 0.000000
vt 0.550485 0.735070 0.000000
vt 0.550003 0.752468 0.000000
vt 0.551069 0.752632 0.000000
vt 0.550664 0.752100 0.000000
vt 0.549993 0.752616 0.000000
vt 0.550611 0.752395 0.000000
vt 0.551279 0.753176 0.000000
vt 0.551263 0.733910 0.000000
vt 0.552418 0.745340 0.000000
vt 0.551487 0.745340 0.000000
vt 0.568540 0.698573 0.000000
vt 0.568235 0.698856 0.000000
vt 0.568475 0.715746 0.000000
vt 0.551473 0.753163 0.000000
vt 0.552063 0.752416 0.000000
vt 0.552616 0.745118 0.000000
vt 0.551723 0.733910 0.000000
vt 0.551956 0.745118 0.000000
vt 0.557929 0.786767 0.000000
vt 0.557388 0.786767 0.000000
vt 0.558582 0.796039 0.000000
vt 0.543805 0.781592 0.000000
vt 0.544273 0.769814 0.000000
vt 0.544494 0.775271 0.000000
vt 0.557753 0.787195 0.000000
vt 0.558413 0.796039 0.000000
vt 0.557750 0.790923 0.000000
vt 0.543712 0.779327 0.000000
vt 0.544308 0.779052 0.000000
vt 0.544196 0.773392 0.000000
vt 0.551216 0.816981 0.000000
vt 0.550406 0.818192 0.000000
vt 0.550653 0.820237 0.000000
vt 0.551008 0.816981 0.000000
vt 0.550425 0.819430 0.000000
vt 0.549358 0.818623 0.000000
vt 0.564726 0.672438 0.000000
vt 0.566586 0.684594 0.000000
vt 0.549969 0.816702 0.000000
vt 0.549745 0.811090 0.000000
vt 0.549249 0.817447 0.000000
vt 0.548916 0.811090 0.000000
vt 0.549131 0.867883 0.000000
vt 0.549500 0.868711 0.000000
vt 0.549405 0.869992 0.000000
vt 0.549850 0.865801 0.000000
vt 0.550267 0.869389 0.000000
vt 0.550738 0.863987 0.000000
vt 0.547452 0.828186 0.000000
vt 0.548424 0.823517 0.000000
vt 0.547728 0.830286 0.000000
vt 0.563395 0.673039 0.000000
vt 0.561777 0.688278 0.000000
vt 0.562985 0.669839 0.000000
vt 0.548838 0.819674 0.000000
vt 0.547921 0.822895 0.000000
vt 0.547941 0.825763 0.000000
vt 0.551582 0.890930 0.000000
vt 0.551712 0.887562 0.000000
vt 0.551904 0.894728 0.000000
vt 0.552460 0.899745 0.000000
vt 0.552749 0.898443 0.000000
vt 0.552119 0.890930 0.000000
vt 0.558419 0.638140 0.000000
vt 0.558230 0.629099 0.000000
vt 0.560105 0.639964 0.000000
vt 0.549808 0.946098 0.000000
vt 0.549568 0.938762 0.000000
vt 0.549599 0.939982 0.000000
vt 0.549636 0.946098 0.000000
vt 0.549336 0.939982 0.000000
vt 0.549518 0.946779 0.000000
vt 0.550313 0.916249 0.000000
vt 0.549905 0.915948 0.000000
vt 0.549595 0.916371 0.000000
vt 0.550968 0.934491 0.000000
vt 0.551304 0.928821 0.000000
vt 0.551065 0.928821 0.000000
vt 0.550074 0.913643 0.000000
vt 0.557673 0.640315 0.000000
vt 0.557088 0.644047 0.000000
vt 0.558208 0.649170 0.000000
vt 0.551387 0.936648 0.000000
vt 0.551440 0.936097 0.000000
vt 0.550918 0.935398 0.000000
vt 0.551233 0.936097 0.000000
vt 0.551180 0.936648 0.000000
vt 0.550968 0.930136 0.000000
vt 0.551207 0.930136 0.000000
vt 0.553471 0.628092 0.000000
vt 0.552209 0.624111 0.000000
vt 0.553571 0.615696 0.000000
vt 0.549690 0.946779 0.000000
vt 0.549392 0.943626 0.000000
vt 0.549357 0.942488 0.000000
vt 0.549305 0.938762 0.000000
vt 0.549171 0.942488 0.000000
vt 0.555908 0.770975 0.000000
vt 0.557254 0.775725 0.000000
vt 0.557080 0.777084 0.000000
vt 0.555811 0.765810 0.000000
vt 0.556829 0.772477 0.000000
vt 0.557346 0.771450 0.000000
vt 0.561225 0.811396 0.000000
vt 0.560851 0.801479 0.000000
vt 0.561660 0.810412 0.000000
vt 0.544814 0.777070 0.000000
vt 0.544169 0.776615 0.000000
vt 0.544041 0.770704 0.000000
vt 0.560012 0.806558 0.000000
vt 0.560422 0.801479 0.000000
vt 0.540312 0.778757 0.000000
vt 0.539439 0.785029 0.000000
vt 0.539739 0.786027 0.000000
vt 0.544118 0.770704 0.000000
vt 0.545078 0.767447 0.000000
vt 0.540177 0.774196 0.000000
vt 0.539003 0.781538 0.000000
vt 0.538743 0.777886 0.000000
vt 0.554598 0.879557 0.000000
vt 0.554307 0.882919 0.000000
vt 0.554517 0.885339 0.000000
vt 0.554228 0.885339 0.000000
vt 0.554208 0.882919 0.000000
vt 0.554499 0.879557 0.000000
vt 0.538974 0.777886 0.000000
vt 0.539234 0.781538 0.000000
vt 0.557094 0.775725 0.000000
vt 0.556528 0.777084 0.000000
vt 0.547536 0.899573 0.000000
vt 0.547733 0.897143 0.000000
vt 0.547744 0.893250 0.000000
vt 0.548290 0.897143 0.000000
vt 0.553388 0.879073 0.000000
vt 0.554241 0.886509 0.000000
vt 0.553227 0.879073 0.000000
vt 0.553952 0.886509 0.000000
vt 0.554306 0.776533 0.000000
vt 0.554211 0.770977 0.000000
vt 0.554870 0.770977 0.000000
vt 0.557767 0.904444 0.000000
vt 0.557798 0.898879 0.000000
vt 0.557894 0.898879 0.000000
vt 0.558891 0.907207 0.000000
vt 0.558803 0.907207 0.000000
vt 0.558178 0.895611 0.000000
vt 0.546608 0.620016 0.000000
vt 0.563484 0.687344 0.000000
vt 0.562948 0.687344 0.000000
vt 0.546404 0.616086 0.000000
vt 0.547293 0.618647 0.000000
vt 0.546970 0.936076 0.000000
vt 0.547070 0.936076 0.000000
vt 0.546425 0.940195 0.000000
vt 0.547032 0.943420 0.000000
vt 0.546957 0.943420 0.000000
vt 0.546505 0.941423 0.000000
vt 0.548973 0.648339 0.000000
vt 0.556617 0.702622 0.000000
vt 0.546438 0.621806 0.000000
vt 0.550260 0.665137 0.000000
vt 0.558819 0.794329 0.000000
vt 0.558346 0.790923 0.000000
vt 0.558349 0.787195 0.000000
vt 0.548807 0.644339 0.000000
vt 0.548804 0.639909 0.000000
vt 0.539074 0.785029 0.000000
vt 0.540394 0.673898 0.000000
vt 0.541530 0.680350 0.000000
vt 0.541277 0.681810 0.000000
vt 0.541805 0.681516 0.000000
vt 0.541634 0.683326 0.000000
vt 0.544199 0.696803 0.000000
vt 0.541504 0.683300 0.000000
vt 0.541676 0.681498 0.000000
vt 0.537527 0.670193 0.000000
vt 0.536601 0.678112 0.000000
vt 0.535702 0.681284 0.000000
vt 0.535232 0.697111 0.000000
vt 0.535674 0.702369 0.000000
vt 0.535968 0.709720 0.000000
vt 0.540618 0.642038 0.000000
vt 0.541731 0.635329 0.000000
vt 0.540846 0.634232 0.000000
vt 0.537158 0.669147 0.000000
vt 0.538217 0.656360 0.000000
vt 0.539025 0.657764 0.000000
vt 0.538376 0.654074 0.000000
vt 0.538312 0.650806 0.000000
vt 0.537369 0.657826 0.000000
vt 0.538371 0.652150 0.000000
vt 0.538895 0.653342 0.000000
vt 0.535276 0.694544 0.000000
vt 0.535662 0.696190 0.000000
vt 0.534351 0.714839 0.000000
vt 0.534876 0.691547 0.000000
vt 0.534768 0.687974 0.000000
vt 0.531252 0.695126 0.000000
vt 0.543583 0.687517 0.000000
vt 0.543372 0.703286 0.000000
vt 0.542955 0.690444 0.000000
vt 0.543687 0.689874 0.000000
vt 0.544930 0.711087 0.000000
vt 0.543332 0.692176 0.000000
vt 0.550967 0.666856 0.000000
vt 0.552195 0.670615 0.000000
vt 0.554578 0.684043 0.000000
vt 0.554440 0.690127 0.000000
vt 0.550744 0.674443 0.000000
vt 0.553300 0.727536 0.000000
vt 0.557352 0.707499 0.000000
vt 0.557545 0.713989 0.000000
vt 0.556565 0.740196 0.000000
vt 0.556264 0.745938 0.000000
vt 0.555687 0.756692 0.000000
vt 0.547282 0.630388 0.000000
vt 0.546871 0.623208 0.000000
vt 0.546847 0.632264 0.000000
vt 0.547903 0.632884 0.000000
vt 0.548207 0.631644 0.000000
vt 0.548482 0.647496 0.000000
vt 0.548097 0.641948 0.000000
vt 0.547352 0.648207 0.000000
vt 0.549090 0.669427 0.000000
vt 0.548900 0.666416 0.000000
vt 0.550573 0.686104 0.000000
vt 0.549514 0.664428 0.000000
vt 0.548049 0.641626 0.000000
vt 0.547788 0.639650 0.000000
vt 0.546924 0.640638 0.000000
vt 0.551682 0.673040 0.000000
vt 0.549179 0.641820 0.000000
vt 0.547122 0.625099 0.000000
vt 0.546098 0.626153 0.000000
vt 0.547681 0.635785 0.000000
vt 0.548216 0.664435 0.000000
vt 0.548513 0.677237 0.000000
vt 0.549218 0.664603 0.000000
vt 0.548854 0.667727 0.000000
vt 0.551746 0.698893 0.000000
vt 0.551768 0.635288 0.000000
vt 0.548227 0.623560 0.000000
vt 0.548381 0.614655 0.000000
vt 0.557044 0.653452 0.000000
vt 0.556289 0.663885 0.000000
vt 0.557174 0.664391 0.000000
vt 0.555931 0.694066 0.000000
vt 0.555112 0.703633 0.000000
vt 0.556228 0.692879 0.000000
vt 0.554793 0.705241 0.000000
vt 0.553863 0.714374 0.000000
vt 0.554028 0.714073 0.000000
vt 0.552916 0.726441 0.000000
vt 0.551847 0.741495 0.000000
vt 0.552576 0.726441 0.000000
vt 0.552137 0.748050 0.000000
vt 0.554848 0.699503 0.000000
vt 0.555999 0.691822 0.000000
vt 0.555570 0.689042 0.000000
vt 0.554047 0.699872 0.000000
vt 0.554782 0.691649 0.000000
vt 0.553418 0.706619 0.000000
vt 0.554569 0.698670 0.000000
vt 0.552770 0.713377 0.000000
vt 0.553360 0.702121 0.000000
vt 0.553118 0.706486 0.000000
vt 0.552407 0.713593 0.000000
vt 0.552301 0.712298 0.000000
vt 0.552481 0.708590 0.000000
vt 0.551857 0.713192 0.000000
vt 0.551121 0.725986 0.000000
vt 0.550884 0.726295 0.000000
vt 0.550766 0.743594 0.000000
vt 0.560223 0.672135 0.000000
vt 0.557510 0.658421 0.000000
vt 0.557847 0.657211 0.000000
vt 0.561208 0.671096 0.000000
vt 0.559254 0.660037 0.000000
vt 0.557269 0.717111 0.000000
vt 0.563994 0.694510 0.000000
vt 0.562319 0.727663 0.000000
vt 0.563410 0.714339 0.000000
vt 0.562917 0.721384 0.000000
vt 0.563044 0.719758 0.000000
vt 0.562795 0.721641 0.000000
vt 0.545770 0.625822 0.000000
vt 0.544902 0.622650 0.000000
vt 0.544924 0.633357 0.000000
vt 0.541795 0.645346 0.000000
vt 0.542280 0.651102 0.000000
vt 0.541527 0.652110 0.000000
vt 0.542874 0.667287 0.000000
vt 0.545624 0.680849 0.000000
vt 0.542606 0.671555 0.000000
vt 0.542951 0.671555 0.000000
vt 0.542217 0.666741 0.000000
vt 0.542152 0.682384 0.000000
vt 0.542199 0.671478 0.000000
vt 0.549322 0.649025 0.000000
vt 0.549213 0.632765 0.000000
vt 0.548329 0.625815 0.000000
vt 0.549581 0.711482 0.000000
vt 0.551214 0.685366 0.000000
vt 0.551704 0.756115 0.000000
vt 0.552693 0.754190 0.000000
vt 0.552504 0.761016 0.000000
vt 0.553709 0.776533 0.000000
vt 0.553610 0.773924 0.000000
vt 0.553318 0.804000 0.000000
vt 0.555793 0.778837 0.000000
vt 0.554800 0.773905 0.000000
vt 0.555315 0.770856 0.000000
vt 0.557053 0.782242 0.000000
vt 0.556140 0.777535 0.000000
vt 0.556686 0.783276 0.000000
vt 0.556698 0.778191 0.000000
vt 0.557615 0.785143 0.000000
vt 0.558988 0.794329 0.000000
vt 0.561139 0.827935 0.000000
vt 0.549023 0.755298 0.000000
vt 0.550154 0.754233 0.000000
vt 0.547120 0.763691 0.000000
vt 0.549091 0.750039 0.000000
vt 0.549188 0.745321 0.000000
vt 0.547374 0.758141 0.000000
vt 0.545834 0.765410 0.000000
vt 0.545262 0.771883 0.000000
vt 0.544426 0.784155 0.000000
vt 0.543694 0.782546 0.000000
vt 0.544342 0.791982 0.000000
vt 0.540455 0.851871 0.000000
vt 0.543414 0.815680 0.000000
vt 0.541287 0.839461 0.000000
vt 0.543481 0.816998 0.000000
vt 0.541524 0.839552 0.000000
vt 0.544953 0.781409 0.000000
vt 0.544436 0.779741 0.000000
vt 0.545039 0.779419 0.000000
vt 0.546653 0.794094 0.000000
vt 0.546627 0.789947 0.000000
vt 0.546759 0.796717 0.000000
vt 0.546084 0.790479 0.000000
vt 0.546150 0.794142 0.000000
vt 0.546679 0.798208 0.000000
vt 0.546293 0.802017 0.000000
vt 0.546210 0.797453 0.000000
vt 0.546713 0.803439 0.000000
vt 0.545821 0.829414 0.000000
vt 0.545805 0.829894 0.000000
vt 0.545581 0.838862 0.000000
vt 0.545904 0.829998 0.000000
vt 0.557857 0.798216 0.000000
vt 0.557801 0.792330 0.000000
vt 0.558327 0.795842 0.000000
vt 0.558332 0.796054 0.000000
vt 0.557822 0.798012 0.000000
vt 0.558314 0.802843 0.000000
vt 0.557905 0.803447 0.000000
vt 0.560767 0.840423 0.000000
vt 0.559906 0.829484 0.000000
vt 0.560265 0.834895 0.000000
vt 0.560008 0.831543 0.000000
vt 0.560275 0.833767 0.000000
vt 0.548639 0.821467 0.000000
vt 0.548874 0.819239 0.000000
vt 0.549727 0.818393 0.000000
vt 0.545427 0.845626 0.000000
vt 0.547864 0.830286 0.000000
vt 0.547588 0.828186 0.000000
vt 0.547603 0.822895 0.000000
vt 0.547623 0.825763 0.000000
vt 0.546047 0.825854 0.000000
vt 0.551709 0.823150 0.000000
vt 0.550795 0.821360 0.000000
vt 0.552879 0.837822 0.000000
vt 0.550199 0.874835 0.000000
vt 0.549972 0.872187 0.000000
vt 0.550774 0.875770 0.000000
vt 0.550720 0.880894 0.000000
vt 0.551304 0.887693 0.000000
vt 0.551953 0.888784 0.000000
vt 0.551453 0.882312 0.000000
vt 0.553739 0.925756 0.000000
vt 0.552161 0.899745 0.000000
vt 0.552254 0.913269 0.000000
vt 0.552332 0.897608 0.000000
vt 0.552324 0.900169 0.000000
vt 0.552098 0.906323 0.000000
vt 0.549319 0.880934 0.000000
vt 0.549839 0.873279 0.000000
vt 0.549467 0.871899 0.000000
vt 0.548663 0.874364 0.000000
vt 0.548825 0.878735 0.000000
vt 0.548325 0.880472 0.000000
vt 0.548307 0.887330 0.000000
vt 0.548005 0.886230 0.000000
vt 0.547923 0.895349 0.000000
vt 0.548523 0.907803 0.000000
vt 0.548910 0.907405 0.000000
vt 0.549722 0.927317 0.000000
vt 0.548988 0.905842 0.000000
vt 0.547444 0.901468 0.000000
vt 0.547756 0.901468 0.000000
vt 0.546078 0.918472 0.000000
vt 0.550737 0.922577 0.000000
vt 0.550469 0.918280 0.000000
vt 0.550767 0.918762 0.000000
vt 0.550308 0.917225 0.000000
vt 0.550302 0.921242 0.000000
vt 0.550640 0.922315 0.000000
vt 0.551172 0.926358 0.000000
vt 0.550593 0.925131 0.000000
vt 0.550995 0.926732 0.000000
vt 0.550858 0.928664 0.000000
vt 0.549578 0.953854 0.000000
vt 0.550810 0.934491 0.000000
vt 0.550336 0.943406 0.000000
vt 0.551076 0.935398 0.000000
vt 0.550182 0.946403 0.000000
vt 0.551758 0.966861 0.000000
vt 0.551530 0.954930 0.000000
vt 0.551600 0.957612 0.000000
vt 0.551660 0.957365 0.000000
vt 0.551686 0.961023 0.000000
vt 0.549491 0.924324 0.000000
vt 0.549589 0.916812 0.000000
vt 0.550088 0.915045 0.000000
vt 0.549403 0.931153 0.000000
vt 0.549803 0.931471 0.000000
vt 0.549932 0.926098 0.000000
vt 0.549527 0.926890 0.000000
vt 0.549413 0.934696 0.000000
vt 0.549350 0.935255 0.000000
vt 0.549368 0.937762 0.000000
vt 0.550609 0.968521 0.000000
vt 0.550717 0.970040 0.000000
vt 0.550661 0.969945 0.000000
vt 0.551110 0.980390 0.000000
vt 0.548785 0.950732 0.000000
vt 0.548958 0.947820 0.000000
vt 0.549206 0.943626 0.000000
vt 0.552842 0.756049 0.000000
vt 0.554635 0.756525 0.000000
vt 0.554210 0.762710 0.000000
vt 0.559015 0.774198 0.000000
vt 0.558027 0.772011 0.000000
vt 0.557575 0.776703 0.000000
vt 0.561126 0.778873 0.000000
vt 0.563179 0.783130 0.000000
vt 0.559457 0.774844 0.000000
vt 0.563671 0.784509 0.000000
vt 0.566062 0.794675 0.000000
vt 0.566008 0.794842 0.000000
vt 0.568825 0.817331 0.000000
vt 0.557817 0.775470 0.000000
vt 0.557129 0.774472 0.000000
vt 0.558512 0.780241 0.000000
vt 0.557200 0.781296 0.000000
vt 0.557228 0.778041 0.000000
vt 0.558311 0.788258 0.000000
vt 0.559885 0.789661 0.000000
vt 0.559163 0.793595 0.000000
vt 0.559890 0.798147 0.000000
vt 0.560749 0.795594 0.000000
vt 0.561748 0.810412 0.000000
vt 0.561313 0.811396 0.000000
vt 0.562935 0.844065 0.000000
vt 0.560219 0.806558 0.000000
vt 0.557411 0.827415 0.000000
vt 0.560279 0.808979 0.000000
vt 0.547863 0.761265 0.000000
vt 0.549028 0.755899 0.000000
vt 0.546914 0.757765 0.000000
vt 0.546201 0.768922 0.000000
vt 0.548341 0.762301 0.000000
vt 0.546521 0.770242 0.000000
vt 0.543512 0.796431 0.000000
vt 0.544049 0.781574 0.000000
vt 0.544074 0.795252 0.000000
vt 0.544919 0.786812 0.000000
vt 0.544593 0.780809 0.000000
vt 0.544317 0.800253 0.000000
vt 0.544731 0.834179 0.000000
vt 0.543546 0.816817 0.000000
vt 0.543873 0.815927 0.000000
vt 0.543779 0.816333 0.000000
vt 0.541791 0.777724 0.000000
vt 0.543416 0.776636 0.000000
vt 0.542426 0.777346 0.000000
vt 0.537327 0.788969 0.000000
vt 0.538054 0.786135 0.000000
vt 0.537953 0.782371 0.000000
vt 0.536968 0.785877 0.000000
vt 0.536938 0.786823 0.000000
vt 0.536171 0.790196 0.000000
vt 0.535038 0.800772 0.000000
vt 0.535199 0.800374 0.000000
vt 0.534474 0.809619 0.000000
vt 0.534987 0.799302 0.000000
vt 0.533905 0.818569 0.000000
vt 0.538618 0.813366 0.000000
vt 0.547895 0.871316 0.000000
vt 0.548733 0.869339 0.000000
vt 0.548244 0.870010 0.000000
vt 0.547883 0.865559 0.000000
vt 0.547178 0.872563 0.000000
vt 0.546855 0.873766 0.000000
vt 0.546475 0.869553 0.000000
vt 0.546429 0.874358 0.000000
vt 0.545760 0.871581 0.000000
vt 0.545927 0.871581 0.000000
vt 0.542743 0.910667 0.000000
vt 0.545182 0.883182 0.000000
vt 0.543824 0.896753 0.000000
vt 0.544286 0.877590 0.000000
vt 0.544350 0.877590 0.000000
vt 0.541315 0.879756 0.000000
vt 0.540312 0.880489 0.000000
vt 0.542495 0.877180 0.000000
vt 0.552478 0.875717 0.000000
vt 0.551227 0.871102 0.000000
vt 0.551837 0.867727 0.000000
vt 0.550944 0.864840 0.000000
vt 0.552906 0.872215 0.000000
vt 0.555093 0.905382 0.000000
vt 0.556648 0.888750 0.000000
vt 0.555617 0.884128 0.000000
vt 0.555721 0.885030 0.000000
vt 0.555230 0.887463 0.000000
vt 0.556543 0.892870 0.000000
vt 0.556717 0.894073 0.000000
vt 0.557306 0.892135 0.000000
vt 0.558398 0.907755 0.000000
vt 0.559388 0.936163 0.000000
vt 0.558294 0.906260 0.000000
vt 0.558104 0.904444 0.000000
vt 0.556736 0.925236 0.000000
vt 0.549051 0.922403 0.000000
vt 0.549457 0.919028 0.000000
vt 0.549389 0.918141 0.000000
vt 0.548156 0.929844 0.000000
vt 0.547334 0.933619 0.000000
vt 0.548140 0.926141 0.000000
vt 0.547825 0.967903 0.000000
vt 0.547148 0.943094 0.000000
vt 0.547545 0.960004 0.000000
vt 0.547224 0.943127 0.000000
vt 0.545474 0.947403 0.000000
vt 0.545402 0.947505 0.000000
vt 0.544731 0.952293 0.000000
vt 0.545283 0.948912 0.000000
vt 0.545333 0.948883 0.000000
vt 0.550888 0.922952 0.000000
vt 0.550487 0.919370 0.000000
vt 0.552238 0.930997 0.000000
vt 0.551673 0.929949 0.000000
vt 0.551891 0.931010 0.000000
vt 0.551470 0.927179 0.000000
vt 0.552240 0.934998 0.000000
vt 0.552968 0.940806 0.000000
vt 0.552188 0.933711 0.000000
vt 0.552754 0.939579 0.000000
vt 0.553021 0.941963 0.000000
vt 0.553347 0.948945 0.000000
vt 0.553403 0.948945 0.000000
vt 0.552391 0.966342 0.000000
vt 0.553872 0.948391 0.000000
vt 0.554235 0.950358 0.000000
vt 0.554895 0.954894 0.000000
vt 0.554658 0.952821 0.000000
vt 0.541415 0.681810 0.000000
vt 0.541670 0.680370 0.000000
vt 0.541177 0.674187 0.000000
vt 0.540601 0.673898 0.000000
vt 0.541573 0.680884 0.000000
vt 0.541359 0.682546 0.000000
vt 0.541494 0.682560 0.000000
vt 0.541708 0.680899 0.000000
vt 0.540887 0.642833 0.000000
vt 0.541713 0.630375 0.000000
vt 0.539448 0.656682 0.000000
vt 0.539149 0.651942 0.000000
vt 0.546427 0.622841 0.000000
vt 0.546942 0.608866 0.000000
vt 0.544456 0.627543 0.000000
vt 0.563088 0.698202 0.000000
vt 0.563804 0.705572 0.000000
vt 0.563441 0.707083 0.000000
vt 0.562686 0.700950 0.000000
vt 0.562933 0.700140 0.000000
vt 0.563335 0.697392 0.000000
vt 0.562198 0.697956 0.000000
vt 0.562545 0.694228 0.000000
vt 0.562586 0.697956 0.000000
vt 0.562932 0.694228 0.000000
vt 0.560981 0.682895 0.000000
vt 0.561740 0.684875 0.000000
vt 0.568609 0.694214 0.000000
vt 0.568601 0.699792 0.000000
vt 0.568296 0.700075 0.000000
vt 0.568243 0.695420 0.000000
vt 0.568193 0.694655 0.000000
vt 0.568558 0.693449 0.000000
vt 0.567890 0.693114 0.000000
vt 0.568212 0.690885 0.000000
vt 0.567917 0.693114 0.000000
vt 0.568240 0.690885 0.000000
vt 0.566406 0.683152 0.000000
vt 0.566872 0.679869 0.000000
vt 0.565409 0.668095 0.000000
vt 0.564282 0.651224 0.000000
vt 0.563306 0.654404 0.000000
vt 0.563211 0.658627 0.000000
vt 0.562888 0.652739 0.000000
vt 0.564140 0.655600 0.000000
vt 0.563864 0.649560 0.000000
vt 0.564013 0.644972 0.000000
vt 0.562988 0.648311 0.000000
vt 0.562549 0.646562 0.000000
vt 0.563574 0.643225 0.000000
vt 0.563475 0.635543 0.000000
vt 0.562735 0.642454 0.000000
vt 0.562395 0.641834 0.000000
vt 0.563136 0.634925 0.000000
vt 0.561789 0.641786 0.000000
vt 0.561974 0.633159 0.000000
vt 0.561650 0.641786 0.000000
vt 0.561835 0.633159 0.000000
vt 0.557531 0.637328 0.000000
vt 0.559308 0.630419 0.000000
vt 0.557341 0.628286 0.000000
vt 0.556361 0.636384 0.000000
vt 0.557197 0.663739 0.000000
vt 0.556575 0.653396 0.000000
vt 0.558275 0.663739 0.000000
vt 0.555777 0.640114 0.000000
vt 0.555257 0.623013 0.000000
vt 0.554641 0.631781 0.000000
vt 0.555034 0.631781 0.000000
vt 0.553912 0.628092 0.000000
vt 0.555650 0.623013 0.000000
vt 0.552625 0.609281 0.000000
vt 0.552701 0.624111 0.000000
vt 0.551191 0.620211 0.000000
vt 0.551657 0.606793 0.000000
vt 0.549414 0.614802 0.000000
vt 0.549516 0.624656 0.000000
vt 0.550312 0.686155 0.000000
vt 0.550927 0.664309 0.000000
vt 0.550145 0.664656 0.000000
vt 0.549634 0.686638 0.000000
vt 0.549425 0.664309 0.000000
vt 0.548759 0.665137 0.000000
vt 0.550185 0.619395 0.000000
vt 0.550438 0.604613 0.000000
vt 0.549640 0.566752 0.000000
vt 0.548452 0.566752 0.000000
vt 0.546922 0.644702 0.000000
vt 0.548066 0.644702 0.000000
vt 0.548824 0.656656 0.000000
vt 0.546094 0.657452 0.000000
vt 0.547938 0.614802 0.000000
vt 0.547529 0.620085 0.000000
vt 0.551459 0.566752 0.000000
vt 0.545889 0.613848 0.000000
vt 0.546251 0.606080 0.000000
vt 0.549435 0.801600 0.000000
vt 0.550542 0.802556 0.000000
vt 0.546372 0.625580 0.000000
vt 0.546585 0.630012 0.000000
vt 0.557836 0.648638 0.000000
vt 0.555219 0.646715 0.000000
vt 0.555689 0.639592 0.000000
vt 0.557115 0.648829 0.000000
vt 0.555533 0.639592 0.000000
vt 0.547555 0.625580 0.000000
vt 0.547653 0.630012 0.000000
vt 0.551148 0.744628 0.000000
vt 0.551104 0.734490 0.000000
vt 0.541696 0.663539 0.000000
vt 0.548853 0.648803 0.000000
vt 0.549750 0.664603 0.000000
vt 0.550594 0.802556 0.000000
vt 0.549487 0.801600 0.000000
vt 0.548664 0.652099 0.000000
vt 0.547377 0.643530 0.000000
vt 0.548362 0.648803 0.000000
vt 0.548280 0.663984 0.000000
vt 0.546892 0.663690 0.000000
vt 0.548425 0.637003 0.000000
vt 0.561085 0.797898 0.000000
vt 0.560656 0.797898 0.000000
vt 0.553530 0.760330 0.000000
vt 0.553246 0.765560 0.000000
vt 0.538624 0.659266 0.000000
vt 0.553933 0.765560 0.000000
vt 0.536202 0.682471 0.000000
vt 0.554217 0.760330 0.000000
vt 0.556236 0.696422 0.000000
vt 0.534889 0.691547 0.000000
vt 0.562630 0.682436 0.000000
vt 0.561921 0.690790 0.000000
vt 0.538182 0.659266 0.000000
vt 0.555440 0.770975 0.000000
vt 0.538828 0.649558 0.000000
vt 0.540135 0.642804 0.000000
vt 0.540310 0.648238 0.000000
vt 0.557258 0.679577 0.000000
vt 0.558060 0.782544 0.000000
vt 0.544212 0.680833 0.000000
vt 0.538576 0.663821 0.000000
vt 0.539416 0.642804 0.000000
vt 0.556279 0.765810 0.000000
vt 0.557471 0.770422 0.000000
vt 0.545653 0.767447 0.000000
vt 0.545932 0.772813 0.000000
vt 0.545254 0.779333 0.000000
vt 0.548991 0.823517 0.000000
vt 0.540241 0.774196 0.000000
vt 0.558082 0.895611 0.000000
vt 0.546115 0.875511 0.000000
vt 0.544921 0.881319 0.000000
vt 0.544220 0.874565 0.000000
vt 0.549458 0.857231 0.000000
vt 0.550307 0.857231 0.000000
vt 0.544878 0.883182 0.000000
vt 0.545948 0.875511 0.000000
vt 0.545356 0.772813 0.000000
vt 0.544652 0.779333 0.000000
vt 0.552346 0.894728 0.000000
vt 0.552248 0.887562 0.000000
vt 0.548270 0.819674 0.000000
vt 0.539590 0.648238 0.000000
vt 0.552951 0.717981 0.000000
vt 0.552527 0.727153 0.000000
vt 0.544203 0.776161 0.000000
vt 0.539374 0.786027 0.000000
vt 0.540248 0.778757 0.000000
vt 0.563558 0.683769 0.000000
vt 0.562907 0.678620 0.000000
vt 0.545122 0.775271 0.000000
vt 0.544572 0.781592 0.000000
vt 0.556547 0.675330 0.000000
vt 0.556500 0.679577 0.000000
vt 0.551897 0.897420 0.000000
vt 0.544913 0.773392 0.000000
vt 0.544900 0.769814 0.000000
vt 0.553495 0.875371 0.000000
vt 0.549458 0.857580 0.000000
vt 0.550307 0.857580 0.000000
vt 0.550624 0.864767 0.000000
vt 0.549900 0.864767 0.000000
vt 0.550947 0.863987 0.000000
vt 0.553427 0.719857 0.000000
vt 0.557518 0.782544 0.000000
vt 0.544284 0.874565 0.000000
vt 0.548884 0.862719 0.000000
vt 0.549138 0.865801 0.000000
vt 0.544854 0.778776 0.000000
vt 0.547943 0.893374 0.000000
vt 0.548474 0.893374 0.000000
vt 0.547775 0.890393 0.000000
vt 0.547225 0.899573 0.000000
vt 0.544086 0.680833 0.000000
vt 0.549104 0.862719 0.000000
vt 0.539472 0.654604 0.000000
vt 0.539841 0.661089 0.000000
vt 0.539304 0.664123 0.000000
vt 0.557957 0.906260 0.000000
vt 0.553657 0.875371 0.000000
vt 0.549645 0.907726 0.000000
vt 0.549251 0.914138 0.000000
vt 0.542793 0.633201 0.000000
vt 0.549528 0.914106 0.000000
vt 0.549736 0.907427 0.000000
vt 0.550279 0.907427 0.000000
vt 0.550110 0.914073 0.000000
vt 0.550189 0.907726 0.000000
vt 0.550677 0.914413 0.000000
vt 0.550546 0.914413 0.000000
vt 0.560486 0.808979 0.000000
vt 0.548306 0.890393 0.000000
vt 0.548301 0.893250 0.000000
vt 0.550497 0.869163 0.000000
vt 0.544617 0.881319 0.000000
vt 0.550493 0.913643 0.000000
vt 0.546570 0.940195 0.000000
vt 0.546649 0.941423 0.000000
vt 0.547159 0.937305 0.000000
vt 0.553928 0.946443 0.000000
vt 0.553811 0.947438 0.000000
vt 0.553397 0.942363 0.000000
vt 0.553468 0.942363 0.000000
vt 0.553266 0.943513 0.000000
vt 0.553219 0.948443 0.000000
vt 0.553840 0.946443 0.000000
vt 0.552716 0.727946 0.000000
vt 0.550168 0.916438 0.000000
vt 0.549729 0.916348 0.000000
vt 0.552339 0.897420 0.000000
vt 0.552450 0.898443 0.000000
vt 0.558485 0.907755 0.000000
vt 0.547259 0.937305 0.000000
vt 0.553195 0.943513 0.000000
vt 0.553163 0.948443 0.000000
vt 0.553723 0.947438 0.000000
vt 0.537160 0.665937 0.000000
vt 0.536048 0.675612 0.000000
vt 0.535584 0.676214 0.000000
vt 0.534676 0.682140 0.000000
vt 0.535018 0.682140 0.000000
vt 0.534981 0.685671 0.000000
vt 0.535323 0.685671 0.000000
vt 0.534181 0.685989 0.000000
vt 0.534562 0.685371 0.000000
vt 0.534632 0.687441 0.000000
vt 0.535012 0.686823 0.000000
vt 0.534715 0.693957 0.000000
vt 0.534977 0.692982 0.000000
vt 0.535009 0.693290 0.000000
vt 0.535271 0.692315 0.000000
vt 0.535006 0.697623 0.000000
vt 0.535235 0.697331 0.000000
vt 0.541382 0.635300 0.000000
vt 0.542676 0.633910 0.000000
vt 0.538385 0.656360 0.000000
vt 0.538090 0.670344 0.000000
vt 0.537405 0.668083 0.000000
vt 0.549748 0.610441 0.000000
vt 0.548071 0.610441 0.000000
vt 0.549864 0.621635 0.000000
vt 0.548187 0.621635 0.000000
vt 0.548313 0.636922 0.000000
vt 0.547162 0.636922 0.000000
vt 0.548852 0.640903 0.000000
vt 0.547701 0.640903 0.000000
vt 0.544876 0.665980 0.000000
vt 0.545021 0.665980 0.000000
vt 0.545596 0.671607 0.000000
vt 0.545741 0.671607 0.000000
vt 0.551198 0.674443 0.000000
vt 0.554793 0.690127 0.000000
vt 0.555163 0.685143 0.000000
vt 0.557559 0.710587 0.000000
vt 0.557184 0.710701 0.000000
vt 0.557699 0.716363 0.000000
vt 0.557427 0.716363 0.000000
vt 0.557662 0.717886 0.000000
vt 0.557389 0.717886 0.000000
vt 0.557736 0.718063 0.000000
vt 0.557488 0.717808 0.000000
vt 0.557700 0.719181 0.000000
vt 0.557452 0.718927 0.000000
vt 0.557444 0.723670 0.000000
vt 0.557239 0.723199 0.000000
vt 0.557421 0.724384 0.000000
vt 0.557215 0.723913 0.000000
vt 0.556467 0.739857 0.000000
vt 0.556231 0.745018 0.000000
vt 0.548466 0.621493 0.000000
vt 0.548515 0.630388 0.000000
vt 0.547655 0.625131 0.000000
vt 0.548134 0.641948 0.000000
vt 0.547151 0.645225 0.000000
vt 0.548517 0.647496 0.000000
vt 0.548852 0.652838 0.000000
vt 0.548886 0.652838 0.000000
vt 0.547982 0.656073 0.000000
vt 0.548016 0.656073 0.000000
vt 0.549299 0.659233 0.000000
vt 0.549169 0.657001 0.000000
vt 0.548460 0.662134 0.000000
vt 0.548329 0.659902 0.000000
vt 0.549704 0.667439 0.000000
vt 0.547924 0.632462 0.000000
vt 0.547057 0.633618 0.000000
vt 0.548179 0.634774 0.000000
vt 0.546895 0.604026 0.000000
vt 0.548137 0.604026 0.000000
vt 0.547071 0.615555 0.000000
vt 0.548313 0.615555 0.000000
vt 0.547694 0.625099 0.000000
vt 0.546798 0.628325 0.000000
vt 0.548360 0.638734 0.000000
vt 0.547378 0.638805 0.000000
vt 0.547858 0.613449 0.000000
vt 0.548058 0.623560 0.000000
vt 0.551361 0.634475 0.000000
vt 0.555993 0.658992 0.000000
vt 0.556983 0.658992 0.000000
vt 0.557175 0.673311 0.000000
vt 0.556289 0.671013 0.000000
vt 0.555370 0.693139 0.000000
vt 0.551250 0.717659 0.000000
vt 0.551548 0.717659 0.000000
vt 0.551450 0.720205 0.000000
vt 0.551748 0.720205 0.000000
vt 0.550945 0.720014 0.000000
vt 0.551252 0.719831 0.000000
vt 0.551203 0.721834 0.000000
vt 0.551511 0.721651 0.000000
vt 0.551103 0.727058 0.000000
vt 0.551341 0.726750 0.000000
vt 0.557936 0.652576 0.000000
vt 0.558058 0.649951 0.000000
vt 0.564394 0.694838 0.000000
vt 0.564248 0.696211 0.000000
vt 0.564401 0.699005 0.000000
vt 0.564708 0.699005 0.000000
vt 0.564359 0.701054 0.000000
vt 0.564666 0.701054 0.000000
vt 0.564501 0.700079 0.000000
vt 0.564801 0.700455 0.000000
vt 0.564454 0.701727 0.000000
vt 0.564753 0.702103 0.000000
vt 0.564140 0.704631 0.000000
vt 0.564368 0.705336 0.000000
vt 0.564117 0.705703 0.000000
vt 0.564345 0.706408 0.000000
vt 0.543634 0.625162 0.000000
vt 0.545159 0.622470 0.000000
vt 0.542649 0.633956 0.000000
vt 0.543634 0.633956 0.000000
vt 0.543093 0.640887 0.000000
vt 0.544078 0.640887 0.000000
vt 0.542040 0.639476 0.000000
vt 0.543080 0.638878 0.000000
vt 0.542521 0.646006 0.000000
vt 0.543562 0.645408 0.000000
vt 0.542822 0.644167 0.000000
vt 0.543305 0.649968 0.000000
vt 0.542487 0.651008 0.000000
vt 0.542938 0.656428 0.000000
vt 0.550127 0.632985 0.000000
vt 0.550213 0.633756 0.000000
vt 0.551011 0.632765 0.000000
vt 0.550095 0.650424 0.000000
vt 0.550968 0.649025 0.000000
vt 0.550237 0.649932 0.000000
vt 0.550070 0.711482 0.000000
vt 0.550702 0.711361 0.000000
vt 0.551387 0.710249 0.000000
vt 0.552586 0.746743 0.000000
vt 0.552566 0.756115 0.000000
vt 0.553275 0.761016 0.000000
vt 0.555938 0.770856 0.000000
vt 0.555437 0.773905 0.000000
vt 0.557270 0.778191 0.000000
vt 0.543735 0.792921 0.000000
vt 0.544553 0.783175 0.000000
vt 0.543591 0.801571 0.000000
vt 0.544238 0.801571 0.000000
vt 0.543670 0.803480 0.000000
vt 0.544316 0.803480 0.000000
vt 0.543578 0.805295 0.000000
vt 0.544181 0.806166 0.000000
vt 0.543657 0.807038 0.000000
vt 0.544260 0.807909 0.000000
vt 0.542971 0.814313 0.000000
vt 0.543038 0.815630 0.000000
vt 0.544295 0.773767 0.000000
vt 0.545426 0.775492 0.000000
vt 0.545817 0.779540 0.000000
vt 0.546416 0.779540 0.000000
vt 0.545768 0.784041 0.000000
vt 0.546367 0.784041 0.000000
vt 0.546070 0.780514 0.000000
vt 0.546679 0.780705 0.000000
vt 0.545986 0.784629 0.000000
vt 0.546595 0.784820 0.000000
vt 0.546121 0.783806 0.000000
vt 0.546707 0.784274 0.000000
vt 0.546027 0.787306 0.000000
vt 0.546613 0.787774 0.000000
vt 0.546287 0.794789 0.000000
vt 0.546418 0.803398 0.000000
vt 0.546789 0.803695 0.000000
vt 0.546358 0.805615 0.000000
vt 0.546729 0.805911 0.000000
vt 0.546439 0.805045 0.000000
vt 0.546794 0.805453 0.000000
vt 0.546384 0.806710 0.000000
vt 0.546738 0.807117 0.000000
vt 0.546279 0.811389 0.000000
vt 0.546565 0.811851 0.000000
vt 0.546245 0.812282 0.000000
vt 0.546531 0.812743 0.000000
vt 0.545920 0.829550 0.000000
vt 0.557903 0.805963 0.000000
vt 0.558302 0.805754 0.000000
vt 0.557927 0.805754 0.000000
vt 0.558300 0.808100 0.000000
vt 0.557925 0.808100 0.000000
vt 0.558299 0.807050 0.000000
vt 0.557951 0.807398 0.000000
vt 0.558285 0.808927 0.000000
vt 0.557936 0.809275 0.000000
vt 0.558730 0.812873 0.000000
vt 0.558467 0.813525 0.000000
vt 0.558691 0.814031 0.000000
vt 0.558428 0.814685 0.000000
vt 0.550062 0.761546 0.000000
vt 0.550120 0.761546 0.000000
vt 0.551292 0.762610 0.000000
vt 0.551350 0.762610 0.000000
vt 0.549743 0.781951 0.000000
vt 0.549798 0.781951 0.000000
vt 0.550910 0.782960 0.000000
vt 0.550965 0.782960 0.000000
vt 0.549377 0.825445 0.000000
vt 0.550388 0.825445 0.000000
vt 0.549377 0.825860 0.000000
vt 0.550388 0.825860 0.000000
vt 0.549419 0.841812 0.000000
vt 0.550346 0.841812 0.000000
vt 0.549419 0.842192 0.000000
vt 0.550346 0.842192 0.000000
vt 0.548836 0.812154 0.000000
vt 0.549259 0.815688 0.000000
vt 0.550910 0.823606 0.000000
vt 0.550696 0.865777 0.000000
vt 0.550671 0.872187 0.000000
vt 0.550875 0.874835 0.000000
vt 0.548937 0.869434 0.000000
vt 0.549154 0.873279 0.000000
vt 0.548929 0.880472 0.000000
vt 0.548567 0.886230 0.000000
vt 0.548745 0.889383 0.000000
vt 0.548468 0.895287 0.000000
vt 0.548492 0.899545 0.000000
vt 0.548127 0.897740 0.000000
vt 0.548669 0.897740 0.000000
vt 0.548117 0.901530 0.000000
vt 0.548659 0.901530 0.000000
vt 0.548205 0.898760 0.000000
vt 0.548734 0.898578 0.000000
vt 0.548158 0.901942 0.000000
vt 0.548687 0.901761 0.000000
vt 0.548601 0.906240 0.000000
vt 0.550334 0.874890 0.000000
vt 0.549596 0.874890 0.000000
vt 0.550211 0.875297 0.000000
vt 0.549473 0.875297 0.000000
vt 0.550308 0.890419 0.000000
vt 0.549663 0.890419 0.000000
vt 0.550200 0.890774 0.000000
vt 0.549555 0.890774 0.000000
vt 0.550080 0.918280 0.000000
vt 0.550962 0.927245 0.000000
vt 0.550104 0.918950 0.000000
vt 0.549643 0.918950 0.000000
vt 0.549666 0.937203 0.000000
vt 0.550553 0.968633 0.000000
vt 0.552208 0.746473 0.000000
vt 0.552219 0.756049 0.000000
vt 0.553903 0.763851 0.000000
vt 0.558184 0.772011 0.000000
vt 0.561316 0.784019 0.000000
vt 0.564483 0.786308 0.000000
vt 0.564607 0.786308 0.000000
vt 0.564316 0.790398 0.000000
vt 0.564440 0.790398 0.000000
vt 0.565098 0.787749 0.000000
vt 0.565192 0.787662 0.000000
vt 0.564798 0.791317 0.000000
vt 0.564892 0.791230 0.000000
vt 0.565686 0.797079 0.000000
vt 0.565740 0.796911 0.000000
vt 0.547121 0.760129 0.000000
vt 0.549808 0.755899 0.000000
vt 0.543686 0.804773 0.000000
vt 0.543210 0.804773 0.000000
vt 0.544034 0.806563 0.000000
vt 0.543558 0.806563 0.000000
vt 0.543536 0.808628 0.000000
vt 0.543066 0.809238 0.000000
vt 0.543892 0.809169 0.000000
vt 0.543422 0.809779 0.000000
vt 0.544170 0.817349 0.000000
vt 0.543805 0.770918 0.000000
vt 0.541898 0.772703 0.000000
vt 0.537686 0.786798 0.000000
vt 0.536358 0.792745 0.000000
vt 0.536363 0.792080 0.000000
vt 0.535460 0.792665 0.000000
vt 0.535608 0.792665 0.000000
vt 0.535627 0.795016 0.000000
vt 0.535775 0.795016 0.000000
vt 0.535103 0.794340 0.000000
vt 0.535281 0.794120 0.000000
vt 0.535327 0.796189 0.000000
vt 0.535505 0.795969 0.000000
vt 0.534825 0.799700 0.000000
vt 0.534359 0.809255 0.000000
vt 0.548902 0.863283 0.000000
vt 0.544301 0.886268 0.000000
vt 0.551028 0.871102 0.000000
vt 0.552028 0.874726 0.000000
vt 0.549132 0.916922 0.000000
vt 0.549154 0.915067 0.000000
vt 0.550969 0.917336 0.000000
vt 0.550612 0.919370 0.000000
vt 0.551005 0.922952 0.000000
vt 0.552335 0.931020 0.000000
vt 0.552677 0.959705 0.000000
vt 0.554273 0.949910 0.000000
vt 0.548469 0.602023 0.000000
vt 0.551809 0.566752 0.000000
vt 0.548025 0.516397 0.000000
vt 0.548862 0.516397 0.000000
vt 0.548319 0.566752 0.000000
vt 0.550859 0.516397 0.000000
vt 0.552466 0.516397 0.000000
vt 0.552061 0.516397 0.000000
vt 0.549730 0.516397 0.000000
vt 0.552267 0.566752 0.000000
vt 0.553044 0.516397 0.000000
vt 0.548232 0.516397 0.000000
vt 0.172995 0.673028 0.000000
vt 0.165207 0.602284 0.000000
vt 0.169757 0.664481 0.000000
vt 0.163074 0.628290 0.000000
vt 0.172111 0.630491 0.000000
vt 0.169980 0.600322 0.000000
vt 0.159303 0.664936 0.000000
vt 0.156736 0.583350 0.000000
vt 0.161662 0.579589 0.000000
vt 0.157019 0.546585 0.000000
vt 0.152120 0.576867 0.000000
vt 0.156586 0.563805 0.000000
vt 0.147720 0.577809 0.000000
vt 0.164991 0.555583 0.000000
vt 0.153505 0.625901 0.000000
vt 0.159674 0.536760 0.000000
vt 0.159563 0.530237 0.000000
vt 0.154094 0.518768 0.000000
vt 0.153945 0.516389 0.000000
vt 0.160449 0.534447 0.000000
vt 0.146480 0.520304 0.000000
vt 0.167928 0.575965 0.000000
vt 0.167882 0.567447 0.000000
vt 0.176263 0.657680 0.000000
vt 0.171412 0.607206 0.000000
vt 0.175598 0.666113 0.000000
vt 0.141139 0.589575 0.000000
vt 0.147066 0.618173 0.000000
vt 0.141450 0.551516 0.000000
vt 0.137603 0.567015 0.000000
vt 0.132361 0.573002 0.000000
vt 0.141391 0.536476 0.000000
vt 0.139251 0.548049 0.000000
vt 0.148166 0.533842 0.000000
vt 0.133158 0.620843 0.000000
vt 0.135014 0.575148 0.000000
vt 0.130421 0.601187 0.000000
vt 0.138432 0.609648 0.000000
vt 0.128555 0.605835 0.000000
vt 0.130734 0.581606 0.000000
vt 0.127596 0.645251 0.000000
vt 0.139768 0.590927 0.000000
vt 0.133614 0.576960 0.000000
vt 0.136894 0.576570 0.000000
vt 0.128308 0.643666 0.000000
vt 0.139239 0.662469 0.000000
vt 0.139792 0.607538 0.000000
vt 0.145033 0.613844 0.000000
vt 0.153606 0.544965 0.000000
vt 0.148441 0.572536 0.000000
vt 0.133762 0.663111 0.000000
vt 0.151611 0.651264 0.000000
vt 0.149768 0.599751 0.000000
vt 0.160871 0.650162 0.000000
vt 0.161821 0.580003 0.000000
vt 0.156847 0.575491 0.000000
vt 0.167233 0.649112 0.000000
vt 0.165248 0.598482 0.000000
vt 0.167573 0.587934 0.000000
vt 0.163413 0.625176 0.000000
vt 0.172745 0.646218 0.000000
vt 0.177728 0.684534 0.000000
vt 0.173204 0.603996 0.000000
vt 0.176214 0.686386 0.000000
vt 0.178343 0.738572 0.000000
vt 0.177617 0.692686 0.000000
vt 0.178508 0.717661 0.000000
vt 0.178129 0.788249 0.000000
vt 0.178505 0.782736 0.000000
vt 0.176386 0.848315 0.000000
vt 0.166650 0.667305 0.000000
vt 0.171000 0.719274 0.000000
vt 0.166266 0.708197 0.000000
vt 0.154449 0.669840 0.000000
vt 0.160094 0.714274 0.000000
vt 0.162675 0.693072 0.000000
vt 0.154598 0.789365 0.000000
vt 0.159494 0.784481 0.000000
vt 0.156071 0.731330 0.000000
vt 0.149839 0.718860 0.000000
vt 0.164103 0.798940 0.000000
vt 0.154987 0.822843 0.000000
vt 0.161348 0.836098 0.000000
vt 0.138615 0.650778 0.000000
vt 0.134844 0.674077 0.000000
vt 0.141808 0.705724 0.000000
vt 0.138539 0.745674 0.000000
vt 0.132125 0.719492 0.000000
vt 0.124082 0.775724 0.000000
vt 0.127342 0.762334 0.000000
vt 0.125748 0.712615 0.000000
vt 0.128907 0.705401 0.000000
vt 0.128564 0.678075 0.000000
vt 0.128597 0.776361 0.000000
vt 0.131289 0.800056 0.000000
vt 0.134672 0.783070 0.000000
vt 0.127689 0.813036 0.000000
vt 0.128806 0.665385 0.000000
vt 0.124629 0.659151 0.000000
vt 0.129418 0.695888 0.000000
vt 0.125337 0.730325 0.000000
vt 0.130566 0.730783 0.000000
vt 0.127740 0.809746 0.000000
vt 0.129529 0.781063 0.000000
vt 0.131876 0.818718 0.000000
vt 0.137646 0.727643 0.000000
vt 0.131361 0.768087 0.000000
vt 0.129824 0.861929 0.000000
vt 0.156022 0.689746 0.000000
vt 0.146807 0.662015 0.000000
vt 0.149623 0.708451 0.000000
vt 0.156498 0.799520 0.000000
vt 0.158978 0.762244 0.000000
vt 0.161237 0.815986 0.000000
vt 0.165509 0.702662 0.000000
vt 0.155481 0.854747 0.000000
vt 0.172116 0.881090 0.000000
vt 0.175428 0.831297 0.000000
vt 0.173519 0.798646 0.000000
vt 0.175190 0.763513 0.000000
vt 0.178124 0.776618 0.000000
vt 0.177102 0.825698 0.000000
vt 0.171918 0.770448 0.000000
vt 0.166948 0.842712 0.000000
vt 0.169349 0.788246 0.000000
vt 0.171256 0.835473 0.000000
vt 0.148107 0.803215 0.000000
vt 0.150912 0.828451 0.000000
vt 0.143653 0.779135 0.000000
vt 0.137317 0.825055 0.000000
vt 0.142148 0.839623 0.000000
vt 0.133869 0.831823 0.000000
vt 0.136641 0.865947 0.000000
vt 0.126143 0.829746 0.000000
vt 0.131433 0.872545 0.000000
vt 0.129954 0.881967 0.000000
vt 0.126405 0.872891 0.000000
vt 0.122965 0.744295 0.000000
vt 0.124403 0.820758 0.000000
vt 0.123442 0.782931 0.000000
vt 0.125393 0.806534 0.000000
vt 0.130193 0.888690 0.000000
vt 0.136071 0.831101 0.000000
vt 0.143824 0.813522 0.000000
vt 0.140089 0.788595 0.000000
vt 0.143371 0.763379 0.000000
vt 0.151074 0.806065 0.000000
vt 0.151414 0.879214 0.000000
vt 0.147086 0.832072 0.000000
vt 0.143555 0.890834 0.000000
vt 0.166070 0.780334 0.000000
vt 0.165975 0.826056 0.000000
vt 0.157046 0.886078 0.000000
vt 0.171443 0.827926 0.000000
vt 0.166627 0.857269 0.000000
vt 0.170651 0.801861 0.000000
vt 0.177173 0.743574 0.000000
vt 0.175086 0.827446 0.000000
vt 0.172854 0.763660 0.000000
vt 0.172089 0.895691 0.000000
vt 0.172238 0.890037 0.000000
vt 0.168392 0.929867 0.000000
vt 0.167820 0.906787 0.000000
vt 0.163110 0.909098 0.000000
vt 0.164401 0.932408 0.000000
vt 0.154222 0.931768 0.000000
vt 0.159782 0.944439 0.000000
vt 0.167150 0.926196 0.000000
vt 0.161146 0.958725 0.000000
vt 0.157504 0.963161 0.000000
vt 0.147997 0.971504 0.000000
vt 0.152261 0.977897 0.000000
vt 0.155027 0.898287 0.000000
vt 0.152608 0.877038 0.000000
vt 0.149210 0.935119 0.000000
vt 0.145933 0.900599 0.000000
vt 0.149227 0.872525 0.000000
vt 0.162569 0.870789 0.000000
vt 0.144200 0.921045 0.000000
vt 0.143173 0.940009 0.000000
vt 0.135247 0.911992 0.000000
vt 0.143891 0.961981 0.000000
vt 0.147886 0.958997 0.000000
vt 0.134598 0.927589 0.000000
vt 0.132176 0.910385 0.000000
vt 0.140316 0.927043 0.000000
vt 0.140600 0.957345 0.000000
vt 0.133508 0.921388 0.000000
vt 0.136466 0.938812 0.000000
vt 0.141715 0.961524 0.000000
vt 0.147563 0.965992 0.000000
vt 0.138669 0.879377 0.000000
vt 0.137409 0.896884 0.000000
vt 0.134774 0.894938 0.000000
vt 0.146516 0.921272 0.000000
vt 0.147074 0.942939 0.000000
vt 0.161314 0.907274 0.000000
vt 0.152896 0.914689 0.000000
vt 0.157442 0.957291 0.000000
vt 0.166885 0.893202 0.000000
vt 0.161971 0.882344 0.000000
vt 0.162070 0.937060 0.000000
vt 0.164862 0.923749 0.000000
vt 0.153203 0.969977 0.000000
vt 0.172396 0.861461 0.000000
vt 0.137642 0.893342 0.000000
vt 0.161768 0.895826 0.000000
vt 0.173485 0.714362 0.000000
vt 0.169692 0.680058 0.000000
vt 0.142714 0.705352 0.000000
vt 0.122864 0.717526 0.000000
vt 0.123140 0.705006 0.000000
vt 0.148753 0.666712 0.000000
vt 0.174189 0.712882 0.000000
vt 0.125075 0.674310 0.000000
vt 0.175342 0.648103 0.000000
vt 0.152480 0.529543 0.000000
vt 0.145793 0.521963 0.000000
vt 0.154160 0.528537 0.000000
vt 0.150226 0.514335 0.000000
vt 0.149669 0.520237 0.000000
vt 0.158618 0.530097 0.000000
vt 0.157554 0.547427 0.000000
vt 0.167946 0.584536 0.000000
vt 0.173563 0.649245 0.000000
vt 0.171841 0.603990 0.000000
vt 0.169376 0.609532 0.000000
vt 0.169385 0.644936 0.000000
vt 0.163787 0.552156 0.000000
vt 0.144235 0.525567 0.000000
vt 0.143387 0.531498 0.000000
vt 0.138552 0.534876 0.000000
vt 0.146149 0.566581 0.000000
vt 0.152425 0.530312 0.000000
vt 0.141843 0.550255 0.000000
vt 0.148092 0.534414 0.000000
vt 0.141196 0.542352 0.000000
vt 0.130702 0.580961 0.000000
vt 0.133953 0.572133 0.000000
vt 0.149509 0.579310 0.000000
vt 0.155136 0.524374 0.000000
vt 0.151678 0.536162 0.000000
vt 0.176313 0.663015 0.000000
vt 0.154012 0.711522 0.000000
vt 0.148780 0.667170 0.000000
vt 0.147598 0.723709 0.000000
vt 0.148478 0.785777 0.000000
vt 0.128056 0.677403 0.000000
vt 0.127380 0.626087 0.000000
vt 0.126006 0.672642 0.000000
vt 0.134479 0.585782 0.000000
vt 0.129902 0.614643 0.000000
vt 0.125160 0.654486 0.000000
vt 0.123135 0.711685 0.000000
vt 0.168123 0.624598 0.000000
vt 0.167101 0.678275 0.000000
vt 0.165157 0.633097 0.000000
vt 0.162073 0.652237 0.000000
vt 0.173286 0.665033 0.000000
vt 0.172140 0.696925 0.000000
vt 0.151554 0.599491 0.000000
vt 0.160237 0.715217 0.000000
vt 0.159875 0.687848 0.000000
vt 0.171560 0.715398 0.000000
vt 0.174414 0.706774 0.000000
vt 0.167837 0.682423 0.000000
vt 0.176293 0.798130 0.000000
vt 0.175857 0.678168 0.000000
vt 0.173146 0.784231 0.000000
vt 0.140151 0.663257 0.000000
vt 0.140739 0.714313 0.000000
vt 0.136303 0.684081 0.000000
vt 0.135128 0.785429 0.000000
vt 0.142703 0.760719 0.000000
vt 0.124714 0.718824 0.000000
vt 0.123127 0.755574 0.000000
vt 0.136713 0.745647 0.000000
vt 0.139241 0.677372 0.000000
vt 0.141949 0.718209 0.000000
vt 0.140056 0.778836 0.000000
vt 0.154163 0.738895 0.000000
vt 0.145362 0.736699 0.000000
vt 0.151315 0.696820 0.000000
vt 0.169455 0.741912 0.000000
vt 0.176069 0.714835 0.000000
vt 0.172370 0.777528 0.000000
vt 0.175690 0.776966 0.000000
vt 0.167390 0.879722 0.000000
vt 0.162749 0.880018 0.000000
vt 0.162433 0.907418 0.000000
vt 0.158134 0.887604 0.000000
vt 0.157243 0.918679 0.000000
vt 0.156515 0.851450 0.000000
vt 0.162782 0.810678 0.000000
vt 0.139210 0.870811 0.000000
vt 0.136943 0.895913 0.000000
vt 0.140162 0.918271 0.000000
vt 0.131523 0.883283 0.000000
vt 0.134951 0.869553 0.000000
vt 0.144512 0.834351 0.000000
vt 0.144286 0.918207 0.000000
vt 0.126151 0.851064 0.000000
vt 0.125963 0.846835 0.000000
vt 0.130270 0.901719 0.000000
vt 0.129965 0.878135 0.000000
vt 0.140521 0.945508 0.000000
vt 0.139180 0.951568 0.000000
vt 0.132099 0.903382 0.000000
vt 0.161917 0.861916 0.000000
vt 0.152442 0.884578 0.000000
vt 0.159911 0.821431 0.000000
vt 0.142148 0.880782 0.000000
vt 0.148867 0.844810 0.000000
vt 0.152616 0.908204 0.000000
vt 0.159001 0.918804 0.000000
vt 0.149321 0.921400 0.000000
vt 0.166984 0.922381 0.000000
vt 0.172058 0.898265 0.000000
vt 0.168015 0.936939 0.000000
vt 0.171577 0.857117 0.000000
vt 0.172891 0.878670 0.000000
vt 0.164319 0.918668 0.000000
vt 0.175733 0.827246 0.000000
vt 0.158761 0.962387 0.000000
vt 0.160615 0.955885 0.000000
vt 0.156297 0.957167 0.000000
vt 0.149722 0.961720 0.000000
vt 0.154764 0.974561 0.000000
vt 0.163533 0.888427 0.000000
vt 0.147660 0.948763 0.000000
vt 0.146812 0.974674 0.000000
vt 0.144997 0.929122 0.000000
vt 0.136689 0.890984 0.000000
vt 0.133447 0.854518 0.000000
vt 0.127593 0.799312 0.000000
vt 0.140963 0.954893 0.000000
vt 0.135629 0.933702 0.000000
vt 0.145107 0.958226 0.000000
vt 0.147897 0.973777 0.000000
vt 0.131614 0.910659 0.000000
vt 0.134425 0.913359 0.000000
vt 0.131123 0.896259 0.000000
vt 0.128764 0.847371 0.000000
vt 0.146514 0.951134 0.000000
vt 0.149626 0.957843 0.000000
vt 0.152901 0.909080 0.000000
vt 0.155495 0.959139 0.000000
vt 0.149526 0.888027 0.000000
vt 0.148727 0.930169 0.000000
vt 0.151299 0.837635 0.000000
vt 0.160663 0.952496 0.000000
vt 0.166594 0.918951 0.000000
vt 0.162015 0.930175 0.000000
vt 0.170620 0.888199 0.000000
vt 0.171443 0.894488 0.000000
vt 0.173009 0.842371 0.000000
vt 0.174395 0.851972 0.000000
vt 0.176896 0.841886 0.000000
vt 0.178038 0.802032 0.000000
vt 0.178788 0.761633 0.000000
vt 0.164397 0.781808 0.000000
vt 0.166295 0.828760 0.000000
vt 0.167044 0.856884 0.000000
vt 0.150339 0.804955 0.000000
vt 0.154510 0.808830 0.000000
vt 0.143677 0.801870 0.000000
vt 0.132078 0.814480 0.000000
vt 0.137071 0.843356 0.000000
vt 0.134787 0.793299 0.000000
vt 0.126205 0.817214 0.000000
vt 0.124265 0.801856 0.000000
vt 0.123985 0.753336 0.000000
vt 0.123093 0.704461 0.000000
vt 0.123354 0.788883 0.000000
vt 0.125880 0.829535 0.000000
vt 0.124036 0.806149 0.000000
vt 0.126051 0.795914 0.000000
vt 0.128492 0.779813 0.000000
vt 0.131532 0.803478 0.000000
vt 0.135327 0.829124 0.000000
vt 0.139262 0.820162 0.000000
vt 0.141686 0.793151 0.000000
vt 0.155146 0.801584 0.000000
vt 0.159462 0.756298 0.000000
vt 0.166335 0.819025 0.000000
vt 0.169604 0.778776 0.000000
vt 0.169438 0.835302 0.000000
vt 0.159323 0.776984 0.000000
vt 0.153567 0.630429 0.000000
vt 0.151070 0.668901 0.000000
vt 0.144111 0.668503 0.000000
vt 0.128900 0.760576 0.000000
vt 0.125279 0.686384 0.000000
vt 0.128389 0.697938 0.000000
vt 0.130177 0.640556 0.000000
vt 0.126312 0.650406 0.000000
vt 0.125025 0.641558 0.000000
vt 0.132718 0.701171 0.000000
vt 0.129876 0.695487 0.000000
vt 0.132067 0.648193 0.000000
vt 0.127422 0.728024 0.000000
vt 0.135197 0.659184 0.000000
vt 0.142555 0.606723 0.000000
vt 0.159395 0.785793 0.000000
vt 0.156230 0.625453 0.000000
vt 0.159507 0.703876 0.000000
vt 0.162981 0.677808 0.000000
vt 0.152650 0.650678 0.000000
vt 0.178341 0.776101 0.000000
vt 0.178265 0.721414 0.000000
vt 0.177236 0.668711 0.000000
vt 0.178176 0.702947 0.000000
vt 0.175047 0.630941 0.000000
vt 0.176545 0.674027 0.000000
vt 0.171337 0.616214 0.000000
vt 0.157343 0.576631 0.000000
vt 0.166778 0.587894 0.000000
vt 0.163450 0.595855 0.000000
vt 0.154922 0.562130 0.000000
vt 0.143863 0.609776 0.000000
vt 0.139108 0.617983 0.000000
vt 0.141587 0.575985 0.000000
vt 0.136164 0.573683 0.000000
vt 0.137582 0.597151 0.000000
vt 0.129645 0.603478 0.000000
vt 0.131975 0.583727 0.000000
vt 0.137738 0.588509 0.000000
vt 0.137373 0.558661 0.000000
vt 0.139074 0.608497 0.000000
vt 0.168847 0.574003 0.000000
vt 0.170277 0.593525 0.000000
vt 0.166543 0.559101 0.000000
vt 0.159880 0.538406 0.000000
vt 0.170264 0.583763 0.000000
vt 0.148085 0.603406 0.000000
vt 0.155585 0.569989 0.000000
vt 0.159467 0.596663 0.000000
vt 0.164372 0.595222 0.000000
vt 0.164896 0.649550 0.000000
vt 0.155462 0.524737 0.000000
vt 0.153052 0.532259 0.000000
vt 0.158007 0.541582 0.000000
vt 0.151262 0.555612 0.000000
vt 0.145036 0.540502 0.000000
vt 0.148573 0.513829 0.000000
vt 0.148353 0.523000 0.000000
vt 0.162911 0.581352 0.000000
vt 0.168713 0.596649 0.000000
vt 0.167649 0.571817 0.000000
vt 0.172360 0.604827 0.000000
vt 0.143895 0.526088 0.000000
vt 0.139325 0.535090 0.000000
vt 0.139138 0.552893 0.000000
vt 0.137503 0.554023 0.000000
vt 0.148234 0.530141 0.000000
vt 0.143667 0.532629 0.000000
vt 0.144292 0.556107 0.000000
vt 0.152513 0.555940 0.000000
vt 0.171039 0.646195 0.000000
vt 0.175285 0.668625 0.000000
vt 0.176024 0.646227 0.000000
vt 0.177810 0.696947 0.000000
vt 0.176436 0.720398 0.000000
vt 0.174496 0.725731 0.000000
vt 0.153515 0.612400 0.000000
vt 0.149313 0.660621 0.000000
vt 0.154581 0.678289 0.000000
vt 0.143838 0.703924 0.000000
vt 0.142399 0.651047 0.000000
vt 0.150594 0.700571 0.000000
vt 0.147987 0.604034 0.000000
vt 0.129449 0.620585 0.000000
vt 0.125762 0.665515 0.000000
vt 0.126842 0.680452 0.000000
vt 0.123242 0.702837 0.000000
vt 0.126245 0.625480 0.000000
vt 0.123945 0.720439 0.000000
vt 0.130848 0.657508 0.000000
vt 0.138024 0.584040 0.000000
vt 0.132515 0.675400 0.000000
vt 0.132977 0.607286 0.000000
vt 0.138594 0.753850 0.000000
vt 0.131108 0.738320 0.000000
vt 0.136161 0.696760 0.000000
vt 0.171131 0.699012 0.000000
vt 0.164803 0.660813 0.000000
vt 0.172892 0.667238 0.000000
vt 0.165964 0.705311 0.000000
vt 0.167163 0.596223 0.000000
vt 0.169902 0.746494 0.000000
vt 0.172643 0.702360 0.000000
vt 0.166812 0.676193 0.000000
vt 0.139179 0.693940 0.000000
vt 0.144185 0.746757 0.000000
vt 0.124031 0.663641 0.000000
vt 0.123161 0.703572 0.000000
vt 0.122914 0.748916 0.000000
vt 0.125563 0.735394 0.000000
vt 0.141719 0.705039 0.000000
vt 0.143556 0.766484 0.000000
vt 0.147018 0.691022 0.000000
vt 0.139076 0.653529 0.000000
vt 0.148656 0.635339 0.000000
vt 0.152090 0.704265 0.000000
vt 0.173051 0.771428 0.000000
vt 0.173062 0.732417 0.000000
vt 0.175789 0.669976 0.000000
vt 0.168099 0.779161 0.000000
vt 0.178173 0.717991 0.000000
vt 0.172092 0.823348 0.000000
vt 0.164615 0.902712 0.000000
vt 0.166046 0.917112 0.000000
vt 0.136049 0.854781 0.000000
vt 0.140003 0.900245 0.000000
vt 0.141099 0.867777 0.000000
vt 0.134093 0.902750 0.000000
vt 0.133456 0.872633 0.000000
vt 0.130140 0.863689 0.000000
vt 0.126516 0.852393 0.000000
vt 0.128668 0.832794 0.000000
vt 0.136296 0.889055 0.000000
vt 0.130757 0.889365 0.000000
vt 0.128674 0.891872 0.000000
vt 0.132564 0.917578 0.000000
vt 0.135784 0.923779 0.000000
vt 0.149192 0.931765 0.000000
vt 0.149146 0.878059 0.000000
vt 0.157575 0.903901 0.000000
vt 0.154130 0.883708 0.000000
vt 0.156819 0.842850 0.000000
vt 0.140828 0.872764 0.000000
vt 0.147268 0.838705 0.000000
vt 0.145610 0.911311 0.000000
vt 0.164676 0.933771 0.000000
vt 0.157827 0.962836 0.000000
vt 0.159379 0.935717 0.000000
vt 0.150710 0.979970 0.000000
vt 0.158602 0.966893 0.000000
vt 0.149337 0.966212 0.000000
vt 0.168799 0.920846 0.000000
vt 0.170140 0.909955 0.000000
vt 0.165931 0.903891 0.000000
vt 0.162392 0.894798 0.000000
vt 0.166491 0.865411 0.000000
vt 0.163994 0.846898 0.000000
vt 0.147579 0.953860 0.000000
vt 0.141881 0.950146 0.000000
vt 0.144170 0.968108 0.000000
vt 0.140223 0.918902 0.000000
vt 0.136974 0.839422 0.000000
vt 0.134192 0.852304 0.000000
vt 0.147710 0.970963 0.000000
vt 0.139049 0.951842 0.000000
vt 0.134057 0.925328 0.000000
vt 0.129784 0.883334 0.000000
vt 0.126561 0.836875 0.000000
vt 0.134702 0.921743 0.000000
vt 0.141436 0.950794 0.000000
vt 0.149473 0.961991 0.000000
vt 0.145843 0.944529 0.000000
vt 0.154295 0.967929 0.000000
vt 0.149632 0.919767 0.000000
vt 0.145325 0.924549 0.000000
vt 0.153916 0.948370 0.000000
vt 0.155276 0.913129 0.000000
vt 0.154426 0.862419 0.000000
vt 0.151061 0.889370 0.000000
vt 0.158870 0.875458 0.000000
vt 0.144221 0.834951 0.000000
vt 0.149958 0.832688 0.000000
vt 0.159935 0.800371 0.000000
vt 0.162132 0.887253 0.000000
vt 0.160809 0.954453 0.000000
vt 0.160685 0.935031 0.000000
vt 0.172412 0.887090 0.000000
vt 0.173092 0.887659 0.000000
vt 0.171113 0.869498 0.000000
vt 0.175261 0.808950 0.000000
vt 0.175301 0.848826 0.000000
vt 0.176912 0.808095 0.000000
vt 0.178254 0.796126 0.000000
vt 0.172250 0.811876 0.000000
vt 0.165443 0.815928 0.000000
vt 0.160078 0.786157 0.000000
vt 0.148677 0.807118 0.000000
vt 0.156990 0.814960 0.000000
vt 0.153562 0.787409 0.000000
vt 0.141869 0.810376 0.000000
vt 0.133761 0.816667 0.000000
vt 0.128339 0.799781 0.000000
vt 0.124521 0.833911 0.000000
vt 0.124177 0.792123 0.000000
vt 0.125421 0.808244 0.000000
vt 0.123460 0.791213 0.000000
vt 0.126463 0.752463 0.000000
vt 0.126617 0.807876 0.000000
vt 0.136106 0.817058 0.000000
vt 0.129718 0.798468 0.000000
vt 0.138136 0.731387 0.000000
vt 0.130793 0.759401 0.000000
vt 0.138327 0.782859 0.000000
vt 0.150539 0.793573 0.000000
vt 0.143120 0.786622 0.000000
vt 0.155626 0.743132 0.000000
vt 0.163905 0.805464 0.000000
vt 0.166990 0.841688 0.000000
vt 0.169596 0.801561 0.000000
vt 0.173821 0.779171 0.000000
vt 0.176763 0.824563 0.000000
vt 0.176106 0.805879 0.000000
vt 0.173602 0.855549 0.000000
vt 0.178059 0.754822 0.000000
vt 0.159841 0.754185 0.000000
vt 0.158204 0.705839 0.000000
vt 0.157425 0.655460 0.000000
vt 0.160856 0.716207 0.000000
vt 0.151836 0.673909 0.000000
vt 0.128969 0.777185 0.000000
vt 0.128736 0.687094 0.000000
vt 0.125874 0.660336 0.000000
vt 0.127469 0.663500 0.000000
vt 0.128520 0.607505 0.000000
vt 0.129329 0.710556 0.000000
vt 0.133204 0.700169 0.000000
vt 0.139477 0.609622 0.000000
vt 0.135616 0.662073 0.000000
vt 0.136295 0.616071 0.000000
vt 0.154699 0.811433 0.000000
vt 0.159232 0.763224 0.000000
vt 0.160454 0.715150 0.000000
vt 0.158835 0.651017 0.000000
vt 0.162736 0.649572 0.000000
vt 0.167404 0.634549 0.000000
vt 0.178559 0.777796 0.000000
vt 0.172642 0.622264 0.000000
vt 0.162424 0.593356 0.000000
vt 0.159479 0.548262 0.000000
vt 0.155737 0.581799 0.000000
vt 0.163845 0.619972 0.000000
vt 0.157541 0.566401 0.000000
vt 0.152031 0.617885 0.000000
vt 0.149108 0.592626 0.000000
vt 0.142482 0.587756 0.000000
vt 0.138695 0.612040 0.000000
vt 0.144083 0.615856 0.000000
vt 0.135614 0.659793 0.000000
vt 0.135678 0.572086 0.000000
vt 0.131928 0.575160 0.000000
vt 0.137091 0.580474 0.000000
vt 0.134066 0.573912 0.000000
vt 0.143010 0.595828 0.000000
vt 0.141701 0.575087 0.000000
vt 0.170635 0.592763 0.000000
vt 0.164506 0.549356 0.000000
vt 0.166818 0.561987 0.000000
vt 0.161496 0.541100 0.000000
vt 0.158485 0.526140 0.000000
vt 0.154037 0.572234 0.000000
vt 0.158673 0.571152 0.000000
vt 0.165309 0.604409 0.000000
vt 0.156534 0.545499 0.000000
vt 0.156015 0.576194 0.000000
vt 0.164037 0.583845 0.000000
vt 0.167116 0.571639 0.000000
vt 0.162377 0.612803 0.000000
vt 0.150331 0.557665 0.000000
vt 0.149190 0.590142 0.000000
vt 0.140655 0.651788 0.000000
vt 0.149664 0.643794 0.000000
vt 0.147138 0.610535 0.000000
vt 0.158311 0.528218 0.000000
vt 0.151434 0.515996 0.000000
vt 0.151826 0.521671 0.000000
vt 0.169096 0.575528 0.000000
vt 0.163961 0.544814 0.000000
vt 0.163061 0.547455 0.000000
vt 0.169806 0.626701 0.000000
vt 0.164553 0.575237 0.000000
vt 0.171979 0.610842 0.000000
vt 0.169417 0.581181 0.000000
vt 0.139319 0.605294 0.000000
vt 0.142648 0.568551 0.000000
vt 0.128903 0.646280 0.000000
vt 0.134765 0.672883 0.000000
vt 0.135261 0.595594 0.000000
vt 0.130228 0.610136 0.000000
vt 0.137209 0.564801 0.000000
vt 0.139222 0.533845 0.000000
vt 0.144209 0.535498 0.000000
vt 0.132388 0.577504 0.000000
vt 0.127552 0.616861 0.000000
vt 0.131385 0.611915 0.000000
vt 0.129891 0.598420 0.000000
vt 0.133822 0.569418 0.000000
vt 0.139278 0.555949 0.000000
vt 0.137320 0.571505 0.000000
vt 0.138499 0.610694 0.000000
vt 0.142325 0.582110 0.000000
vt 0.148530 0.617329 0.000000
vt 0.150218 0.589094 0.000000
vt 0.155497 0.644728 0.000000
vt 0.160225 0.599774 0.000000
vt 0.157318 0.572888 0.000000
vt 0.152857 0.558382 0.000000
vt 0.155160 0.536236 0.000000
vt 0.176002 0.672443 0.000000
vt 0.173070 0.719891 0.000000
vt 0.177984 0.718601 0.000000
vt 0.176921 0.662440 0.000000
vt 0.178591 0.767398 0.000000
vt 0.178098 0.704985 0.000000
vt 0.177602 0.719281 0.000000
vt 0.176531 0.810402 0.000000
vt 0.176783 0.822220 0.000000
vt 0.178472 0.780514 0.000000
vt 0.177693 0.821439 0.000000
vt 0.167618 0.674654 0.000000
vt 0.163849 0.667451 0.000000
vt 0.162940 0.706235 0.000000
vt 0.168053 0.766134 0.000000
vt 0.171585 0.681965 0.000000
vt 0.152713 0.701445 0.000000
vt 0.158339 0.699447 0.000000
vt 0.154833 0.650152 0.000000
vt 0.140334 0.709529 0.000000
vt 0.134225 0.788828 0.000000
vt 0.132006 0.710856 0.000000
vt 0.124525 0.793272 0.000000
vt 0.128360 0.714751 0.000000
vt 0.125805 0.681403 0.000000
vt 0.128225 0.685875 0.000000
vt 0.127370 0.769792 0.000000
vt 0.127788 0.664003 0.000000
vt 0.123944 0.692783 0.000000
vt 0.125009 0.644265 0.000000
vt 0.125188 0.725136 0.000000
vt 0.132164 0.693660 0.000000
vt 0.128616 0.720981 0.000000
vt 0.138609 0.766510 0.000000
vt 0.132199 0.784193 0.000000
vt 0.134667 0.653532 0.000000
vt 0.128701 0.791993 0.000000
vt 0.124851 0.782217 0.000000
vt 0.154200 0.700958 0.000000
vt 0.149544 0.674212 0.000000
vt 0.160635 0.682626 0.000000
vt 0.146687 0.721735 0.000000
vt 0.152081 0.804124 0.000000
vt 0.160336 0.784114 0.000000
vt 0.155001 0.855708 0.000000
vt 0.174027 0.822711 0.000000
vt 0.174212 0.770970 0.000000
vt 0.170584 0.850612 0.000000
vt 0.171486 0.789831 0.000000
vt 0.166171 0.829070 0.000000
vt 0.160338 0.783243 0.000000
vt 0.155417 0.775612 0.000000
vt 0.150069 0.830325 0.000000
vt 0.153928 0.808894 0.000000
vt 0.144347 0.747384 0.000000
vt 0.146426 0.864796 0.000000
vt 0.143428 0.798188 0.000000
vt 0.138980 0.781951 0.000000
vt 0.133017 0.826608 0.000000
vt 0.137130 0.844062 0.000000
vt 0.135315 0.881035 0.000000
vt 0.128929 0.882973 0.000000
vt 0.127150 0.820462 0.000000
vt 0.125984 0.854143 0.000000
vt 0.122785 0.751626 0.000000
vt 0.123795 0.807908 0.000000
vt 0.123194 0.769662 0.000000
vt 0.125353 0.820998 0.000000
vt 0.140120 0.815107 0.000000
vt 0.134966 0.828694 0.000000
vt 0.132968 0.858951 0.000000
vt 0.138765 0.853020 0.000000
vt 0.144974 0.891737 0.000000
vt 0.146984 0.802370 0.000000
vt 0.142900 0.783807 0.000000
vt 0.141319 0.714700 0.000000
vt 0.149853 0.849283 0.000000
vt 0.171752 0.854025 0.000000
vt 0.164840 0.862568 0.000000
vt 0.172367 0.802300 0.000000
vt 0.175659 0.788870 0.000000
vt 0.175550 0.827563 0.000000
vt 0.170804 0.889442 0.000000
vt 0.170699 0.906187 0.000000
vt 0.173810 0.882331 0.000000
vt 0.165218 0.899710 0.000000
vt 0.164981 0.922496 0.000000
vt 0.162914 0.939716 0.000000
vt 0.153573 0.966914 0.000000
vt 0.158561 0.956782 0.000000
vt 0.156452 0.971600 0.000000
vt 0.151889 0.891010 0.000000
vt 0.155544 0.877226 0.000000
vt 0.157124 0.919368 0.000000
vt 0.149729 0.916361 0.000000
vt 0.149519 0.945460 0.000000
vt 0.140488 0.935755 0.000000
vt 0.146341 0.931205 0.000000
vt 0.143456 0.903112 0.000000
vt 0.148518 0.964842 0.000000
vt 0.143912 0.961299 0.000000
vt 0.146719 0.975164 0.000000
vt 0.131544 0.892394 0.000000
vt 0.136844 0.904583 0.000000
vt 0.129673 0.823775 0.000000
vt 0.134659 0.924259 0.000000
vt 0.133292 0.921012 0.000000
vt 0.137896 0.945201 0.000000
vt 0.142234 0.962605 0.000000
vt 0.141551 0.957474 0.000000
vt 0.142161 0.921884 0.000000
vt 0.136793 0.891586 0.000000
vt 0.130133 0.851533 0.000000
vt 0.132292 0.897980 0.000000
vt 0.146957 0.925276 0.000000
vt 0.151921 0.959106 0.000000
vt 0.159325 0.931264 0.000000
vt 0.147877 0.959452 0.000000
vt 0.165301 0.899636 0.000000
vt 0.161359 0.894193 0.000000
vt 0.154789 0.900433 0.000000
vt 0.164926 0.828964 0.000000
vt 0.165033 0.920828 0.000000
vt 0.162969 0.957707 0.000000
vt 0.162117 0.945070 0.000000
vt 0.155823 0.964769 0.000000
vt 0.172269 0.881653 0.000000
vt 0.163978 0.846290 0.000000
vt 0.161953 0.886964 0.000000
vt 0.158575 0.842126 0.000000
vt 0.173519 0.682375 0.000000
vt 0.169325 0.704384 0.000000
vt 0.171816 0.773829 0.000000
vt 0.144323 0.669283 0.000000
vt 0.140759 0.642291 0.000000
vt 0.137549 0.679948 0.000000
vt 0.123169 0.709060 0.000000
vt 0.172816 0.715494 0.000000
vt 0.175474 0.677078 0.000000
vt 0.165838 0.638916 0.000000
vt 0.166073 0.674882 0.000000
vt 0.160453 0.716527 0.000000
vt 0.125484 0.659202 0.000000
vt 0.123534 0.728210 0.000000
vt 0.150398 0.673600 0.000000
vt 0.146120 0.707086 0.000000
vt 0.171650 0.626919 0.000000
vt 0.171077 0.602858 0.000000
vt 0.155269 0.525876 0.000000
vt 0.148019 0.533459 0.000000
vt 0.144979 0.523307 0.000000
vt 0.142715 0.532977 0.000000
vt 0.165290 0.582324 0.000000
vt 0.162911 0.597889 0.000000
vt 0.167340 0.623598 0.000000
vt 0.157109 0.568612 0.000000
vt 0.157569 0.547324 0.000000
vt 0.155392 0.646193 0.000000
vt 0.160301 0.662361 0.000000
vt 0.151624 0.565335 0.000000
vt 0.151795 0.605803 0.000000
vt 0.146725 0.584022 0.000000
vt 0.146668 0.607856 0.000000
vt 0.143073 0.545942 0.000000
vt 0.162281 0.538858 0.000000
vt 0.158441 0.527632 0.000000
vt 0.161146 0.541043 0.000000
vt 0.167591 0.572536 0.000000
vt 0.148698 0.515398 0.000000
vt 0.153401 0.522486 0.000000
vt 0.169728 0.579844 0.000000
vt 0.168883 0.579797 0.000000
vt 0.162854 0.562474 0.000000
vt 0.169588 0.617874 0.000000
vt 0.138997 0.575705 0.000000
vt 0.139351 0.601499 0.000000
vt 0.139782 0.638903 0.000000
vt 0.130282 0.625631 0.000000
vt 0.135536 0.651511 0.000000
vt 0.133645 0.570308 0.000000
vt 0.138145 0.539047 0.000000
vt 0.136638 0.574047 0.000000
vt 0.126045 0.654965 0.000000
vt 0.125188 0.653096 0.000000
vt 0.126496 0.620857 0.000000
vt 0.132582 0.574811 0.000000
vt 0.129852 0.604730 0.000000
vt 0.143618 0.531160 0.000000
vt 0.136172 0.570971 0.000000
vt 0.141800 0.564391 0.000000
vt 0.136729 0.617693 0.000000
vt 0.137570 0.590299 0.000000
vt 0.141874 0.603069 0.000000
vt 0.147410 0.586929 0.000000
vt 0.146547 0.536516 0.000000
vt 0.140864 0.660447 0.000000
vt 0.148440 0.658011 0.000000
vt 0.147381 0.611095 0.000000
vt 0.151387 0.653873 0.000000
vt 0.153112 0.607258 0.000000
vt 0.152112 0.575262 0.000000
vt 0.157072 0.570945 0.000000
vt 0.153446 0.547336 0.000000
vt 0.161268 0.593357 0.000000
vt 0.165389 0.603056 0.000000
vt 0.168943 0.664529 0.000000
vt 0.163384 0.631752 0.000000
vt 0.176374 0.678009 0.000000
vt 0.174943 0.669087 0.000000
vt 0.176769 0.654402 0.000000
vt 0.175553 0.671635 0.000000
vt 0.178216 0.715008 0.000000
vt 0.173306 0.612762 0.000000
vt 0.178650 0.775379 0.000000
vt 0.177718 0.804662 0.000000
vt 0.177668 0.828763 0.000000
vt 0.178488 0.720333 0.000000
vt 0.177770 0.791262 0.000000
vt 0.166602 0.696854 0.000000
vt 0.166664 0.667202 0.000000
vt 0.171228 0.778778 0.000000
vt 0.161508 0.724766 0.000000
vt 0.157467 0.706796 0.000000
vt 0.153219 0.696964 0.000000
vt 0.152259 0.775852 0.000000
vt 0.163431 0.779757 0.000000
vt 0.158731 0.779687 0.000000
vt 0.161423 0.824356 0.000000
vt 0.155044 0.874192 0.000000
vt 0.137380 0.677655 0.000000
vt 0.134287 0.703400 0.000000
vt 0.128227 0.801340 0.000000
vt 0.129509 0.782654 0.000000
vt 0.127306 0.755085 0.000000
vt 0.129818 0.717881 0.000000
vt 0.124942 0.802511 0.000000
vt 0.127860 0.832069 0.000000
vt 0.134273 0.790030 0.000000
vt 0.126259 0.669570 0.000000
vt 0.123794 0.672378 0.000000
vt 0.124217 0.734695 0.000000
vt 0.123085 0.709676 0.000000
vt 0.127493 0.681197 0.000000
vt 0.127412 0.750386 0.000000
vt 0.129490 0.696081 0.000000
vt 0.134351 0.707529 0.000000
vt 0.135459 0.805737 0.000000
vt 0.129053 0.777698 0.000000
vt 0.134146 0.646322 0.000000
vt 0.130748 0.820696 0.000000
vt 0.125695 0.799327 0.000000
vt 0.154979 0.704024 0.000000
vt 0.160120 0.686308 0.000000
vt 0.164666 0.758434 0.000000
vt 0.160437 0.720239 0.000000
vt 0.160494 0.771402 0.000000
vt 0.156941 0.791451 0.000000
vt 0.161333 0.829057 0.000000
vt 0.175649 0.823255 0.000000
vt 0.177128 0.749791 0.000000
vt 0.171703 0.826295 0.000000
vt 0.174539 0.787596 0.000000
vt 0.174869 0.860836 0.000000
vt 0.170711 0.883659 0.000000
vt 0.174626 0.729192 0.000000
vt 0.166868 0.871173 0.000000
vt 0.166617 0.822979 0.000000
vt 0.162995 0.857944 0.000000
vt 0.152229 0.820589 0.000000
vt 0.151050 0.867105 0.000000
vt 0.146130 0.839856 0.000000
vt 0.144853 0.795158 0.000000
vt 0.141415 0.790944 0.000000
vt 0.137831 0.814721 0.000000
vt 0.140038 0.757879 0.000000
vt 0.136337 0.849453 0.000000
vt 0.131864 0.825283 0.000000
vt 0.126377 0.851852 0.000000
vt 0.124215 0.813255 0.000000
vt 0.130466 0.883157 0.000000
vt 0.123364 0.781381 0.000000
vt 0.123713 0.732659 0.000000
vt 0.130076 0.899932 0.000000
vt 0.125085 0.839152 0.000000
vt 0.126759 0.837577 0.000000
vt 0.140665 0.783575 0.000000
vt 0.142283 0.825265 0.000000
vt 0.149158 0.876957 0.000000
vt 0.138069 0.885768 0.000000
vt 0.144958 0.779755 0.000000
vt 0.140181 0.738854 0.000000
vt 0.148028 0.846037 0.000000
vt 0.149647 0.821315 0.000000
vt 0.156056 0.843568 0.000000
vt 0.151764 0.788760 0.000000
vt 0.166165 0.826236 0.000000
vt 0.163587 0.889238 0.000000
vt 0.168893 0.850377 0.000000
vt 0.174073 0.810445 0.000000
vt 0.172668 0.783361 0.000000
vt 0.173930 0.744196 0.000000
vt 0.175699 0.822146 0.000000
vt 0.173778 0.857694 0.000000
vt 0.171451 0.892335 0.000000
vt 0.172959 0.892757 0.000000
vt 0.167889 0.920061 0.000000
vt 0.166521 0.933519 0.000000
vt 0.165075 0.912809 0.000000
vt 0.162556 0.936333 0.000000
vt 0.161887 0.909402 0.000000
vt 0.157179 0.914021 0.000000
vt 0.158707 0.960412 0.000000
vt 0.153706 0.965843 0.000000
vt 0.151732 0.895297 0.000000
vt 0.148865 0.927020 0.000000
vt 0.140430 0.920214 0.000000
vt 0.143828 0.904792 0.000000
vt 0.147591 0.954256 0.000000
vt 0.147832 0.969513 0.000000
vt 0.135734 0.931482 0.000000
vt 0.140009 0.950917 0.000000
vt 0.132260 0.899199 0.000000
vt 0.135155 0.933229 0.000000
vt 0.141505 0.961611 0.000000
vt 0.142641 0.963560 0.000000
vt 0.149163 0.971678 0.000000
vt 0.135372 0.847908 0.000000
vt 0.131978 0.878491 0.000000
vt 0.142538 0.906750 0.000000
vt 0.153305 0.955009 0.000000
vt 0.147208 0.959073 0.000000
vt 0.148994 0.913322 0.000000
vt 0.145381 0.933864 0.000000
vt 0.159092 0.939768 0.000000
vt 0.154463 0.969082 0.000000
vt 0.160746 0.884164 0.000000
vt 0.164993 0.914148 0.000000
vt 0.156826 0.911574 0.000000
vt 0.170787 0.894687 0.000000
vt 0.153345 0.889757 0.000000
vt 0.130300 0.888637 0.000000
vt 0.138424 0.896467 0.000000
vt 0.135176 0.883555 0.000000
vt 0.161233 0.890730 0.000000
vt 0.166324 0.678708 0.000000
vt 0.168956 0.769047 0.000000
vt 0.146268 0.716924 0.000000
vt 0.141639 0.701337 0.000000
vt 0.122801 0.739340 0.000000
vt 0.143211 0.695633 0.000000
vt 0.147643 0.701969 0.000000
vt 0.139618 0.725280 0.000000
vt 0.172814 0.689441 0.000000
vt 0.171381 0.715276 0.000000
vt 0.135428 0.669192 0.000000
vt 0.126443 0.661384 0.000000
vt 0.129441 0.603041 0.000000
vt 0.126276 0.700394 0.000000
vt 0.149629 0.650904 0.000000
vt 0.171158 0.605998 0.000000
vt 0.172586 0.633539 0.000000
vt 0.143179 0.523052 0.000000
vt 0.146170 0.526270 0.000000
vt 0.151808 0.516187 0.000000
vt 0.153042 0.530928 0.000000
vt 0.160108 0.543897 0.000000
vt 0.152218 0.545643 0.000000
vt 0.159765 0.582359 0.000000
vt 0.141184 0.573670 0.000000
vt 0.147078 0.530773 0.000000
vt 0.164266 0.579204 0.000000
vt 0.169875 0.587444 0.000000
vt 0.164902 0.556502 0.000000
vt 0.167776 0.633123 0.000000
vt 0.170514 0.624094 0.000000
vt 0.165784 0.603537 0.000000
vt 0.176892 0.660866 0.000000
vt 0.173399 0.616310 0.000000
vt 0.148000 0.513982 0.000000
vt 0.140199 0.532428 0.000000
vt 0.143517 0.527345 0.000000
vt 0.137216 0.552387 0.000000
vt 0.150289 0.528045 0.000000
vt 0.143444 0.540816 0.000000
vt 0.158027 0.526246 0.000000
vt 0.155416 0.524803 0.000000
vt 0.149001 0.553151 0.000000
vt 0.172574 0.630154 0.000000
vt 0.173871 0.688987 0.000000
vt 0.175444 0.669010 0.000000
vt 0.177201 0.678486 0.000000
vt 0.177990 0.716244 0.000000
vt 0.146395 0.690462 0.000000
vt 0.149933 0.661850 0.000000
vt 0.142851 0.620561 0.000000
vt 0.152451 0.707194 0.000000
vt 0.124132 0.653015 0.000000
vt 0.123725 0.701237 0.000000
vt 0.128176 0.619959 0.000000
vt 0.123937 0.741184 0.000000
vt 0.126193 0.665998 0.000000
vt 0.146418 0.639878 0.000000
vt 0.141349 0.680516 0.000000
vt 0.140693 0.623477 0.000000
vt 0.131509 0.657629 0.000000
vt 0.136008 0.639686 0.000000
vt 0.135037 0.694729 0.000000
vt 0.170474 0.618967 0.000000
vt 0.172432 0.676352 0.000000
vt 0.165958 0.616828 0.000000
vt 0.159118 0.695840 0.000000
vt 0.161619 0.627818 0.000000
vt 0.164909 0.701353 0.000000
vt 0.167446 0.672371 0.000000
vt 0.172087 0.731591 0.000000
vt 0.170591 0.695876 0.000000
vt 0.173963 0.728207 0.000000
vt 0.170203 0.783084 0.000000
vt 0.176329 0.781869 0.000000
vt 0.138108 0.676909 0.000000
vt 0.142015 0.709592 0.000000
vt 0.141151 0.743263 0.000000
vt 0.153882 0.781094 0.000000
vt 0.122999 0.710450 0.000000
vt 0.124209 0.686863 0.000000
vt 0.123116 0.777296 0.000000
vt 0.124299 0.780184 0.000000
vt 0.137228 0.728941 0.000000
vt 0.143026 0.724652 0.000000
vt 0.149308 0.671516 0.000000
vt 0.174011 0.711863 0.000000
vt 0.175974 0.782210 0.000000
vt 0.178183 0.755430 0.000000
vt 0.160700 0.943704 0.000000
vt 0.160882 0.898719 0.000000
vt 0.155793 0.955174 0.000000
vt 0.136629 0.893448 0.000000
vt 0.136551 0.837542 0.000000
vt 0.132531 0.831446 0.000000
vt 0.129406 0.846970 0.000000
vt 0.133876 0.879037 0.000000
vt 0.131144 0.889140 0.000000
vt 0.125223 0.825635 0.000000
vt 0.130912 0.902827 0.000000
vt 0.161427 0.930098 0.000000
vt 0.149964 0.936538 0.000000
vt 0.152061 0.915477 0.000000
vt 0.172903 0.851712 0.000000
vt 0.173859 0.876405 0.000000
vt 0.169601 0.910687 0.000000
vt 0.166837 0.925076 0.000000
vt 0.163044 0.944976 0.000000
vt 0.147814 0.971041 0.000000
vt 0.149680 0.963373 0.000000
vt 0.157536 0.964236 0.000000
vt 0.166133 0.910249 0.000000
vt 0.157163 0.896126 0.000000
vt 0.162648 0.890891 0.000000
vt 0.155729 0.830502 0.000000
vt 0.161699 0.866194 0.000000
vt 0.154197 0.953102 0.000000
vt 0.143400 0.958137 0.000000
vt 0.138157 0.915410 0.000000
vt 0.138882 0.873096 0.000000
vt 0.145108 0.906377 0.000000
vt 0.143236 0.922311 0.000000
vt 0.150556 0.883158 0.000000
vt 0.133909 0.837313 0.000000
vt 0.152034 0.975410 0.000000
vt 0.143800 0.965021 0.000000
vt 0.142573 0.963920 0.000000
vt 0.136597 0.939646 0.000000
vt 0.135382 0.920385 0.000000
vt 0.132488 0.916589 0.000000
vt 0.129209 0.892422 0.000000
vt 0.127009 0.861645 0.000000
vt 0.129711 0.879051 0.000000
vt 0.130621 0.865344 0.000000
vt 0.128031 0.817229 0.000000
vt 0.148602 0.962562 0.000000
vt 0.144210 0.954246 0.000000
vt 0.143251 0.938296 0.000000
vt 0.151781 0.926812 0.000000
vt 0.145388 0.924137 0.000000
vt 0.146702 0.851688 0.000000
vt 0.144680 0.898519 0.000000
vt 0.153380 0.884617 0.000000
vt 0.158452 0.963055 0.000000
vt 0.168294 0.877583 0.000000
vt 0.171997 0.884356 0.000000
vt 0.174481 0.863792 0.000000
vt 0.171536 0.902468 0.000000
vt 0.178451 0.787220 0.000000
vt 0.176416 0.826466 0.000000
vt 0.173246 0.790444 0.000000
vt 0.170639 0.784139 0.000000
vt 0.168580 0.848631 0.000000
vt 0.163437 0.793929 0.000000
vt 0.165780 0.819499 0.000000
vt 0.158761 0.784557 0.000000
vt 0.142066 0.818028 0.000000
vt 0.150811 0.830162 0.000000
vt 0.152604 0.778530 0.000000
vt 0.146125 0.797336 0.000000
vt 0.141211 0.771085 0.000000
vt 0.150968 0.705546 0.000000
vt 0.127395 0.793878 0.000000
vt 0.123943 0.799153 0.000000
vt 0.125723 0.814822 0.000000
vt 0.136296 0.788313 0.000000
vt 0.141929 0.803714 0.000000
vt 0.145725 0.782409 0.000000
vt 0.157215 0.847327 0.000000
vt 0.150511 0.831247 0.000000
vt 0.169666 0.822809 0.000000
vt 0.164683 0.852404 0.000000
vt 0.161274 0.855696 0.000000
vt 0.166306 0.801195 0.000000
vt 0.160408 0.792832 0.000000
vt 0.169136 0.730015 0.000000
vt 0.173586 0.789007 0.000000
vt 0.173094 0.842074 0.000000
vt 0.176374 0.829838 0.000000
vt 0.158582 0.728212 0.000000
vt 0.152618 0.635646 0.000000
vt 0.134631 0.797267 0.000000
vt 0.129298 0.735843 0.000000
vt 0.128821 0.779070 0.000000
vt 0.126388 0.678317 0.000000
vt 0.131960 0.600697 0.000000
vt 0.126671 0.637214 0.000000
vt 0.128603 0.693876 0.000000
vt 0.126357 0.750138 0.000000
vt 0.129490 0.771302 0.000000
vt 0.128318 0.714907 0.000000
vt 0.133081 0.700188 0.000000
vt 0.132173 0.659729 0.000000
vt 0.138250 0.632858 0.000000
vt 0.160888 0.740217 0.000000
vt 0.158640 0.697129 0.000000
vt 0.154031 0.640847 0.000000
vt 0.166051 0.661628 0.000000
vt 0.161630 0.616459 0.000000
vt 0.178026 0.773206 0.000000
vt 0.178416 0.717491 0.000000
vt 0.175785 0.669910 0.000000
vt 0.172684 0.618620 0.000000
vt 0.163827 0.579794 0.000000
vt 0.158745 0.593971 0.000000
vt 0.157636 0.542464 0.000000
vt 0.165445 0.560060 0.000000
vt 0.154263 0.563735 0.000000
vt 0.150976 0.592130 0.000000
vt 0.146195 0.607270 0.000000
vt 0.137460 0.601132 0.000000
vt 0.143914 0.575785 0.000000
vt 0.137181 0.569990 0.000000
vt 0.130869 0.589848 0.000000
vt 0.132376 0.572414 0.000000
vt 0.130997 0.604861 0.000000
vt 0.137080 0.570351 0.000000
vt 0.142642 0.533875 0.000000
vt 0.135697 0.604107 0.000000
vt 0.170618 0.586746 0.000000
vt 0.167503 0.565819 0.000000
vt 0.159655 0.529330 0.000000
vt 0.154171 0.526225 0.000000
vt 0.149895 0.582647 0.000000
vt 0.148781 0.608766 0.000000
vt 0.141394 0.600525 0.000000
vt 0.149350 0.530300 0.000000
vt 0.154388 0.526316 0.000000
vt 0.151755 0.510847 0.000000
vt 0.151695 0.549693 0.000000
vt 0.144622 0.565743 0.000000
vt 0.173037 0.639475 0.000000
vt 0.171860 0.605106 0.000000
vt 0.168577 0.595200 0.000000
vt 0.172880 0.677456 0.000000
vt 0.167591 0.632218 0.000000
vt 0.158520 0.541683 0.000000
vt 0.165597 0.573967 0.000000
vt 0.167147 0.567588 0.000000
vt 0.146687 0.517585 0.000000
vt 0.143775 0.525167 0.000000
vt 0.147801 0.535659 0.000000
vt 0.133861 0.568278 0.000000
vt 0.142787 0.531120 0.000000
vt 0.140870 0.549362 0.000000
vt 0.141495 0.536575 0.000000
vt 0.153777 0.529052 0.000000
vt 0.153082 0.556312 0.000000
vt 0.160263 0.535587 0.000000
vt 0.157987 0.525335 0.000000
vt 0.175937 0.666106 0.000000
vt 0.172710 0.597536 0.000000
vt 0.177424 0.702652 0.000000
vt 0.176365 0.732870 0.000000
vt 0.152373 0.649011 0.000000
vt 0.153012 0.693377 0.000000
vt 0.159024 0.688789 0.000000
vt 0.152316 0.723197 0.000000
vt 0.144656 0.684394 0.000000
vt 0.124107 0.688379 0.000000
vt 0.125830 0.658603 0.000000
vt 0.125962 0.627072 0.000000
vt 0.143170 0.665309 0.000000
vt 0.135557 0.654868 0.000000
vt 0.140479 0.608735 0.000000
vt 0.132246 0.636021 0.000000
vt 0.131660 0.713971 0.000000
vt 0.172430 0.657935 0.000000
vt 0.168271 0.691088 0.000000
vt 0.166303 0.634880 0.000000
vt 0.172159 0.710424 0.000000
vt 0.142130 0.724966 0.000000
vt 0.137925 0.716878 0.000000
vt 0.139602 0.653965 0.000000
vt 0.125416 0.659854 0.000000
vt 0.123113 0.718406 0.000000
vt 0.122877 0.711535 0.000000
vt 0.149674 0.683350 0.000000
vt 0.143296 0.715134 0.000000
vt 0.138691 0.704812 0.000000
vt 0.142323 0.782347 0.000000
vt 0.176707 0.758391 0.000000
vt 0.172435 0.710982 0.000000
vt 0.177545 0.707310 0.000000
vt 0.164408 0.915369 0.000000
vt 0.158999 0.891955 0.000000
vt 0.159630 0.929338 0.000000
vt 0.165250 0.890566 0.000000
vt 0.170853 0.824354 0.000000
vt 0.152892 0.898153 0.000000
vt 0.140596 0.885823 0.000000
vt 0.134187 0.870788 0.000000
vt 0.137593 0.908866 0.000000
vt 0.128333 0.822302 0.000000
vt 0.131780 0.881380 0.000000
vt 0.142095 0.836956 0.000000
vt 0.137257 0.838716 0.000000
vt 0.145354 0.923882 0.000000
vt 0.150478 0.919946 0.000000
vt 0.149870 0.889742 0.000000
vt 0.155658 0.892615 0.000000
vt 0.175533 0.863462 0.000000
vt 0.170530 0.911713 0.000000
vt 0.172185 0.884460 0.000000
vt 0.170488 0.873603 0.000000
vt 0.168826 0.907029 0.000000
vt 0.160059 0.958732 0.000000
vt 0.158469 0.956189 0.000000
vt 0.159856 0.963796 0.000000
vt 0.154279 0.978774 0.000000
vt 0.164681 0.926270 0.000000
vt 0.153206 0.963316 0.000000
vt 0.148760 0.962368 0.000000
vt 0.145980 0.950700 0.000000
vt 0.144285 0.967070 0.000000
vt 0.140186 0.924634 0.000000
vt 0.145119 0.932366 0.000000
vt 0.141608 0.886380 0.000000
vt 0.134861 0.889044 0.000000
vt 0.133586 0.914680 0.000000
vt 0.128727 0.854957 0.000000
vt 0.132947 0.822648 0.000000
vt 0.137100 0.860696 0.000000
vt 0.136974 0.942903 0.000000
vt 0.145944 0.973518 0.000000
vt 0.132999 0.919733 0.000000
vt 0.136855 0.933932 0.000000
vt 0.128620 0.879622 0.000000
vt 0.131093 0.891853 0.000000
vt 0.129284 0.883222 0.000000
vt 0.125208 0.826936 0.000000
vt 0.144272 0.955658 0.000000
vt 0.147907 0.943648 0.000000
vt 0.151232 0.957809 0.000000
vt 0.149490 0.968420 0.000000
vt 0.142234 0.961005 0.000000
vt 0.147384 0.881375 0.000000
vt 0.152579 0.855715 0.000000
vt 0.157178 0.807818 0.000000
vt 0.161846 0.858472 0.000000
vt 0.154329 0.964801 0.000000
vt 0.159705 0.948455 0.000000
vt 0.166315 0.922328 0.000000
vt 0.173876 0.833515 0.000000
vt 0.171461 0.889383 0.000000
vt 0.175241 0.841841 0.000000
vt 0.177290 0.810496 0.000000
vt 0.175084 0.827380 0.000000
vt 0.171384 0.821299 0.000000
vt 0.162800 0.673018 0.000000
vt 0.172003 0.782685 0.000000
vt 0.165299 0.799125 0.000000
vt 0.167144 0.828622 0.000000
vt 0.161585 0.886793 0.000000
vt 0.164820 0.858942 0.000000
vt 0.157150 0.749497 0.000000
vt 0.156624 0.823906 0.000000
vt 0.149699 0.809359 0.000000
vt 0.149706 0.842817 0.000000
vt 0.143851 0.839623 0.000000
vt 0.147283 0.739758 0.000000
vt 0.137464 0.785331 0.000000
vt 0.136731 0.826618 0.000000
vt 0.123847 0.776639 0.000000
vt 0.126309 0.830356 0.000000
vt 0.124367 0.828379 0.000000
vt 0.123551 0.791617 0.000000
vt 0.123107 0.755750 0.000000
vt 0.126258 0.821752 0.000000
vt 0.125583 0.785605 0.000000
vt 0.133024 0.745063 0.000000
vt 0.130837 0.802520 0.000000
vt 0.145260 0.785795 0.000000
vt 0.140318 0.785002 0.000000
vt 0.154350 0.762513 0.000000
vt 0.150304 0.812934 0.000000
vt 0.164556 0.807007 0.000000
vt 0.166848 0.835794 0.000000
vt 0.169698 0.759753 0.000000
vt 0.160509 0.777981 0.000000
vt 0.176264 0.781236 0.000000
vt 0.173384 0.766674 0.000000
vt 0.177952 0.806926 0.000000
vt 0.178392 0.774681 0.000000
vt 0.160306 0.772062 0.000000
vt 0.157065 0.706140 0.000000
vt 0.149031 0.643355 0.000000
vt 0.160934 0.612594 0.000000
vt 0.153412 0.626199 0.000000
vt 0.158049 0.676163 0.000000
vt 0.126152 0.737116 0.000000
vt 0.128037 0.771376 0.000000
vt 0.128992 0.796155 0.000000
vt 0.128773 0.695052 0.000000
vt 0.124786 0.690105 0.000000
vt 0.129804 0.600660 0.000000
vt 0.128428 0.761852 0.000000
vt 0.129806 0.692291 0.000000
vt 0.126663 0.723183 0.000000
vt 0.128590 0.643305 0.000000
vt 0.132315 0.648245 0.000000
vt 0.133329 0.604374 0.000000
vt 0.135184 0.674713 0.000000
vt 0.161906 0.731802 0.000000
vt 0.163490 0.655024 0.000000
vt 0.167137 0.688917 0.000000
vt 0.163852 0.604225 0.000000
vt 0.159125 0.590506 0.000000
vt 0.178684 0.735294 0.000000
vt 0.177792 0.687417 0.000000
vt 0.176416 0.666869 0.000000
vt 0.165610 0.599360 0.000000
vt 0.158391 0.570794 0.000000
vt 0.169380 0.594066 0.000000
vt 0.167050 0.562067 0.000000
vt 0.162815 0.565438 0.000000
vt 0.147610 0.595029 0.000000
vt 0.151380 0.591945 0.000000
vt 0.139482 0.586156 0.000000
vt 0.137438 0.572051 0.000000
vt 0.132905 0.596399 0.000000
vt 0.135004 0.557179 0.000000
vt 0.128995 0.597424 0.000000
vt 0.130102 0.603665 0.000000
vt 0.138235 0.570043 0.000000
vt 0.138716 0.608761 0.000000
vt 0.173250 0.631742 0.000000
vt 0.161564 0.538415 0.000000
vt 0.150783 0.592374 0.000000
vt 0.147387 0.637406 0.000000
vt 0.146098 0.588206 0.000000
vt 0.147737 0.518187 0.000000
vt 0.153469 0.530524 0.000000
vt 0.157852 0.527548 0.000000
vt 0.162000 0.563031 0.000000
vt 0.149510 0.538048 0.000000
vt 0.154544 0.563487 0.000000
vt 0.175691 0.639806 0.000000
vt 0.170668 0.590473 0.000000
vt 0.170781 0.606762 0.000000
vt 0.166204 0.600354 0.000000
vt 0.173701 0.658140 0.000000
vt 0.143105 0.530859 0.000000
vt 0.138716 0.536119 0.000000
vt 0.143500 0.527251 0.000000
vt 0.149076 0.523956 0.000000
vt 0.154237 0.529797 0.000000
vt 0.152509 0.550298 0.000000
vt 0.143213 0.545890 0.000000
vt 0.175904 0.673678 0.000000
vt 0.177654 0.694566 0.000000
vt 0.154460 0.692321 0.000000
vt 0.151744 0.650720 0.000000
vt 0.149567 0.717162 0.000000
vt 0.145789 0.678856 0.000000
vt 0.137406 0.695855 0.000000
vt 0.146766 0.630063 0.000000
vt 0.160565 0.667785 0.000000
vt 0.127060 0.621536 0.000000
vt 0.125490 0.685842 0.000000
vt 0.128454 0.639705 0.000000
vt 0.147799 0.598626 0.000000
vt 0.135957 0.667607 0.000000
vt 0.136155 0.640315 0.000000
vt 0.167337 0.702804 0.000000
vt 0.158918 0.673801 0.000000
vt 0.165115 0.661951 0.000000
vt 0.172024 0.722471 0.000000
vt 0.173700 0.717125 0.000000
vt 0.171017 0.665161 0.000000
vt 0.176689 0.720986 0.000000
vt 0.143768 0.721984 0.000000
vt 0.131570 0.725649 0.000000
vt 0.139466 0.743487 0.000000
vt 0.123127 0.746194 0.000000
vt 0.123986 0.680135 0.000000
vt 0.123041 0.707960 0.000000
vt 0.124693 0.673905 0.000000
vt 0.124899 0.784109 0.000000
vt 0.123375 0.787577 0.000000
vt 0.133696 0.784057 0.000000
vt 0.131891 0.717883 0.000000
vt 0.138548 0.755002 0.000000
vt 0.143170 0.715577 0.000000
vt 0.142583 0.779963 0.000000
vt 0.139731 0.694716 0.000000
vt 0.149493 0.776051 0.000000
vt 0.172310 0.777397 0.000000
vt 0.171872 0.713461 0.000000
vt 0.174388 0.704544 0.000000
vt 0.168316 0.674764 0.000000
vt 0.168350 0.760078 0.000000
vt 0.157653 0.894487 0.000000
vt 0.164001 0.863480 0.000000
vt 0.158088 0.864112 0.000000
vt 0.161443 0.905234 0.000000
vt 0.166033 0.898560 0.000000
vt 0.159837 0.942174 0.000000
vt 0.152256 0.915308 0.000000
vt 0.137821 0.882367 0.000000
vt 0.133952 0.886228 0.000000
vt 0.136683 0.915505 0.000000
vt 0.141463 0.899779 0.000000
vt 0.130608 0.869406 0.000000
vt 0.135313 0.835896 0.000000
vt 0.143541 0.939141 0.000000
vt 0.134783 0.884433 0.000000
vt 0.130294 0.884251 0.000000
vt 0.129847 0.832263 0.000000
vt 0.127465 0.877761 0.000000
vt 0.134694 0.923139 0.000000
vt 0.159206 0.891730 0.000000
vt 0.152888 0.881598 0.000000
vt 0.161273 0.848214 0.000000
vt 0.153796 0.977005 0.000000
vt 0.157807 0.959647 0.000000
vt 0.159757 0.962213 0.000000
vt 0.152001 0.966869 0.000000
vt 0.165935 0.931666 0.000000
vt 0.161855 0.933858 0.000000
vt 0.169113 0.883964 0.000000
vt 0.161696 0.910534 0.000000
vt 0.163120 0.879326 0.000000
vt 0.167811 0.840656 0.000000
vt 0.151941 0.926417 0.000000
vt 0.148630 0.974666 0.000000
vt 0.149348 0.959643 0.000000
vt 0.139937 0.915768 0.000000
vt 0.144488 0.955635 0.000000
vt 0.143923 0.840303 0.000000
vt 0.136858 0.871522 0.000000
vt 0.142682 0.964328 0.000000
vt 0.140660 0.955774 0.000000
vt 0.137095 0.938990 0.000000
vt 0.144747 0.957325 0.000000
vt 0.130582 0.900996 0.000000
vt 0.134046 0.926132 0.000000
vt 0.124304 0.814218 0.000000
vt 0.150550 0.960804 0.000000
vt 0.155737 0.963777 0.000000
vt 0.146370 0.925655 0.000000
vt 0.148487 0.862427 0.000000
vt 0.152482 0.882150 0.000000
vt 0.164881 0.929858 0.000000
vt 0.169313 0.903407 0.000000
vt 0.173563 0.845183 0.000000
vt 0.171997 0.890818 0.000000
vt 0.178351 0.797064 0.000000
vt 0.177688 0.810709 0.000000
vt 0.172803 0.891929 0.000000
vt 0.173343 0.806382 0.000000
vt 0.175322 0.841010 0.000000
vt 0.166681 0.815811 0.000000
vt 0.154478 0.805910 0.000000
vt 0.150173 0.835404 0.000000
vt 0.162533 0.802402 0.000000
vt 0.138524 0.810869 0.000000
vt 0.135094 0.829365 0.000000
vt 0.130782 0.787185 0.000000
vt 0.126833 0.843921 0.000000
vt 0.126048 0.785419 0.000000
vt 0.126005 0.835343 0.000000
vt 0.138021 0.811638 0.000000
vt 0.142711 0.792764 0.000000
vt 0.148755 0.804938 0.000000
vt 0.152584 0.819252 0.000000
vt 0.164299 0.766755 0.000000
vt 0.162977 0.806639 0.000000
vt 0.166978 0.823115 0.000000
vt 0.171567 0.794290 0.000000
vt 0.175078 0.790286 0.000000
vt 0.166440 0.723480 0.000000
vt 0.176387 0.813325 0.000000
vt 0.159593 0.783904 0.000000
vt 0.161837 0.722203 0.000000
vt 0.156536 0.735873 0.000000
vt 0.149169 0.701402 0.000000
vt 0.147526 0.635805 0.000000
vt 0.152127 0.674720 0.000000
vt 0.154564 0.611243 0.000000
vt 0.124494 0.710032 0.000000
vt 0.125233 0.812614 0.000000
vt 0.127303 0.719385 0.000000
vt 0.128376 0.771157 0.000000
vt 0.128546 0.679019 0.000000
vt 0.131184 0.627361 0.000000
vt 0.127601 0.638178 0.000000
vt 0.132194 0.810948 0.000000
vt 0.127033 0.733022 0.000000
vt 0.128466 0.777975 0.000000
vt 0.127786 0.823391 0.000000
vt 0.128915 0.683608 0.000000
vt 0.134104 0.618142 0.000000
vt 0.139884 0.632693 0.000000
vt 0.135153 0.659628 0.000000
vt 0.156474 0.802758 0.000000
vt 0.158665 0.709912 0.000000
vt 0.166780 0.664479 0.000000
vt 0.177748 0.782879 0.000000
vt 0.178573 0.754227 0.000000
vt 0.178521 0.727497 0.000000
vt 0.177794 0.687700 0.000000
vt 0.176021 0.663768 0.000000
vt 0.166233 0.630432 0.000000
vt 0.172235 0.624940 0.000000
vt 0.163644 0.596771 0.000000
vt 0.168441 0.602815 0.000000
vt 0.165167 0.553584 0.000000
vt 0.153475 0.586313 0.000000
vt 0.141264 0.605234 0.000000
vt 0.145427 0.578396 0.000000
vt 0.139045 0.598312 0.000000
vt 0.135450 0.604995 0.000000
vt 0.137289 0.565394 0.000000
vt 0.133007 0.569932 0.000000
vt 0.129229 0.602988 0.000000
vt 0.132909 0.589153 0.000000
vt 0.130562 0.592519 0.000000
vt 0.136251 0.553104 0.000000
vt 0.138251 0.564268 0.000000
vt 0.141136 0.578096 0.000000
vt 0.148006 0.581824 0.000000
vt 0.141628 0.602174 0.000000
vt 0.165801 0.564734 0.000000
vt 0.166838 0.562157 0.000000
vt 0.170574 0.587572 0.000000
vt 0.156706 0.521775 0.000000
vt 0.160456 0.532880 0.000000
vt 0.162911 0.604866 0.000000
vt 0.158562 0.580699 0.000000
vt 0.152799 0.594534 0.000000
vt 0.145049 0.535873 0.000000
vt 0.153477 0.536342 0.000000
vt 0.150899 0.519602 0.000000
vt 0.141741 0.586510 0.000000
vt 0.151737 0.558196 0.000000
vt 0.164474 0.590442 0.000000
vt 0.171214 0.607581 0.000000
vt 0.164268 0.554279 0.000000
vt 0.169524 0.624542 0.000000
vt 0.156668 0.533049 0.000000
vt 0.147240 0.515539 0.000000
vt 0.143517 0.527396 0.000000
vt 0.139314 0.534135 0.000000
vt 0.155514 0.523569 0.000000
vt 0.145883 0.530422 0.000000
vt 0.142287 0.533704 0.000000
vt 0.139288 0.570852 0.000000
vt 0.151148 0.540931 0.000000
vt 0.166596 0.563579 0.000000
vt 0.158183 0.547949 0.000000
vt 0.162284 0.539194 0.000000
vt 0.174218 0.668892 0.000000
vt 0.175662 0.665750 0.000000
vt 0.175511 0.632543 0.000000
vt 0.177977 0.727214 0.000000
vt 0.175616 0.718354 0.000000
vt 0.177198 0.789305 0.000000
vt 0.143423 0.708039 0.000000
vt 0.150344 0.668010 0.000000
vt 0.151590 0.633048 0.000000
vt 0.153419 0.725768 0.000000
vt 0.155143 0.681220 0.000000
vt 0.148158 0.727344 0.000000
vt 0.140561 0.649666 0.000000
vt 0.146037 0.610495 0.000000
vt 0.161787 0.638248 0.000000
vt 0.150887 0.775159 0.000000
vt 0.129053 0.608162 0.000000
vt 0.124527 0.695707 0.000000
vt 0.127389 0.654051 0.000000
vt 0.129585 0.591689 0.000000
vt 0.124124 0.664591 0.000000
vt 0.137712 0.613322 0.000000
vt 0.130236 0.662176 0.000000
vt 0.141704 0.640243 0.000000
vt 0.135888 0.667422 0.000000
vt 0.139333 0.600810 0.000000
vt 0.139035 0.695977 0.000000
vt 0.132546 0.582727 0.000000
vt 0.135314 0.613235 0.000000
vt 0.129828 0.664072 0.000000
vt 0.131468 0.695504 0.000000
vt 0.133491 0.744099 0.000000
vt 0.162506 0.708649 0.000000
vt 0.167309 0.667226 0.000000
vt 0.168891 0.697260 0.000000
vt 0.162485 0.651472 0.000000
vt 0.164400 0.616904 0.000000
vt 0.162075 0.755279 0.000000
vt 0.170543 0.670006 0.000000
vt 0.173135 0.718572 0.000000
vt 0.134982 0.674840 0.000000
vt 0.138592 0.724833 0.000000
vt 0.143373 0.761781 0.000000
vt 0.123219 0.700072 0.000000
vt 0.122966 0.739130 0.000000
vt 0.122901 0.718403 0.000000
vt 0.124864 0.659160 0.000000
vt 0.138351 0.771056 0.000000
vt 0.142751 0.720164 0.000000
vt 0.173995 0.695690 0.000000
vt 0.172279 0.727401 0.000000
vt 0.173556 0.661945 0.000000
vt 0.154924 0.908493 0.000000
vt 0.161385 0.891663 0.000000
vt 0.155820 0.875592 0.000000
vt 0.172296 0.816671 0.000000
vt 0.168673 0.839718 0.000000
vt 0.166546 0.895854 0.000000
vt 0.165601 0.833060 0.000000
vt 0.151971 0.943725 0.000000
vt 0.160669 0.917867 0.000000
vt 0.140992 0.905703 0.000000
vt 0.136724 0.884544 0.000000
vt 0.136922 0.907703 0.000000
vt 0.133309 0.886005 0.000000
vt 0.136288 0.844785 0.000000
vt 0.141277 0.861726 0.000000
vt 0.143337 0.957325 0.000000
vt 0.125198 0.843054 0.000000
vt 0.128415 0.869226 0.000000
vt 0.129865 0.900512 0.000000
vt 0.136171 0.886385 0.000000
vt 0.130697 0.889006 0.000000
vt 0.130530 0.856531 0.000000
vt 0.154140 0.893203 0.000000
vt 0.150292 0.902606 0.000000
vt 0.153820 0.839672 0.000000
vt 0.157376 0.909239 0.000000
vt 0.161854 0.848945 0.000000
vt 0.160613 0.883737 0.000000
vt 0.147430 0.853653 0.000000
vt 0.159476 0.945199 0.000000
vt 0.174325 0.837901 0.000000
vt 0.171528 0.887219 0.000000
vt 0.165083 0.901186 0.000000
vt 0.157568 0.971021 0.000000
vt 0.156315 0.965224 0.000000
vt 0.160975 0.957714 0.000000
vt 0.159125 0.960921 0.000000
vt 0.168808 0.923053 0.000000
vt 0.165610 0.925295 0.000000
vt 0.168645 0.834757 0.000000
vt 0.143297 0.954599 0.000000
vt 0.139048 0.915268 0.000000
vt 0.144638 0.911850 0.000000
vt 0.148618 0.961224 0.000000
vt 0.134919 0.925919 0.000000
vt 0.138037 0.837064 0.000000
vt 0.147251 0.975310 0.000000
vt 0.141369 0.959403 0.000000
vt 0.135076 0.930156 0.000000
vt 0.133960 0.926847 0.000000
vt 0.130414 0.888951 0.000000
vt 0.133809 0.911853 0.000000
vt 0.128278 0.862987 0.000000
vt 0.132064 0.823166 0.000000
vt 0.153887 0.970014 0.000000
vt 0.149754 0.960959 0.000000
vt 0.143804 0.935199 0.000000
vt 0.148966 0.888990 0.000000
vt 0.147399 0.921332 0.000000
vt 0.146662 0.842605 0.000000
vt 0.164275 0.927595 0.000000
vt 0.159907 0.944788 0.000000
vt 0.170415 0.895976 0.000000
vt 0.174615 0.861656 0.000000
vt 0.175402 0.863814 0.000000
vt 0.173013 0.854002 0.000000
vt 0.177093 0.812170 0.000000
vt 0.176606 0.758944 0.000000
vt 0.172726 0.789581 0.000000
vt 0.166769 0.798661 0.000000
vt 0.151029 0.807465 0.000000
vt 0.154232 0.693415 0.000000
vt 0.148371 0.753881 0.000000
vt 0.143523 0.819022 0.000000
vt 0.142716 0.779336 0.000000
vt 0.133148 0.809323 0.000000
vt 0.134105 0.841516 0.000000
vt 0.126434 0.821641 0.000000
vt 0.122852 0.766412 0.000000
vt 0.125051 0.717560 0.000000
vt 0.124220 0.785592 0.000000
vt 0.123491 0.791358 0.000000
vt 0.127017 0.828286 0.000000
vt 0.126286 0.763559 0.000000
vt 0.135370 0.806346 0.000000
vt 0.139525 0.792414 0.000000
vt 0.143965 0.799637 0.000000
vt 0.154639 0.843199 0.000000
vt 0.163719 0.806302 0.000000
vt 0.168943 0.778980 0.000000
vt 0.170447 0.712768 0.000000
vt 0.173360 0.777544 0.000000
vt 0.177596 0.815374 0.000000
vt 0.175198 0.826409 0.000000
vt 0.158976 0.787852 0.000000
vt 0.156836 0.717561 0.000000
vt 0.150496 0.672526 0.000000
vt 0.152724 0.611356 0.000000
vt 0.145982 0.670534 0.000000
vt 0.148759 0.609023 0.000000
vt 0.128874 0.784447 0.000000
vt 0.126369 0.776132 0.000000
vt 0.128547 0.716909 0.000000
vt 0.125944 0.674887 0.000000
vt 0.128662 0.621533 0.000000
vt 0.129899 0.755517 0.000000
vt 0.128438 0.783328 0.000000
vt 0.131840 0.714185 0.000000
vt 0.127182 0.706888 0.000000
vt 0.156950 0.789345 0.000000
vt 0.157496 0.735408 0.000000
vt 0.160880 0.782133 0.000000
vt 0.162450 0.706886 0.000000
vt 0.165773 0.667873 0.000000
vt 0.165808 0.637315 0.000000
vt 0.178597 0.738283 0.000000
vt 0.177844 0.692106 0.000000
vt 0.176821 0.688236 0.000000
vt 0.178628 0.775566 0.000000
vt 0.173781 0.637899 0.000000
vt 0.164663 0.590950 0.000000
vt 0.169723 0.604726 0.000000
vt 0.158063 0.582491 0.000000
vt 0.154404 0.562098 0.000000
vt 0.144523 0.597636 0.000000
vt 0.137154 0.564907 0.000000
vt 0.127370 0.613182 0.000000
vt 0.134220 0.561147 0.000000
vt 0.131235 0.598969 0.000000
vt 0.136608 0.575185 0.000000
vt 0.139361 0.556117 0.000000
vt 0.172340 0.606953 0.000000
vt 0.169071 0.574906 0.000000
vt 0.168740 0.578613 0.000000
vt 0.159006 0.528712 0.000000
vt 0.154754 0.589598 0.000000
vt 0.149735 0.598793 0.000000
vt 0.157659 0.568837 0.000000
vt 0.157939 0.527894 0.000000
vt 0.152397 0.533676 0.000000
vt 0.162747 0.554764 0.000000
vt 0.157971 0.562093 0.000000
vt 0.153833 0.570133 0.000000
vt 0.143952 0.564730 0.000000
vt 0.145257 0.527331 0.000000
vt 0.167997 0.569709 0.000000
vt 0.169150 0.592778 0.000000
vt 0.173035 0.630134 0.000000
vt 0.139306 0.560254 0.000000
vt 0.134680 0.559020 0.000000
vt 0.140898 0.534185 0.000000
vt 0.150747 0.515664 0.000000
vt 0.147291 0.532428 0.000000
vt 0.156029 0.556888 0.000000
vt 0.153112 0.519318 0.000000
vt 0.162201 0.538946 0.000000
vt 0.178125 0.716045 0.000000
vt 0.173710 0.727035 0.000000
vt 0.174735 0.771459 0.000000
vt 0.176276 0.681363 0.000000
vt 0.149443 0.678536 0.000000
vt 0.157036 0.686930 0.000000
vt 0.150012 0.606302 0.000000
vt 0.149321 0.728249 0.000000
vt 0.171240 0.722808 0.000000
vt 0.165383 0.671030 0.000000
vt 0.168617 0.641425 0.000000
vt 0.169234 0.678100 0.000000
vt 0.173424 0.679561 0.000000
vt 0.163509 0.734108 0.000000
vt 0.137233 0.774331 0.000000
vt 0.141890 0.705854 0.000000
vt 0.135187 0.684712 0.000000
vt 0.137502 0.638640 0.000000
vt 0.142816 0.607461 0.000000
vt 0.152100 0.637985 0.000000
vt 0.139488 0.703986 0.000000
vt 0.136439 0.663383 0.000000
vt 0.144007 0.725214 0.000000
vt 0.150504 0.682061 0.000000
vt 0.161218 0.896641 0.000000
vt 0.167317 0.865532 0.000000
vt 0.160320 0.861466 0.000000
vt 0.153075 0.909626 0.000000
vt 0.146386 0.812081 0.000000
vt 0.135736 0.831783 0.000000
vt 0.137532 0.885654 0.000000
vt 0.137695 0.943273 0.000000
vt 0.131798 0.907737 0.000000
vt 0.131879 0.870676 0.000000
vt 0.126625 0.841378 0.000000
vt 0.124659 0.828617 0.000000
vt 0.159894 0.837207 0.000000
vt 0.153311 0.898706 0.000000
vt 0.152327 0.817785 0.000000
vt 0.147960 0.856318 0.000000
vt 0.168832 0.900202 0.000000
vt 0.173075 0.886316 0.000000
vt 0.166715 0.933618 0.000000
vt 0.174565 0.845585 0.000000
vt 0.158649 0.963096 0.000000
vt 0.156832 0.967465 0.000000
vt 0.166903 0.867511 0.000000
vt 0.160851 0.895434 0.000000
vt 0.154564 0.952860 0.000000
vt 0.162289 0.928887 0.000000
vt 0.142827 0.964405 0.000000
vt 0.145506 0.960613 0.000000
vt 0.149143 0.978595 0.000000
vt 0.136823 0.885343 0.000000
vt 0.142324 0.897667 0.000000
vt 0.142880 0.948825 0.000000
vt 0.148557 0.955714 0.000000
vt 0.133726 0.920266 0.000000
vt 0.132172 0.894946 0.000000
vt 0.156496 0.953324 0.000000
vt 0.146132 0.919210 0.000000
vt 0.140282 0.916354 0.000000
vt 0.151457 0.884471 0.000000
vt 0.163304 0.817196 0.000000
vt 0.151406 0.826006 0.000000
vt 0.164240 0.920605 0.000000
vt 0.172047 0.885083 0.000000
vt 0.178464 0.736117 0.000000
vt 0.177601 0.794836 0.000000
vt 0.174399 0.762015 0.000000
vt 0.164769 0.795197 0.000000
vt 0.169210 0.822089 0.000000
vt 0.146124 0.793526 0.000000
vt 0.139896 0.786922 0.000000
vt 0.135108 0.813739 0.000000
vt 0.130015 0.775855 0.000000
vt 0.124238 0.726481 0.000000
vt 0.126749 0.795026 0.000000
vt 0.128968 0.832026 0.000000
vt 0.125471 0.799963 0.000000
vt 0.127110 0.851345 0.000000
vt 0.123369 0.764919 0.000000
vt 0.125064 0.686779 0.000000
vt 0.157835 0.786503 0.000000
vt 0.170323 0.789042 0.000000
vt 0.174179 0.832032 0.000000
vt 0.158157 0.767069 0.000000
vt 0.159298 0.697282 0.000000
vt 0.128927 0.713408 0.000000
vt 0.127355 0.659619 0.000000
vt 0.130318 0.790654 0.000000
vt 0.126432 0.721961 0.000000
vt 0.130041 0.715910 0.000000
vt 0.130621 0.656160 0.000000
vt 0.163313 0.654238 0.000000
vt 0.165740 0.607354 0.000000
vt 0.178467 0.775997 0.000000
vt 0.177012 0.810351 0.000000
vt 0.175819 0.685978 0.000000
vt 0.176422 0.648763 0.000000
vt 0.171514 0.610070 0.000000
vt 0.161439 0.601184 0.000000
vt 0.165612 0.580514 0.000000
vt 0.136155 0.608196 0.000000
vt 0.142996 0.600748 0.000000
vt 0.149249 0.588213 0.000000
vt 0.139289 0.566884 0.000000
vt 0.130166 0.602883 0.000000
vt 0.127599 0.611510 0.000000
vt 0.134252 0.585850 0.000000
vt 0.128542 0.621974 0.000000
vt 0.161951 0.543298 0.000000
vt 0.155202 0.527865 0.000000
vt 0.151779 0.536565 0.000000
vt 0.149467 0.521303 0.000000
vt 0.146978 0.515047 0.000000
vt 0.171858 0.637650 0.000000
vt 0.170651 0.600848 0.000000
vt 0.167753 0.601228 0.000000
vt 0.164042 0.581343 0.000000
vt 0.167566 0.571626 0.000000
vt 0.174415 0.613765 0.000000
vt 0.176025 0.673126 0.000000
vt 0.140974 0.534900 0.000000
vt 0.137664 0.547413 0.000000
vt 0.143812 0.528870 0.000000
vt 0.146198 0.529787 0.000000
vt 0.151082 0.557089 0.000000
vt 0.152515 0.528036 0.000000
vt 0.159726 0.548966 0.000000
vt 0.174753 0.693298 0.000000
vt 0.157672 0.678349 0.000000
vt 0.145795 0.641014 0.000000
vt 0.150336 0.674529 0.000000
vt 0.153693 0.614267 0.000000
vt 0.147364 0.603940 0.000000
vt 0.147641 0.746272 0.000000
vt 0.154592 0.721528 0.000000
vt 0.143407 0.699688 0.000000
vt 0.125419 0.641277 0.000000
vt 0.125586 0.673742 0.000000
vt 0.126645 0.635178 0.000000
vt 0.129780 0.626154 0.000000
vt 0.128728 0.676599 0.000000
vt 0.126639 0.730035 0.000000
vt 0.130027 0.638942 0.000000
vt 0.137321 0.631729 0.000000
vt 0.131910 0.683022 0.000000
vt 0.137015 0.667145 0.000000
vt 0.146596 0.605136 0.000000
vt 0.165925 0.604511 0.000000
vt 0.167903 0.664036 0.000000
vt 0.164259 0.628919 0.000000
vt 0.166107 0.798362 0.000000
vt 0.164230 0.689114 0.000000
vt 0.172062 0.753272 0.000000
vt 0.173201 0.707599 0.000000
vt 0.172482 0.711507 0.000000
vt 0.175775 0.739738 0.000000
vt 0.169003 0.652464 0.000000
vt 0.142533 0.781855 0.000000
vt 0.138274 0.719171 0.000000
vt 0.122858 0.748393 0.000000
vt 0.123390 0.717441 0.000000
vt 0.123728 0.692808 0.000000
vt 0.124518 0.803055 0.000000
vt 0.123544 0.782622 0.000000
vt 0.171890 0.646579 0.000000
vt 0.175547 0.670573 0.000000
vt 0.176713 0.777899 0.000000
vt 0.158504 0.918651 0.000000
vt 0.162618 0.891136 0.000000
vt 0.159141 0.880073 0.000000
vt 0.167610 0.836369 0.000000
vt 0.164992 0.909948 0.000000
vt 0.135326 0.909894 0.000000
vt 0.143957 0.908597 0.000000
vt 0.135993 0.889112 0.000000
vt 0.132085 0.854334 0.000000
vt 0.135247 0.840131 0.000000
vt 0.141203 0.831754 0.000000
vt 0.131735 0.903536 0.000000
vt 0.130895 0.875587 0.000000
vt 0.135973 0.923135 0.000000
vt 0.127432 0.863240 0.000000
vt 0.128006 0.867637 0.000000
vt 0.129910 0.900719 0.000000
vt 0.170665 0.910810 0.000000
vt 0.167317 0.914185 0.000000
vt 0.172789 0.882568 0.000000
vt 0.174662 0.840066 0.000000
vt 0.168421 0.887344 0.000000
vt 0.170042 0.834922 0.000000
vt 0.169640 0.904724 0.000000
vt 0.156497 0.969463 0.000000
vt 0.157279 0.960786 0.000000
vt 0.162152 0.956652 0.000000
vt 0.151226 0.969677 0.000000
vt 0.148859 0.952455 0.000000
vt 0.146161 0.972686 0.000000
vt 0.163759 0.904630 0.000000
vt 0.163372 0.930953 0.000000
vt 0.163636 0.842289 0.000000
vt 0.162339 0.884596 0.000000
vt 0.153336 0.904018 0.000000
vt 0.158802 0.909039 0.000000
vt 0.144731 0.929499 0.000000
vt 0.147745 0.907628 0.000000
vt 0.139600 0.827438 0.000000
vt 0.138028 0.883785 0.000000
vt 0.135016 0.828051 0.000000
vt 0.128100 0.820170 0.000000
vt 0.147213 0.969614 0.000000
vt 0.138238 0.945268 0.000000
vt 0.142490 0.951350 0.000000
vt 0.133771 0.925098 0.000000
vt 0.131868 0.902775 0.000000
vt 0.130002 0.877776 0.000000
vt 0.150084 0.924949 0.000000
vt 0.150110 0.958606 0.000000
vt 0.144710 0.931328 0.000000
vt 0.151180 0.868989 0.000000
vt 0.152665 0.898435 0.000000
vt 0.152723 0.829421 0.000000
vt 0.162503 0.846756 0.000000
vt 0.156644 0.955883 0.000000
vt 0.172741 0.853120 0.000000
vt 0.173902 0.875909 0.000000
vt 0.175893 0.838840 0.000000
vt 0.177730 0.816370 0.000000
vt 0.172387 0.797068 0.000000
vt 0.153850 0.834576 0.000000
vt 0.143883 0.786190 0.000000
vt 0.153800 0.777917 0.000000
vt 0.147655 0.826157 0.000000
vt 0.147178 0.726773 0.000000
vt 0.153344 0.863984 0.000000
vt 0.136639 0.714360 0.000000
vt 0.141536 0.736598 0.000000
vt 0.134093 0.783215 0.000000
vt 0.125919 0.825334 0.000000
vt 0.123773 0.799277 0.000000
vt 0.125535 0.811479 0.000000
vt 0.127036 0.805165 0.000000
vt 0.127990 0.774438 0.000000
vt 0.136798 0.796466 0.000000
vt 0.132698 0.777827 0.000000
vt 0.149832 0.809203 0.000000
vt 0.162838 0.802782 0.000000
vt 0.169027 0.798133 0.000000
vt 0.169478 0.723224 0.000000
vt 0.172825 0.792459 0.000000
vt 0.176284 0.800900 0.000000
vt 0.158693 0.784104 0.000000
vt 0.161501 0.763522 0.000000
vt 0.157458 0.694376 0.000000
vt 0.150820 0.692929 0.000000
vt 0.152484 0.618560 0.000000
vt 0.149739 0.658456 0.000000
vt 0.159592 0.611377 0.000000
vt 0.142820 0.687421 0.000000
vt 0.130627 0.786402 0.000000
vt 0.127486 0.779916 0.000000
vt 0.129286 0.736550 0.000000
vt 0.129648 0.702210 0.000000
vt 0.126632 0.663454 0.000000
vt 0.125584 0.712365 0.000000
vt 0.131203 0.706063 0.000000
vt 0.135323 0.666521 0.000000
vt 0.139189 0.639487 0.000000
vt 0.138538 0.603740 0.000000
vt 0.160335 0.776115 0.000000
vt 0.155638 0.787138 0.000000
vt 0.161656 0.732033 0.000000
vt 0.163514 0.688687 0.000000
vt 0.165777 0.663987 0.000000
vt 0.164191 0.611496 0.000000
vt 0.178317 0.764616 0.000000
vt 0.178036 0.702940 0.000000
vt 0.178804 0.768605 0.000000
vt 0.178043 0.702256 0.000000
vt 0.173519 0.632038 0.000000
vt 0.169001 0.593942 0.000000
vt 0.156326 0.570192 0.000000
vt 0.137796 0.589678 0.000000
vt 0.141305 0.593319 0.000000
vt 0.133527 0.591376 0.000000
vt 0.137001 0.558939 0.000000
vt 0.129780 0.606346 0.000000
vt 0.130844 0.580106 0.000000
vt 0.130887 0.591808 0.000000
vt 0.136895 0.575176 0.000000
vt 0.142718 0.564938 0.000000
vt 0.167504 0.565884 0.000000
vt 0.156019 0.521234 0.000000
vt 0.159355 0.531707 0.000000
vt 0.157382 0.581566 0.000000
vt 0.150098 0.577655 0.000000
vt 0.158105 0.562425 0.000000
vt 0.155231 0.548665 0.000000
vt 0.154051 0.528618 0.000000
vt 0.142697 0.553571 0.000000
vt 0.168356 0.657499 0.000000
vt 0.171093 0.608913 0.000000
vt 0.165645 0.602005 0.000000
vt 0.172634 0.603566 0.000000
vt 0.168865 0.576199 0.000000
vt 0.175063 0.666153 0.000000
vt 0.160940 0.567255 0.000000
vt 0.147175 0.524225 0.000000
vt 0.139819 0.538509 0.000000
vt 0.146047 0.519642 0.000000
vt 0.140469 0.535177 0.000000
vt 0.155916 0.536691 0.000000
vt 0.148861 0.527158 0.000000
vt 0.147989 0.579934 0.000000
vt 0.141480 0.556143 0.000000
vt 0.177357 0.682758 0.000000
vt 0.159342 0.700018 0.000000
vt 0.151953 0.662723 0.000000
vt 0.145222 0.706583 0.000000
vt 0.147246 0.621807 0.000000
vt 0.159243 0.601195 0.000000
vt 0.151424 0.602378 0.000000
vt 0.155668 0.745359 0.000000
vt 0.144687 0.686814 0.000000
vt 0.135341 0.660854 0.000000
vt 0.141337 0.625053 0.000000
vt 0.129112 0.692036 0.000000
vt 0.132877 0.706486 0.000000
vt 0.174623 0.713492 0.000000
vt 0.166727 0.668135 0.000000
vt 0.167201 0.624809 0.000000
vt 0.164688 0.721919 0.000000
vt 0.171820 0.707833 0.000000
vt 0.165614 0.681812 0.000000
vt 0.172977 0.716563 0.000000
vt 0.177957 0.725578 0.000000
vt 0.166112 0.773240 0.000000
vt 0.140658 0.628738 0.000000
vt 0.150449 0.796898 0.000000
vt 0.126294 0.661412 0.000000
vt 0.123620 0.686027 0.000000
vt 0.123170 0.725731 0.000000
vt 0.172709 0.784966 0.000000
vt 0.161167 0.873724 0.000000
vt 0.160308 0.905000 0.000000
vt 0.169468 0.887330 0.000000
vt 0.174193 0.834467 0.000000
vt 0.168564 0.833373 0.000000
vt 0.132275 0.801579 0.000000
vt 0.137565 0.887544 0.000000
vt 0.136432 0.841656 0.000000
vt 0.128338 0.854140 0.000000
vt 0.132494 0.897728 0.000000
vt 0.132785 0.918507 0.000000
vt 0.129254 0.880193 0.000000
vt 0.133547 0.920057 0.000000
vt 0.131848 0.872611 0.000000
vt 0.136845 0.902986 0.000000
vt 0.151815 0.929060 0.000000
vt 0.147217 0.894288 0.000000
vt 0.153134 0.889037 0.000000
vt 0.163605 0.871389 0.000000
vt 0.158764 0.831845 0.000000
vt 0.167936 0.900600 0.000000
vt 0.172028 0.892888 0.000000
vt 0.165416 0.947913 0.000000
vt 0.170277 0.908926 0.000000
vt 0.158261 0.951555 0.000000
vt 0.157377 0.966151 0.000000
vt 0.153072 0.974618 0.000000
vt 0.158808 0.964777 0.000000
vt 0.163620 0.930552 0.000000
vt 0.172581 0.842533 0.000000
vt 0.160784 0.920600 0.000000
vt 0.161231 0.895924 0.000000
vt 0.147365 0.976344 0.000000
vt 0.145206 0.971173 0.000000
vt 0.147475 0.962568 0.000000
vt 0.143937 0.919294 0.000000
vt 0.149617 0.951888 0.000000
vt 0.149428 0.853192 0.000000
vt 0.139363 0.840146 0.000000
vt 0.140105 0.952916 0.000000
vt 0.130191 0.898173 0.000000
vt 0.139609 0.931302 0.000000
vt 0.123952 0.807571 0.000000
vt 0.147910 0.959699 0.000000
vt 0.147742 0.929424 0.000000
vt 0.152902 0.885947 0.000000
vt 0.144134 0.875675 0.000000
vt 0.157274 0.830719 0.000000
vt 0.161705 0.946979 0.000000
vt 0.156460 0.954058 0.000000
vt 0.165104 0.919457 0.000000
vt 0.174353 0.868783 0.000000
vt 0.178698 0.763712 0.000000
vt 0.176716 0.815584 0.000000
vt 0.175568 0.789250 0.000000
vt 0.178452 0.789311 0.000000
vt 0.176856 0.838451 0.000000
vt 0.173545 0.864725 0.000000
vt 0.168374 0.802884 0.000000
vt 0.143087 0.801713 0.000000
vt 0.149925 0.815616 0.000000
vt 0.150330 0.767715 0.000000
vt 0.143038 0.725480 0.000000
vt 0.137808 0.735412 0.000000
vt 0.134622 0.806447 0.000000
vt 0.129127 0.817489 0.000000
vt 0.128342 0.774823 0.000000
vt 0.126782 0.831580 0.000000
vt 0.123736 0.791612 0.000000
vt 0.124353 0.718260 0.000000
vt 0.127915 0.795995 0.000000
vt 0.125655 0.814862 0.000000
vt 0.137927 0.785451 0.000000
vt 0.141413 0.766792 0.000000
vt 0.145348 0.836156 0.000000
vt 0.164328 0.821913 0.000000
vt 0.172079 0.798658 0.000000
vt 0.173922 0.763760 0.000000
vt 0.177517 0.794550 0.000000
vt 0.156804 0.719932 0.000000
vt 0.159882 0.783641 0.000000
vt 0.159778 0.667945 0.000000
vt 0.151203 0.663194 0.000000
vt 0.148971 0.625466 0.000000
vt 0.162287 0.608748 0.000000
vt 0.126270 0.659898 0.000000
vt 0.126598 0.622512 0.000000
vt 0.127834 0.748228 0.000000
vt 0.124410 0.779812 0.000000
vt 0.134975 0.668246 0.000000
vt 0.130183 0.679945 0.000000
vt 0.138170 0.690725 0.000000
vt 0.178389 0.711719 0.000000
vt 0.175960 0.678283 0.000000
vt 0.163009 0.579709 0.000000
vt 0.156260 0.592064 0.000000
vt 0.137070 0.604584 0.000000
vt 0.130698 0.593409 0.000000
vt 0.135984 0.573933 0.000000
vt 0.130386 0.603270 0.000000
vt 0.134912 0.569712 0.000000
vt 0.137344 0.601197 0.000000
vt 0.142558 0.580632 0.000000
vt 0.175175 0.638007 0.000000
vt 0.170919 0.600202 0.000000
vt 0.166430 0.569612 0.000000
vt 0.165961 0.556757 0.000000
vt 0.159486 0.529786 0.000000
vt 0.146968 0.530478 0.000000
vt 0.153708 0.530489 0.000000
vt 0.154212 0.518348 0.000000
vt 0.147957 0.515175 0.000000
vt 0.164971 0.587687 0.000000
vt 0.159554 0.534101 0.000000
vt 0.157486 0.551888 0.000000
vt 0.151909 0.557987 0.000000
vt 0.144554 0.552029 0.000000
vt 0.171645 0.599855 0.000000
vt 0.169045 0.590718 0.000000
vt 0.171772 0.624649 0.000000
vt 0.142442 0.528466 0.000000
vt 0.134429 0.560160 0.000000
vt 0.139414 0.545974 0.000000
vt 0.146579 0.532207 0.000000
vt 0.141222 0.551824 0.000000
vt 0.153932 0.530503 0.000000
vt 0.149548 0.556800 0.000000
vt 0.177607 0.708039 0.000000
vt 0.175565 0.675200 0.000000
vt 0.176190 0.750652 0.000000
vt 0.145443 0.645609 0.000000
vt 0.150848 0.666213 0.000000
vt 0.154723 0.625549 0.000000
vt 0.142854 0.706872 0.000000
vt 0.158576 0.706154 0.000000
vt 0.150379 0.713058 0.000000
vt 0.124146 0.667754 0.000000
vt 0.125415 0.677063 0.000000
vt 0.126478 0.644224 0.000000
vt 0.130388 0.599210 0.000000
vt 0.132591 0.606695 0.000000
vt 0.124279 0.733254 0.000000
vt 0.128111 0.692721 0.000000
vt 0.159767 0.758800 0.000000
vt 0.166759 0.668202 0.000000
vt 0.167893 0.743924 0.000000
vt 0.173023 0.705452 0.000000
vt 0.173100 0.776626 0.000000
vt 0.169117 0.755448 0.000000
vt 0.170247 0.685723 0.000000
vt 0.137648 0.726310 0.000000
vt 0.136105 0.670817 0.000000
vt 0.143954 0.705932 0.000000
vt 0.139352 0.709580 0.000000
vt 0.144126 0.648045 0.000000
vt 0.143372 0.762650 0.000000
vt 0.149626 0.689255 0.000000
vt 0.176632 0.713156 0.000000
vt 0.172410 0.727649 0.000000
vt 0.172977 0.679630 0.000000
vt 0.168299 0.641236 0.000000
vt 0.159038 0.900338 0.000000
vt 0.162347 0.885016 0.000000
vt 0.161340 0.859024 0.000000
vt 0.167183 0.863832 0.000000
vt 0.142548 0.889657 0.000000
vt 0.135786 0.886597 0.000000
vt 0.143424 0.916565 0.000000
vt 0.138791 0.921611 0.000000
vt 0.133056 0.837880 0.000000
vt 0.137148 0.834014 0.000000
vt 0.140715 0.850423 0.000000
vt 0.132106 0.892729 0.000000
vt 0.135423 0.934302 0.000000
vt 0.131204 0.890692 0.000000
vt 0.139141 0.894426 0.000000
vt 0.128616 0.824686 0.000000
vt 0.125518 0.834240 0.000000
vt 0.134326 0.866141 0.000000
vt 0.174308 0.865538 0.000000
vt 0.169825 0.904431 0.000000
vt 0.172205 0.846778 0.000000
vt 0.165650 0.906123 0.000000
vt 0.160892 0.937528 0.000000
vt 0.153646 0.953784 0.000000
vt 0.152763 0.915051 0.000000
vt 0.160842 0.909658 0.000000
vt 0.155273 0.881676 0.000000
vt 0.155046 0.970353 0.000000
vt 0.147486 0.958914 0.000000
vt 0.144971 0.922907 0.000000
vt 0.145040 0.969985 0.000000
vt 0.148365 0.862076 0.000000
vt 0.128190 0.881351 0.000000
vt 0.133351 0.918893 0.000000
vt 0.136331 0.931736 0.000000
vt 0.140201 0.955544 0.000000
vt 0.128873 0.838448 0.000000
vt 0.149250 0.964991 0.000000
vt 0.147565 0.941403 0.000000
vt 0.153885 0.920660 0.000000
vt 0.158756 0.956546 0.000000
vt 0.148551 0.911311 0.000000
vt 0.152603 0.887513 0.000000
vt 0.146917 0.852085 0.000000
vt 0.152715 0.818960 0.000000
vt 0.153116 0.853166 0.000000
vt 0.157883 0.967781 0.000000
vt 0.160895 0.934266 0.000000
vt 0.165343 0.924174 0.000000
vt 0.161563 0.952590 0.000000
vt 0.169776 0.914697 0.000000
vt 0.173371 0.880249 0.000000
vt 0.172538 0.860142 0.000000
vt 0.168507 0.896403 0.000000
vt 0.175575 0.829506 0.000000
vt 0.176411 0.812360 0.000000
vt 0.178236 0.794669 0.000000
vt 0.174830 0.764278 0.000000
vt 0.141055 0.807626 0.000000
vt 0.151090 0.813014 0.000000
vt 0.131215 0.713897 0.000000
vt 0.133852 0.791015 0.000000
vt 0.136463 0.837082 0.000000
vt 0.124982 0.778436 0.000000
vt 0.123328 0.783108 0.000000
vt 0.124045 0.806916 0.000000
vt 0.126892 0.716535 0.000000
vt 0.123194 0.716445 0.000000
vt 0.125556 0.818552 0.000000
vt 0.126764 0.751886 0.000000
vt 0.133622 0.803944 0.000000
vt 0.139482 0.793717 0.000000
vt 0.144563 0.778161 0.000000
vt 0.130534 0.759167 0.000000
vt 0.154310 0.780247 0.000000
vt 0.166787 0.820310 0.000000
vt 0.160335 0.790237 0.000000
vt 0.163003 0.760027 0.000000
vt 0.175077 0.809552 0.000000
vt 0.178272 0.788531 0.000000
vt 0.159181 0.815169 0.000000
vt 0.158902 0.698452 0.000000
vt 0.162854 0.661388 0.000000
vt 0.152747 0.663492 0.000000
vt 0.148320 0.602153 0.000000
vt 0.129190 0.781044 0.000000
vt 0.132579 0.649358 0.000000
vt 0.127045 0.664214 0.000000
vt 0.128467 0.793388 0.000000
vt 0.131302 0.691253 0.000000
vt 0.137358 0.612953 0.000000
vt 0.142791 0.621663 0.000000
vt 0.163866 0.707370 0.000000
vt 0.161534 0.654588 0.000000
vt 0.166348 0.659666 0.000000
vt 0.163295 0.609098 0.000000
vt 0.178321 0.720825 0.000000
vt 0.175823 0.637341 0.000000
vt 0.177046 0.681264 0.000000
vt 0.174017 0.655009 0.000000
vt 0.160304 0.605999 0.000000
vt 0.164606 0.589594 0.000000
vt 0.170353 0.603987 0.000000
vt 0.153581 0.601193 0.000000
vt 0.156497 0.566211 0.000000
vt 0.139931 0.601660 0.000000
vt 0.136755 0.665008 0.000000
vt 0.134958 0.587285 0.000000
vt 0.131541 0.585892 0.000000
vt 0.127729 0.614852 0.000000
vt 0.137057 0.572383 0.000000
vt 0.147734 0.591410 0.000000
vt 0.141470 0.592645 0.000000
vt 0.169705 0.578752 0.000000
vt 0.165501 0.554472 0.000000
vt 0.156726 0.575143 0.000000
vt 0.151678 0.599069 0.000000
vt 0.175231 0.668649 0.000000
vt 0.175525 0.653098 0.000000
vt 0.168905 0.617406 0.000000
vt 0.144102 0.526426 0.000000
vt 0.138924 0.545113 0.000000
vt 0.144797 0.550773 0.000000
vt 0.146800 0.517361 0.000000
vt 0.138756 0.559644 0.000000
vt 0.130010 0.586305 0.000000
vt 0.141370 0.531882 0.000000
vt 0.145786 0.534708 0.000000
vt 0.152706 0.527946 0.000000
vt 0.176761 0.722157 0.000000
vt 0.147221 0.716665 0.000000
vt 0.152903 0.682733 0.000000
vt 0.147504 0.643735 0.000000
vt 0.136861 0.668093 0.000000
vt 0.142411 0.714354 0.000000
vt 0.150585 0.596524 0.000000
vt 0.129555 0.606196 0.000000
vt 0.125965 0.666764 0.000000
vt 0.130135 0.648331 0.000000
vt 0.124810 0.709498 0.000000
vt 0.123415 0.731047 0.000000
vt 0.136540 0.715052 0.000000
vt 0.134740 0.668303 0.000000
vt 0.140122 0.660813 0.000000
vt 0.157452 0.605418 0.000000
vt 0.164021 0.609476 0.000000
vt 0.164160 0.663488 0.000000
vt 0.171719 0.677728 0.000000
vt 0.171468 0.730120 0.000000
vt 0.164711 0.659005 0.000000
vt 0.123163 0.722018 0.000000
vt 0.123210 0.703734 0.000000
vt 0.124136 0.669110 0.000000
vt 0.124740 0.648317 0.000000
vt 0.126159 0.665583 0.000000
vt 0.148217 0.677848 0.000000
vt 0.144324 0.722402 0.000000
vt 0.173991 0.766038 0.000000
vt 0.172663 0.708238 0.000000
vt 0.177380 0.697750 0.000000
vt 0.174203 0.650908 0.000000
vt 0.168927 0.629438 0.000000
vt 0.167093 0.711924 0.000000
vt 0.170303 0.867811 0.000000
vt 0.165978 0.827843 0.000000
vt 0.160945 0.885858 0.000000
vt 0.164612 0.918336 0.000000
vt 0.157679 0.918207 0.000000
vt 0.135490 0.862533 0.000000
vt 0.138315 0.901290 0.000000
vt 0.142938 0.877250 0.000000
vt 0.132618 0.897565 0.000000
vt 0.129997 0.862639 0.000000
vt 0.144700 0.939176 0.000000
vt 0.133368 0.897380 0.000000
vt 0.128104 0.872276 0.000000
vt 0.126204 0.829659 0.000000
vt 0.172213 0.893047 0.000000
vt 0.172968 0.873137 0.000000
vt 0.177572 0.821057 0.000000
vt 0.166911 0.894011 0.000000
vt 0.169498 0.917742 0.000000
vt 0.172055 0.826760 0.000000
vt 0.164207 0.941083 0.000000
vt 0.161728 0.957856 0.000000
vt 0.155373 0.954433 0.000000
vt 0.160984 0.932016 0.000000
vt 0.149822 0.925239 0.000000
vt 0.164422 0.933587 0.000000
vt 0.157776 0.902070 0.000000
vt 0.162584 0.873136 0.000000
vt 0.147433 0.957636 0.000000
vt 0.137602 0.944740 0.000000
vt 0.141608 0.922369 0.000000
vt 0.143647 0.906948 0.000000
vt 0.152839 0.886976 0.000000
vt 0.150223 0.834765 0.000000
vt 0.136800 0.876355 0.000000
vt 0.147487 0.974038 0.000000
vt 0.141570 0.959179 0.000000
vt 0.132691 0.917928 0.000000
vt 0.137296 0.936022 0.000000
vt 0.129211 0.889862 0.000000
vt 0.147798 0.962652 0.000000
vt 0.155618 0.971105 0.000000
vt 0.151656 0.952826 0.000000
vt 0.147812 0.919260 0.000000
vt 0.153188 0.883389 0.000000
vt 0.158750 0.807901 0.000000
vt 0.154235 0.849428 0.000000
vt 0.157570 0.960418 0.000000
vt 0.174231 0.848668 0.000000
vt 0.176156 0.816552 0.000000
vt 0.170317 0.799025 0.000000
vt 0.164896 0.819281 0.000000
vt 0.158243 0.807351 0.000000
vt 0.148767 0.783634 0.000000
vt 0.158268 0.760924 0.000000
vt 0.142368 0.806222 0.000000
vt 0.140616 0.747017 0.000000
vt 0.136326 0.819395 0.000000
vt 0.132917 0.824393 0.000000
vt 0.126834 0.799428 0.000000
vt 0.123743 0.787477 0.000000
vt 0.123930 0.786020 0.000000
vt 0.123807 0.806160 0.000000
vt 0.126697 0.823258 0.000000
vt 0.127549 0.788229 0.000000
vt 0.126132 0.844222 0.000000
vt 0.132938 0.802102 0.000000
vt 0.143290 0.788059 0.000000
vt 0.149475 0.783754 0.000000
vt 0.147568 0.836980 0.000000
vt 0.139806 0.802962 0.000000
vt 0.172737 0.792170 0.000000
vt 0.176206 0.795691 0.000000
vt 0.178305 0.754579 0.000000
vt 0.156108 0.701459 0.000000
vt 0.151868 0.643053 0.000000
vt 0.143928 0.618191 0.000000
vt 0.126905 0.764402 0.000000
vt 0.130111 0.796099 0.000000
vt 0.133560 0.634246 0.000000
vt 0.128002 0.702240 0.000000
vt 0.129097 0.608881 0.000000
vt 0.129163 0.763383 0.000000
vt 0.136302 0.712952 0.000000
vt 0.131060 0.705599 0.000000
vt 0.128476 0.703502 0.000000
vt 0.137162 0.629375 0.000000
vt 0.159656 0.763731 0.000000
vt 0.167073 0.773856 0.000000
vt 0.160034 0.699614 0.000000
vt 0.178781 0.760574 0.000000
vt 0.178002 0.698842 0.000000
vt 0.171922 0.603275 0.000000
vt 0.164618 0.571149 0.000000
vt 0.154358 0.560725 0.000000
vt 0.165605 0.556752 0.000000
vt 0.148839 0.585296 0.000000
vt 0.139150 0.573548 0.000000
vt 0.142473 0.582992 0.000000
vt 0.132946 0.590367 0.000000
vt 0.136907 0.560171 0.000000
vt 0.132492 0.594905 0.000000
vt 0.138117 0.588276 0.000000
vt 0.142861 0.597832 0.000000
vt 0.168686 0.583041 0.000000
vt 0.160777 0.541352 0.000000
vt 0.159489 0.529870 0.000000
vt 0.162807 0.601477 0.000000
vt 0.153845 0.563988 0.000000
vt 0.160469 0.567542 0.000000
vt 0.161371 0.568198 0.000000
vt 0.160848 0.540403 0.000000
vt 0.155961 0.545251 0.000000
vt 0.152014 0.514764 0.000000
vt 0.171240 0.660476 0.000000
vt 0.169694 0.595385 0.000000
vt 0.167367 0.606288 0.000000
vt 0.145091 0.525334 0.000000
vt 0.150309 0.533409 0.000000
vt 0.141120 0.531375 0.000000
vt 0.134918 0.567499 0.000000
vt 0.140224 0.553027 0.000000
vt 0.145917 0.556673 0.000000
vt 0.145635 0.529635 0.000000
vt 0.151751 0.528088 0.000000
vt 0.136574 0.560815 0.000000
vt 0.157930 0.544311 0.000000
vt 0.157904 0.524946 0.000000
vt 0.151887 0.575185 0.000000
vt 0.175678 0.672205 0.000000
vt 0.171178 0.710033 0.000000
vt 0.174375 0.616859 0.000000
vt 0.175410 0.711130 0.000000
vt 0.146309 0.640968 0.000000
vt 0.153713 0.658629 0.000000
vt 0.152170 0.616904 0.000000
vt 0.147066 0.700389 0.000000
vt 0.123897 0.659167 0.000000
vt 0.124200 0.686951 0.000000
vt 0.126703 0.648989 0.000000
vt 0.134446 0.629792 0.000000
vt 0.129755 0.605895 0.000000
vt 0.128801 0.702425 0.000000
vt 0.136983 0.712921 0.000000
vt 0.130098 0.729218 0.000000
vt 0.135863 0.661132 0.000000
vt 0.141765 0.644736 0.000000
vt 0.163375 0.626578 0.000000
vt 0.165799 0.658433 0.000000
vt 0.165177 0.703614 0.000000
vt 0.139221 0.655862 0.000000
vt 0.141458 0.708586 0.000000
vt 0.151906 0.731951 0.000000
vt 0.142268 0.787702 0.000000
vt 0.136082 0.676303 0.000000
vt 0.125159 0.713891 0.000000
vt 0.122994 0.718493 0.000000
vt 0.125433 0.668077 0.000000
vt 0.123446 0.771934 0.000000
vt 0.144148 0.691206 0.000000
vt 0.137818 0.773292 0.000000
vt 0.146418 0.747147 0.000000
vt 0.169192 0.657310 0.000000
vt 0.171669 0.716091 0.000000
vt 0.168928 0.889315 0.000000
vt 0.166785 0.834948 0.000000
vt 0.162306 0.875885 0.000000
vt 0.159420 0.927182 0.000000
vt 0.138197 0.851044 0.000000
vt 0.135166 0.888124 0.000000
vt 0.141714 0.890961 0.000000
vt 0.134094 0.821355 0.000000
vt 0.144363 0.931145 0.000000
vt 0.133573 0.914482 0.000000
vt 0.134536 0.873629 0.000000
vt 0.132332 0.901811 0.000000
vt 0.129223 0.846041 0.000000
vt 0.137319 0.910223 0.000000
vt 0.138125 0.948579 0.000000
vt 0.156481 0.914419 0.000000
vt 0.148012 0.878172 0.000000
vt 0.153200 0.889103 0.000000
vt 0.153832 0.845704 0.000000
vt 0.160300 0.868230 0.000000
vt 0.147124 0.924281 0.000000
vt 0.176787 0.840421 0.000000
vt 0.171511 0.895538 0.000000
vt 0.171321 0.876201 0.000000
vt 0.174060 0.865575 0.000000
vt 0.168246 0.927960 0.000000
vt 0.163770 0.922530 0.000000
vt 0.160751 0.947410 0.000000
vt 0.157627 0.963146 0.000000
vt 0.150856 0.958000 0.000000
vt 0.162797 0.895983 0.000000
vt 0.145782 0.964734 0.000000
vt 0.154592 0.974697 0.000000
vt 0.141575 0.907942 0.000000
vt 0.135318 0.833016 0.000000
vt 0.144086 0.966946 0.000000
vt 0.137867 0.942907 0.000000
vt 0.133136 0.920823 0.000000
vt 0.131023 0.887664 0.000000
vt 0.127014 0.860053 0.000000
vt 0.127794 0.811605 0.000000
vt 0.146694 0.959004 0.000000
vt 0.150883 0.938051 0.000000
vt 0.151565 0.964195 0.000000
vt 0.148309 0.916069 0.000000
vt 0.155743 0.887768 0.000000
vt 0.152095 0.867894 0.000000
vt 0.159184 0.959378 0.000000
vt 0.164703 0.925765 0.000000
vt 0.176688 0.811654 0.000000
vt 0.166013 0.835141 0.000000
vt 0.173315 0.836244 0.000000
vt 0.178758 0.739294 0.000000
vt 0.174988 0.735799 0.000000
vt 0.172805 0.787797 0.000000
vt 0.163214 0.789595 0.000000
vt 0.157001 0.803175 0.000000
vt 0.150503 0.815000 0.000000
vt 0.157137 0.747798 0.000000
vt 0.142334 0.797679 0.000000
vt 0.130971 0.790968 0.000000
vt 0.126290 0.793652 0.000000
vt 0.125897 0.831796 0.000000
vt 0.123604 0.796329 0.000000
vt 0.124786 0.731695 0.000000
vt 0.125648 0.813818 0.000000
vt 0.136044 0.766566 0.000000
vt 0.149739 0.822035 0.000000
vt 0.162509 0.784293 0.000000
vt 0.160783 0.824211 0.000000
vt 0.164115 0.739678 0.000000
vt 0.174462 0.758966 0.000000
vt 0.172107 0.800910 0.000000
vt 0.175682 0.818039 0.000000
vt 0.178025 0.780004 0.000000
vt 0.158491 0.698528 0.000000
vt 0.153740 0.689635 0.000000
vt 0.151626 0.655290 0.000000
vt 0.127968 0.703270 0.000000
vt 0.132659 0.637610 0.000000
vt 0.130427 0.611829 0.000000
vt 0.129276 0.782639 0.000000
vt 0.132441 0.700901 0.000000
vt 0.155869 0.783921 0.000000
vt 0.159811 0.634126 0.000000
vt 0.159901 0.703685 0.000000
vt 0.166071 0.658994 0.000000
vt 0.177460 0.683335 0.000000
vt 0.177902 0.710481 0.000000
vt 0.173270 0.632674 0.000000
vt 0.174906 0.691523 0.000000
vt 0.175445 0.663938 0.000000
vt 0.157173 0.584293 0.000000
vt 0.165299 0.595731 0.000000
vt 0.148535 0.610320 0.000000
vt 0.138566 0.573244 0.000000
vt 0.128664 0.610409 0.000000
vt 0.131883 0.574352 0.000000
vt 0.135923 0.587171 0.000000
vt 0.140315 0.599665 0.000000
vt 0.168235 0.572527 0.000000
vt 0.170063 0.598508 0.000000
vt 0.167829 0.567816 0.000000
vt 0.161891 0.538052 0.000000
vt 0.148885 0.591609 0.000000
vt 0.163445 0.609357 0.000000
vt 0.154971 0.572224 0.000000
vt 0.129284 0.606723 0.000000
vt 0.159164 0.716079 0.000000
vt 0.135671 0.668158 0.000000
vt 0.144062 0.531322 0.000000
vt 0.130894 0.697205 0.000000
vt 0.157992 0.963732 0.000000
vt 0.149218 0.631772 0.000000
vt 0.153302 0.526358 0.000000
vt 0.130146 0.594380 0.000000
vt 0.166607 0.613945 0.000000
vt 0.164925 0.599478 0.000000
vt 0.167234 0.794346 0.000000
vt 0.128184 0.866799 0.000000
vt 0.133077 0.920777 0.000000
vt 0.152411 0.888503 0.000000
vt 0.172308 0.612678 0.000000
vt 0.173584 0.699516 0.000000
vt 0.177893 0.722743 0.000000
vt 0.129914 0.673874 0.000000
vt 0.135259 0.919252 0.000000
vt 0.159459 0.967546 0.000000
vt 0.159830 0.956718 0.000000
vt 0.154795 0.530468 0.000000
vt 0.165063 0.917809 0.000000
vt 0.163421 0.683086 0.000000
vt 0.159364 0.926018 0.000000
vt 0.134668 0.824802 0.000000
vt 0.156368 0.566635 0.000000
vt 0.158678 0.546168 0.000000
vt 0.148633 0.877261 0.000000
vt 0.171239 0.894950 0.000000
vt 0.131467 0.894672 0.000000
vt 0.145882 0.923454 0.000000
vt 0.158841 0.781365 0.000000
vt 0.123420 0.786055 0.000000
vt 0.155803 0.571975 0.000000
vt 0.151924 0.821027 0.000000
vt 0.135974 0.593318 0.000000
vt 0.123606 0.689656 0.000000
vt 0.141783 0.770877 0.000000
vt 0.148157 0.938396 0.000000
vt 0.140428 0.557539 0.000000
vt 0.163205 0.937471 0.000000
vt 0.138607 0.906521 0.000000
vt 0.165100 0.822907 0.000000
vt 0.159740 0.782573 0.000000
vt 0.167147 0.826236 0.000000
vt 0.155250 0.563993 0.000000
vt 0.162982 0.860394 0.000000
vt 0.144603 0.967729 0.000000
vt 0.171679 0.794946 0.000000
vt 0.159638 0.537078 0.000000
vt 0.153027 0.529370 0.000000
vt 0.129124 0.730502 0.000000
vt 0.165707 0.761531 0.000000
vt 0.135465 0.825373 0.000000
vt 0.152124 0.809599 0.000000
vt 0.129058 0.885398 0.000000
vt 0.170567 0.901154 0.000000
vt 0.178536 0.788681 0.000000
vt 0.140720 0.597514 0.000000
# 4200 texture coordinates

o Tree_giant_regular
usemtl AllColors_Material
f 77/3/1 74/2/1 275/1/1
f 147/7/2 98/6/2 146/5/2
f 1234/9/3 588/8/3 77/3/3
f 274/12/4 275/1/4 1264/11/4 1266/10/4
f 1235/15/5 411/14/5 1240/13/5
f 1235/15/6 177/16/6 411/14/6
f 177/16/7 1234/9/7 274/12/7
f 184/19/8 186/18/9 183/17/8
f 1235/15/10 1233/20/10 588/8/10
f 1233/20/11 412/21/11 588/8/11
f 89/24/12 101/23/12 88/22/12
f 166/27/13 148/26/13 165/25/13
f 146/5/14 164/28/14 165/25/14
f 90/30/15 103/29/15 89/24/15
f 97/32/16 162/31/16 164/28/16
f 189/35/17 230/34/17 188/33/17
f 124/38/18 130/37/18 121/36/18
f 129/41/19 125/40/19 132/39/19
f 173/44/21 174/43/21 176/42/20
f 167/46/22 187/45/22 188/33/22
f 170/49/23 169/48/23 190/47/23
f 244/52/24 258/51/24 243/50/24
f 231/54/25 168/53/25 230/34/25
f 242/56/26 243/50/26 256/55/26
f 199/59/27 178/58/27 181/57/27
f 210/61/28 199/59/28 200/60/28
f 270/64/29 254/63/29 253/62/29
f 166/27/30 165/25/30 163/65/30
f 163/65/31 165/25/31 164/28/31
f 267/68/32 264/67/32 255/66/32
f 299/71/33 296/70/33 295/69/33
f 359/74/34 285/73/34 286/72/34
f 283/77/35 287/76/35 284/75/35
f 163/65/36 164/28/36 162/31/36
f 319/80/37 320/79/37 294/78/37
f 305/83/38 304/82/38 309/81/38
f 314/86/39 315/85/39 311/84/39
f 334/89/40 330/88/40 333/87/40
f 339/92/41 1236/91/41 331/90/41
f 338/94/42 336/93/42 1236/91/42
f 372/97/43 392/96/43 374/95/43
f 1237/99/44 335/98/44 338/94/44
f 371/102/45 370/101/45 373/100/45
f 408/105/46 399/104/46 1238/103/46
f 401/108/47 404/107/47 407/106/47
f 161/111/48 159/110/48 158/109/48
f 1247/114/49 420/113/49 1246/112/49
f 444/117/50 1242/116/50 443/115/50
f 433/120/51 432/119/51 431/118/51
f 434/123/52 435/122/52 441/121/52
f 456/126/53 457/125/53 453/124/53
f 471/129/54 496/128/54 470/127/54
f 495/130/55 471/129/55 470/127/55
f 458/132/56 522/131/56 457/125/56
f 151/134/58 152/133/58 148/26/57
f 494/137/59 1243/136/59 476/135/59
f 1243/136/60 494/137/60 495/130/60
f 496/128/61 471/129/61 495/130/61
f 493/139/62 466/138/62 496/128/62
f 482/142/63 491/141/63 488/140/63
f 484/145/64 480/144/64 483/143/64
f 538/148/65 532/147/65 531/146/65
f 1245/151/66 536/150/66 534/149/66
f 574/154/67 577/153/67 578/152/67
f 575/157/68 584/156/68 585/155/68
f 611/160/69 600/159/69 601/158/69
f 1248/161/70 611/160/70 601/158/70
f 600/159/71 613/163/71 603/162/71
f 613/163/72 1249/164/72 603/162/72
f 629/167/73 1253/166/73 1252/165/73
f 1025/170/74 610/169/74 1024/168/74
f 609/173/75 654/172/75 655/171/75
f 657/176/77 1279/175/76 656/174/76
f 617/179/78 1026/178/78 753/177/78
f 614/182/79 615/181/79 607/180/79
f 145/185/80 143/184/80 142/183/80
f 616/187/81 617/179/81 754/186/81
f 616/187/82 965/188/82 615/181/82
f 965/188/83 966/190/83 608/189/83
f 651/193/84 648/192/84 647/191/84
f 668/196/85 667/195/85 672/194/85
f 1254/199/86 652/198/86 729/197/86
f 691/202/87 670/201/87 671/200/87
f 804/205/88 1256/204/88 803/203/88
f 1255/208/89 1250/207/89 802/206/89
f 136/210/91 130/37/91 133/209/90
f 1250/207/92 1255/208/92 804/205/92
f 782/211/93 1256/204/93 804/205/93
f 782/211/94 780/212/94 1256/204/94
f 781/214/95 767/213/95 1255/208/95
f 842/217/96 812/216/96 1099/215/96
f 1128/220/97 843/219/97 840/218/97
f 794/223/98 790/222/98 793/221/98
f 128/225/99 129/41/99 127/224/99
f 128/225/100 127/224/100 126/226/100
f 800/229/101 797/228/101 788/227/101
f 832/232/102 823/231/102 826/230/102
f 825/235/103 828/234/103 829/233/103
f 108/238/105 104/237/105 105/236/104
f 948/241/106 947/240/106 950/239/106
f 952/244/107 949/243/107 951/242/107
f 1170/247/108 895/246/108 896/245/108
f 910/250/109 909/249/109 913/248/109
f 894/251/110 895/246/110 1170/247/110
f 94/254/112 95/253/112 93/252/111
f 921/256/113 922/255/113 909/249/113
f 923/259/114 920/258/114 915/257/114
f 920/258/115 912/261/115 911/260/115
f 78/264/116 80/263/117 83/262/116
f 960/267/118 961/266/118 953/265/118
f 959/269/119 946/268/119 949/243/119
f 1257/272/120 979/271/120 976/270/120
f 1259/275/121 998/274/121 974/273/121
f 1014/278/122 1013/277/122 1017/276/122
f 1059/281/123 1039/280/123 1040/279/123
f 1012/283/124 1020/282/124 1013/277/124
f 1095/286/125 1092/285/125 1069/284/125
f 1035/288/126 1058/287/126 1059/281/126
f 1261/291/127 1260/290/127 1067/289/127
f 1140/294/128 1262/293/128 1145/292/128
f 1146/297/129 1147/296/129 1141/295/129
f 1092/285/130 1071/299/130 1070/298/130
f 999/301/131 1257/272/131 978/300/131
f 1258/304/132 865/303/132 876/302/132
f 876/302/133 865/303/133 862/305/133
f 1143/307/134 1262/293/134 1139/306/134
f 1142/309/135 1138/308/135 1141/295/135
f 1251/312/136 633/311/136 630/310/136
f 1158/315/137 1157/314/137 1165/313/137
f 1155/318/138 1159/317/138 1160/316/138
f 420/113/139 1246/112/139 419/319/139
f 536/150/140 542/321/140 1244/320/140
f 443/115/141 1241/323/141 418/322/141
f 1190/326/142 1180/325/142 1179/324/142
f 1191/329/143 1185/328/143 1186/327/143
f 1242/116/144 1241/323/144 443/115/144
f 403/330/145 1238/103/145 408/105/145
f 1236/91/146 344/331/146 338/94/146
f 1234/9/147 1233/20/147 588/8/147
f 148/26/148 152/133/148 165/25/148
f 165/25/149 152/133/149 146/5/149
f 338/94/150 344/331/150 1237/99/150
f 495/130/151 471/129/151 1243/136/151
f 600/159/152 611/160/152 613/163/152
f 1241/323/153 418/322/153 421/332/153
f 1248/161/154 599/333/154 1249/164/154
f 730/336/155 731/335/155 649/334/155
f 1235/15/156 411/14/156 1233/20/156
f 782/211/157 1256/204/157 767/213/157
f 1239/338/158 409/337/158 404/107/158
f 978/300/159 1257/272/159 1259/275/159
f 1261/291/160 1260/290/160 1093/339/160
f 1245/151/161 542/321/161 536/150/161
f 1140/294/162 1262/293/162 1143/307/162
f 193/342/164 197/341/163 196/340/163
f 202/345/165 205/344/165 204/343/165
f 202/345/166 203/347/166 206/346/166
f 215/350/169 216/349/168 213/348/167
f 228/353/171 229/352/170 227/351/170
f 233/356/172 234/355/173 237/354/172
f 250/359/174 247/358/175 249/357/174
f 263/362/176 259/361/176 260/360/176
f 262/364/178 261/363/178 263/362/177
f 268/367/179 266/366/179 265/365/179
f 268/367/180 267/68/180 266/366/180
f 268/367/181 264/67/181 267/68/181
f 273/370/182 269/369/182 272/368/182
f 312/372/183 309/81/183 308/371/183
f 312/372/184 310/373/184 309/81/184
f 317/375/185 314/86/185 313/374/185
f 317/375/186 316/376/186 315/85/186
f 317/375/187 313/374/187 316/376/187
f 323/379/190 324/378/189 322/377/188
f 323/379/193 326/381/192 329/380/191
f 337/382/194 335/98/194 334/89/194
f 337/382/195 338/94/195 335/98/195
f 337/382/196 334/89/196 336/93/196
f 341/383/199 344/331/198 1236/91/197
f 344/331/198 341/383/199 343/384/200
f 355/387/202 357/386/201 354/385/201
f 367/390/204 360/389/204 363/388/203
f 367/390/206 364/392/206 366/391/205
f 379/395/207 376/394/208 378/393/207
f 389/398/209 388/397/209 387/396/209
f 389/398/210 385/399/210 388/397/210
f 398/402/211 395/401/212 397/400/211
f 406/403/213 404/107/213 403/330/213
f 406/403/214 407/106/214 404/107/214
f 410/404/215 1239/338/215 408/105/215
f 410/404/216 409/337/216 1239/338/216
f 426/407/218 427/406/218 423/405/217
f 437/409/219 433/120/219 436/408/219
f 442/412/220 440/411/220 439/410/220
f 442/412/221 441/121/221 440/411/221
f 445/415/222 447/414/223 450/413/222
f 462/418/225 463/417/225 459/416/224
f 473/419/228 1243/136/227 471/129/226
f 473/419/231 472/421/230 475/420/229
f 474/422/232 1243/136/227 473/419/228
f 1243/136/227 474/422/232 478/423/233
f 477/424/235 478/423/234 475/420/229
f 487/426/236 485/425/236 484/145/236
f 487/426/237 486/427/237 485/425/237
f 488/140/238 491/141/238 492/428/238
f 497/431/241 499/430/240 503/429/239
f 501/433/244 497/431/243 500/432/242
f 503/429/247 502/435/246 506/434/245
f 500/432/249 503/429/239 511/436/248
f 504/438/251 505/437/250 500/432/242
f 511/436/253 506/434/245 510/439/252
f 508/441/255 504/438/251 507/440/254
f 509/442/258 510/439/257 508/441/256
f 520/445/259 517/444/259 516/443/259
f 529/448/260 525/447/261 528/446/260
f 528/446/264 526/450/263 527/449/262
f 538/148/265 534/149/265 537/451/265
f 542/321/266 1245/151/267 541/452/266
f 555/455/269 553/454/269 554/453/268
f 554/453/271 556/457/270 552/456/270
f 562/460/273 558/459/273 559/458/272
f 571/463/275 572/462/275 568/461/274
f 582/465/276 579/464/276 578/152/276
f 582/465/277 580/466/277 579/464/277
f 582/465/278 578/152/278 581/467/278
f 587/469/279 584/156/279 583/468/279
f 587/469/280 585/155/280 584/156/280
f 587/469/281 586/470/281 585/155/281
f 594/473/282 590/472/283 593/471/282
f 600/159/284 603/162/285 606/474/284
f 613/163/286 611/160/286 612/475/286
f 623/478/288 618/477/288 620/476/287
f 632/481/289 628/480/289 631/479/289
f 634/484/292 636/483/291 640/482/290
f 640/482/295 638/486/294 641/485/293
f 639/488/297 640/482/290 644/487/296
f 643/489/299 644/487/298 641/485/293
f 653/491/300 651/193/300 650/490/300
f 662/494/303 665/493/302 659/492/301
f 660/497/306 663/496/305 658/495/304
f 663/496/305 660/497/306 661/498/307
f 665/493/302 662/494/303 664/499/308
f 675/502/310 676/501/310 674/500/309
f 689/505/312 683/504/312 687/503/311
f 688/507/314 683/504/314 686/506/313
f 697/510/315 694/509/316 696/508/315
f 706/513/319 707/512/318 710/511/317
f 709/515/322 710/511/321 708/514/320
f 706/513/319 710/511/317 712/516/323
f 712/516/326 711/518/325 714/517/324
f 706/513/319 712/516/323 715/519/327
f 726/522/329 727/521/328 725/520/328
f 728/523/331 727/521/331 726/522/330
f 737/526/334 732/525/333 733/524/332
f 738/529/337 735/528/336 734/527/335
f 736/530/338 737/526/334 733/524/332
f 750/533/340 749/532/340 752/531/339
f 752/531/342 751/535/341 748/534/341
f 787/538/343 784/537/344 786/536/343
f 796/539/345 794/223/345 793/221/345
f 796/539/346 795/540/346 794/223/346
f 796/539/347 792/541/347 795/540/347
f 801/544/348 799/543/348 798/542/348
f 801/544/349 797/228/349 800/229/349
f 808/547/351 807/546/350 806/545/350
f 813/550/354 815/549/353 817/548/352
f 818/551/355 813/550/354 817/548/352
f 813/550/354 818/551/355 822/552/356
f 822/552/359 819/554/358 821/553/357
f 831/556/360 829/233/360 830/555/360
f 837/558/362 832/232/362 836/557/361
f 838/559/364 837/558/364 836/557/363
f 836/557/366 839/560/365 838/559/365
f 844/563/369 847/562/368 852/561/367
f 851/566/372 850/565/371 848/564/370
f 852/561/375 850/565/374 855/567/373
f 854/568/377 855/567/376 851/566/372
f 865/303/378 1258/304/379 864/569/378
f 875/572/380 874/571/380 873/570/380
f 875/572/381 871/573/381 874/571/381
f 880/576/382 879/575/382 878/574/382
f 880/576/383 876/302/383 879/575/383
f 897/579/386 899/578/385 903/577/384
f 904/582/389 901/581/388 900/580/387
f 902/583/392 904/582/391 897/579/390
f 903/577/395 901/581/394 905/584/393
f 902/583/397 903/577/384 908/585/396
f 908/585/399 905/584/393 907/586/398
f 917/589/401 914/588/401 918/587/400
f 919/591/403 913/248/403 916/590/402
f 919/591/405 917/589/405 918/587/404
f 924/594/407 925/593/407 928/592/406
f 927/596/409 926/595/409 928/592/408
f 943/599/410 933/598/410 936/597/410
f 938/600/413 943/599/412 936/597/411
f 940/603/416 937/602/415 939/601/414
f 938/600/419 940/603/418 942/604/417
f 943/599/412 938/600/413 941/605/420
f 945/606/422 941/605/421 942/604/417
f 950/239/425 953/265/424 955/607/423
f 957/609/426 950/239/427 954/608/426
f 954/608/429 955/607/423 958/610/428
f 958/610/430 957/609/426 954/608/426
f 963/611/431 961/266/431 960/267/431
f 964/612/433 961/266/433 963/611/432
f 959/269/434 962/613/435 964/612/434
f 972/616/437 967/615/437 969/614/436
f 987/619/440 981/618/439 983/617/438
f 987/619/440 983/617/438 985/620/441
f 985/620/444 982/622/443 984/621/442
f 987/619/440 985/620/441 986/623/445
f 997/626/446 994/625/446 993/624/446
f 1001/629/449 1007/628/448 1000/627/447
f 1004/632/452 1009/631/451 1002/630/450
f 1007/628/448 1001/629/449 1003/633/453
f 1005/634/454 1009/631/451 1004/632/452
f 1008/635/455 1009/631/451 1005/634/454
f 1007/628/448 1003/633/453 1006/636/456
f 1018/639/457 1016/638/457 1015/637/457
f 1018/639/458 1017/276/458 1016/638/458
f 1014/278/459 1017/276/459 1018/639/459
f 1023/641/460 1020/282/460 1019/640/460
f 1023/641/461 1021/642/461 1020/282/461
f 1027/645/464 1029/644/463 1030/643/462
f 1027/645/464 1030/643/462 1034/646/465
f 1033/648/468 1034/646/467 1031/647/466
f 1046/651/469 1043/650/470 1044/649/469
f 1047/654/473 1048/653/472 1045/652/471
f 1057/657/474 1053/656/474 1055/655/474
f 1055/655/475 1053/656/475 1054/658/475
f 1065/661/476 1062/660/477 1064/659/476
f 1072/664/478 1073/663/478 1076/662/478
f 1074/666/481 1078/665/480 1072/664/479
f 1078/665/480 1074/666/481 1077/667/482
f 1090/670/484 1088/669/484 1087/668/483
f 1089/672/485 1085/671/485 1088/669/485
f 1096/673/486 1093/339/486 1092/285/486
f 1096/673/487 1092/285/487 1095/286/487
f 1102/676/490 1101/675/489 1104/674/488
f 1106/678/493 1100/677/492 1102/676/491
f 1106/678/495 1104/674/488 1107/679/494
f 1108/681/497 1105/680/496 1106/678/493
f 1110/683/499 1105/680/499 1109/682/498
f 1119/686/501 1115/685/501 1118/684/500
f 1126/689/503 1123/688/503 1122/687/502
f 1126/689/505 1125/691/505 1124/690/504
f 1129/694/508 1131/693/507 1135/692/506
f 1132/696/511 1133/695/510 1129/694/509
f 1144/697/512 1142/309/512 1141/295/512
f 1144/697/513 1140/294/513 1143/307/513
f 1151/700/516 1148/699/515 1150/698/514
f 1153/703/519 1154/702/518 1149/701/517
f 1153/703/520 1151/700/521 1152/704/520
f 1163/706/522 1159/317/522 1162/705/522
f 1168/709/523 1164/708/523 1167/707/523
f 1178/712/526 1173/711/525 1174/710/524
f 1178/712/526 1174/710/524 1177/713/527
f 1177/713/530 1175/715/529 1176/714/528
f 1187/718/532 1184/717/532 1188/716/531
f 1187/718/534 1186/327/534 1185/328/533
f 1188/716/535 1183/719/535 1186/327/535
f 1194/722/537 1195/721/536 1193/720/536
f 1196/723/538 1195/721/538 1194/722/538
f 1197/724/540 1196/723/540 1194/722/539
f 1200/727/541 1203/726/541 1205/725/541
f 1208/728/542 1200/727/542 1205/725/542
f 1208/728/545 1206/730/544 1207/729/543
f 1200/727/548 1208/728/547 1210/731/546
f 1210/731/551 1209/733/550 1213/732/549
f 1211/734/552 1200/727/548 1210/731/546
f 1200/727/548 1211/734/552 1214/735/553
f 1224/738/554 1222/737/554 1221/736/554
f 73/741/556 1231/740/555 1230/739/555
f 1229/742/558 1231/740/558 73/741/557
f 612/475/559 611/160/559 1248/161/559
f 612/475/560 1248/161/560 1249/164/560
f 195/746/562 194/745/562 191/744/561 192/743/561
f 193/342/563 16/748/563 13/747/563 197/341/563
f 191/744/565 194/745/564 197/341/564
f 192/743/566 15/749/566 16/748/566 193/342/566
f 192/743/567 191/744/567 14/750/567 15/749/567
f 191/744/568 197/341/568 13/747/568 14/750/568
f 190/47/569 184/19/570 185/751/570 187/45/569
f 190/47/571 189/35/571 186/18/571 184/19/571
f 188/33/572 182/752/572 186/18/572 189/35/572
f 187/45/573 185/751/574 182/752/574 188/33/573
f 184/19/570 181/57/575 178/58/575 185/751/570
f 183/17/576 186/18/577 182/752/576
f 184/19/8 183/17/8 180/753/578 181/57/578
f 183/17/576 182/752/576 179/754/579 180/753/579
f 185/751/574 178/58/580 179/754/580 182/752/574
f 1233/20/581 176/42/581 174/43/581 1235/15/581
f 1234/9/582 175/755/582 176/42/582 1233/20/582
f 177/16/583 171/756/583 175/755/583 1234/9/583
f 177/16/585 1235/15/585 174/43/584 171/756/584
f 176/42/587 175/755/587 172/757/586 173/44/586
f 173/44/21 170/49/588 167/46/588 174/43/21
f 171/756/590 172/757/590 175/755/589
f 173/44/586 172/757/586 169/48/591 170/49/591
f 171/756/590 168/53/592 169/48/592 172/757/590
f 171/756/584 174/43/584 167/46/593 168/53/593
f 12/761/594 160/760/594 157/759/594 9/758/594
f 166/27/595 163/65/595 162/31/595
f 161/111/596 157/759/596 160/760/596
f 161/111/597 160/760/597 159/110/597
f 161/111/598 158/109/598 157/759/598
f 11/762/599 159/110/599 160/760/599 12/761/599
f 11/762/600 10/763/600 158/109/600 159/110/600
f 10/763/601 9/758/601 157/759/601 158/109/601
f 153/765/602 156/764/602 12/761/602 9/758/602
f 156/764/603 155/766/603 11/762/603 12/761/603
f 154/767/604 10/763/604 11/762/604 155/766/604
f 153/765/605 9/758/605 10/763/605 154/767/605
f 149/768/607 152/133/607 156/764/606 153/765/606
f 152/133/58 151/134/58 155/766/608 156/764/608
f 151/134/610 150/769/610 154/767/609 155/766/609
f 149/768/611 153/765/612 154/767/612 150/769/611
f 148/26/613 147/7/613 150/769/610 151/134/610
f 149/768/607 146/5/614 152/133/607
f 146/5/615 149/768/611 150/769/611 147/7/615
f 8/773/616 144/772/616 141/771/616 5/770/616
f 145/185/617 141/771/617 144/772/617
f 145/185/618 144/772/618 143/184/618
f 145/185/619 142/183/619 141/771/619
f 7/774/620 143/184/620 144/772/620 8/773/620
f 7/774/621 6/775/621 142/183/621 143/184/621
f 6/775/622 5/770/622 141/771/622 142/183/622
f 137/777/623 140/776/623 8/773/623 5/770/623
f 140/776/624 139/778/624 7/774/624 8/773/624
f 138/779/625 6/775/625 7/774/625 139/778/625
f 137/777/626 5/770/626 6/775/626 138/779/626
f 130/37/91 136/210/91 140/776/627 137/777/627
f 135/780/628 139/778/629 140/776/629 136/210/628
f 134/781/630 138/779/631 139/778/631 135/780/630
f 130/37/632 137/777/633 138/779/633 134/781/632
f 133/209/634 132/39/634 135/780/628 136/210/628
f 132/39/635 131/782/635 134/781/630 135/780/630
f 120/784/636 124/38/637 121/36/637 117/783/636
f 130/37/632 134/781/632 131/782/638
f 128/225/639 125/40/639 129/41/639
f 128/225/640 126/226/640 125/40/640
f 120/784/642 119/786/642 123/785/641 124/38/641
f 118/788/643 122/787/644 123/785/644 119/786/643
f 117/783/645 121/36/646 122/787/646 118/788/645
f 116/790/647 120/784/636 117/783/636 113/789/647
f 116/790/648 115/791/648 119/786/642 120/784/642
f 115/791/649 114/792/649 118/788/643 119/786/643
f 114/792/650 113/789/650 117/783/645 118/788/645
f 4/794/651 116/790/651 113/789/651 1/793/651
f 3/795/652 115/791/652 116/790/652 4/794/652
f 3/795/653 2/796/653 114/792/653 115/791/653
f 2/796/654 1/793/654 113/789/654 114/792/654
f 109/798/655 112/797/655 4/794/655 1/793/655
f 112/797/656 111/799/656 3/795/656 4/794/656
f 110/800/657 2/796/657 3/795/657 111/799/657
f 109/798/658 1/793/658 2/796/658 110/800/658
f 108/238/105 112/797/659 109/798/659 104/237/105
f 107/801/660 111/799/661 112/797/661 108/238/660
f 107/801/663 106/802/663 110/800/662 111/799/662
f 106/802/665 104/237/665 109/798/664 110/800/664
f 89/24/666 105/236/666 104/237/666 101/23/666
f 108/238/660 105/236/667 107/801/660
f 103/29/668 107/801/668 105/236/668 89/24/668
f 103/29/669 102/803/669 106/802/663 107/801/663
f 102/803/670 101/23/670 104/237/665 106/802/665
f 96/806/671 100/805/672 97/32/672 92/804/671
f 95/253/673 99/807/674 100/805/674 96/806/673
f 94/254/112 98/6/675 99/807/675 95/253/112
f 92/804/676 97/32/677 98/6/677 94/254/676
f 91/808/678 96/806/671 92/804/671 88/22/678
f 92/804/676 94/254/676 93/252/679
f 90/30/680 95/253/673 96/806/673 91/808/680
f 89/24/681 93/252/681 95/253/681 90/30/681
f 88/22/682 92/804/682 93/252/682 89/24/682
f 83/262/116 87/810/683 84/809/683 78/264/116
f 82/812/684 86/811/685 87/810/685 83/262/684
f 81/814/686 85/813/687 86/811/687 82/812/686
f 81/814/688 78/264/688 84/809/688 85/813/688
f 79/815/689 82/812/684 83/262/684 80/263/689
f 74/2/690 77/3/690 80/263/690 78/264/690
f 81/814/686 82/812/686 79/815/691
f 76/816/692 79/815/692 80/263/692 77/3/692
f 75/817/693 81/814/693 79/815/693 76/816/693
f 74/2/694 78/264/694 81/814/694 75/817/694
f 1071/299/695 1092/285/695 1093/339/695 1260/290/695
f 652/198/696 649/334/696 731/335/696 1254/199/696
f 804/205/697 1250/207/697 1256/204/697
f 629/167/698 630/310/698 633/311/698 1253/166/698
f 286/72/699 282/819/699 281/818/699 359/74/699
f 403/330/700 404/107/700 409/337/700 1238/103/700
f 1276/822/701 596/821/701 601/158/701 1277/820/701
f 598/825/702 597/824/702 602/823/702 603/162/702
f 1283/827/703 75/817/703 76/816/703 1275/826/703
f 1240/13/704 411/14/704 1265/829/704 1268/828/704
f 100/805/705 99/807/705 148/26/705 166/27/705
f 297/833/706 318/832/706 293/831/706 292/830/706
f 284/75/707 358/835/707 280/834/707 283/77/707
f 598/825/708 603/162/708 1249/164/708 599/333/708
f 1283/827/709 1240/13/709 1268/828/709 1285/836/709
f 294/78/710 320/79/710 299/71/710 295/69/710
f 359/74/711 281/818/711 280/834/711 358/835/711
f 1247/114/712 417/838/712 1242/116/712 557/837/712
f 596/821/713 599/333/713 1248/161/713 601/158/713
f 146/5/714 98/6/714 97/32/714 164/28/714
f 765/840/715 764/839/715 1255/208/715 802/206/715
f 417/838/716 1247/114/716 1246/112/716 418/322/716
f 392/96/717 390/842/717 368/841/717 371/102/717
f 451/845/718 454/844/718 522/131/718 521/843/718
f 147/7/719 148/26/719 99/807/719 98/6/719
f 85/813/720 84/809/720 101/23/720 102/803/720
f 86/811/721 85/813/721 102/803/721 103/29/721
f 287/76/722 283/77/722 282/819/722 286/72/722
f 452/847/723 451/845/723 521/843/723 455/846/723
f 390/842/724 391/849/724 369/848/724 368/841/724
f 1278/851/725 608/189/725 966/190/725 1280/850/725
f 581/467/726 576/852/726 575/157/726 585/155/726
f 438/854/727 429/853/727 434/123/727 441/121/727
f 615/181/728 965/188/728 608/189/728 607/180/728
f 132/39/729 125/40/729 122/787/729 131/782/729
f 1256/204/730 780/212/730 766/855/730 803/203/730
f 86/811/731 103/29/731 90/30/731 91/808/731
f 764/839/732 763/856/732 781/214/732 1255/208/732
f 293/831/733 318/832/733 319/80/733 294/78/733
f 305/83/734 309/81/734 310/373/734 316/376/734
f 162/31/735 97/32/735 100/805/735 166/27/735
f 1238/103/736 399/104/736 402/858/736 405/857/736
f 439/410/737 440/411/737 431/118/737 430/859/737
f 438/854/738 439/410/738 430/859/738 429/853/738
f 298/861/739 321/860/739 318/832/739 297/833/739
f 610/169/740 609/173/740 655/171/740 1024/168/740
f 1025/170/741 614/182/741 607/180/741 610/169/741
f 84/809/742 87/810/742 88/22/742 101/23/742
f 401/108/743 400/862/743 1239/338/743 404/107/743
f 292/830/744 295/69/744 296/70/744 297/833/744
f 124/38/745 127/224/745 133/209/745 130/37/745
f 320/79/746 321/860/746 298/861/746 299/71/746
f 803/203/747 766/855/747 765/840/747 802/206/747
f 405/857/748 402/858/748 401/108/748 407/106/748
f 370/101/749 369/848/749 391/849/749 372/97/749
f 431/118/750 440/411/750 436/408/750 433/120/750
f 574/154/751 583/468/751 584/156/751 575/157/751
f 1015/637/752 1019/640/752 1011/864/752 1010/863/752
f 131/782/753 122/787/753 121/36/753 130/37/753
f 454/844/754 453/124/754 457/125/754 522/131/754
f 1024/168/755 655/171/755 656/174/755 753/177/755
f 627/866/756 628/480/756 1253/166/756 624/865/756
f 199/59/757 210/61/757 207/867/757 178/58/757
f 1251/312/758 630/310/758 631/479/758 626/868/758
f 1239/338/759 400/862/759 399/104/759 408/105/759
f 667/195/760 691/202/760 671/200/760 672/194/760
f 574/154/761 578/152/761 579/464/761 583/468/761
f 252/869/762 255/66/762 264/67/762 269/369/762
f 1279/175/763 1280/850/763 966/190/763 754/186/763
f 124/38/764 123/785/764 126/226/764 127/224/764
f 625/870/765 1252/165/765 1251/312/765 626/868/765
f 125/40/766 126/226/766 123/785/766 122/787/766
f 332/871/767 331/90/767 1236/91/767 336/93/767
f 254/63/768 270/64/768 271/872/768 266/366/768
f 535/874/769 536/150/769 1244/320/769 533/873/769
f 624/865/770 1253/166/770 1252/165/770 625/870/770
f 179/754/771 178/58/771 207/867/771 208/875/771
f 976/270/772 975/876/772 999/301/772 1257/272/772
f 258/51/773 240/879/773 239/878/773 257/877/773
f 469/880/774 470/127/774 496/128/774 466/138/774
f 650/490/775 646/881/775 730/336/775 649/334/775
f 307/882/776 314/86/776 311/84/776 308/371/776
f 975/876/777 974/273/777 998/274/777 999/301/777
f 180/753/778 179/754/778 208/875/778 209/883/778
f 780/212/779 781/214/779 763/856/779 766/855/779
f 257/877/780 239/878/780 238/884/780 256/55/780
f 976/270/781 979/271/781 977/886/781 973/885/781
f 1259/275/782 974/273/782 973/885/782 977/886/782
f 1040/279/783 1041/889/783 1037/888/783 1036/887/783
f 452/847/784 455/846/784 456/126/784 453/124/784
f 434/123/785 429/853/785 432/119/785 433/120/785
f 87/810/786 86/811/786 91/808/786 88/22/786
f 581/467/787 578/152/787 577/153/787 576/852/787
f 791/890/788 795/540/788 800/229/788 788/227/788
f 1069/284/789 1092/285/789 1070/298/789 1066/891/789
f 1059/281/790 1040/279/790 1036/887/790 1035/288/790
f 1156/892/791 1155/318/791 1160/316/791 1164/708/791
f 1026/178/792 617/179/792 614/182/792 1025/170/792
f 1121/895/793 1114/894/793 1111/893/793 1110/683/793
f 254/63/794 266/366/794 267/68/794 255/66/794
f 776/897/795 1128/220/795 840/218/795 777/896/795
f 531/146/796 1245/151/796 534/149/796 538/148/796
f 1112/899/797 1115/685/797 1116/898/797 1123/688/797
f 1041/889/798 1042/901/798 1038/900/798 1037/888/798
f 1013/277/799 1020/282/799 1021/642/799 1017/276/799
f 304/82/800 307/882/800 308/371/800 309/81/800
f 828/234/801 825/235/801 824/903/801 833/902/801
f 651/193/802 652/198/802 1254/199/802 648/192/802
f 793/221/803 790/222/803 789/904/803 798/542/803
f 238/884/804 241/905/804 242/56/804 256/55/804
f 330/88/805 334/89/805 335/98/805 1237/99/805
f 489/907/806 483/143/806 480/144/806 479/906/806
f 392/96/807 371/102/807 373/100/807 374/95/807
f 253/62/808 252/869/808 269/369/808 270/64/808
f 1058/287/809 1035/288/809 1038/900/809 1060/908/809
f 132/39/810 133/209/810 127/224/810 129/41/810
f 627/866/811 626/868/811 631/479/811 628/480/811
f 1066/891/812 1070/298/812 1261/291/812 1067/289/812
f 1068/910/813 1067/289/813 1260/290/813 1094/909/813
f 530/912/814 533/873/814 1244/320/814 539/911/814
f 167/46/815 188/33/815 230/34/815 168/53/815
f 668/196/816 672/194/816 673/914/816 669/913/816
f 468/916/817 467/915/817 494/137/817 476/135/817
f 833/902/818 824/903/818 823/231/818 832/232/818
f 835/917/819 832/232/819 826/230/819 831/556/819
f 666/919/820 690/918/820 691/202/820 667/195/820
f 467/915/821 466/138/821 493/139/821 494/137/821
f 1146/297/822 1141/295/822 1138/308/822 1137/920/822
f 809/924/823 810/923/823 779/922/823 778/921/823
f 776/897/824 779/922/824 1127/925/824 1128/220/824
f 647/191/825 646/881/825 650/490/825 651/193/825
f 1246/112/826 420/113/826 421/332/826 418/322/826
f 491/141/827 482/142/827 481/926/827 485/425/827
f 645/927/828 729/197/828 730/336/828 646/881/828
f 444/117/829 419/319/829 557/837/829 1242/116/829
f 1109/682/830 1120/928/830 1121/895/830 1110/683/830
f 330/88/831 1237/99/831 339/92/831 331/90/831
f 777/896/832 840/218/832 841/930/832 1097/929/832
f 1109/682/833 1112/899/833 1123/688/833 1120/928/833
f 669/913/834 692/931/834 690/918/834 666/919/834
f 440/411/835 441/121/835 435/122/835 436/408/835
f 860/933/836 859/932/836 878/574/836 879/575/836
f 877/935/837 878/574/837 859/932/837 858/934/837
f 306/936/838 313/374/838 314/86/838 307/882/838
f 648/192/839 1254/199/839 729/197/839 645/927/839
f 531/146/840 530/912/840 539/911/840 1245/151/840
f 789/904/841 788/227/841 797/228/841 798/542/841
f 826/230/842 825/235/842 829/233/842 831/556/842
f 1097/929/843 1098/937/843 778/921/843 777/896/843
f 794/223/844 795/540/844 791/890/844 790/222/844
f 470/127/845 469/880/845 468/916/845 476/135/845
f 245/938/846 242/56/846 241/905/846 240/879/846
f 180/753/847 209/883/847 201/940/847 198/939/847
f 1166/941/848 1162/705/848 1158/315/848 1165/313/848
f 1146/297/849 1137/920/849 1136/942/849 1145/292/849
f 244/52/850 245/938/850 240/879/850 258/51/850
f 535/874/851 533/873/851 532/147/851 538/148/851
f 1145/292/852 1136/942/852 1139/306/852 1262/293/852
f 1139/306/853 1138/308/853 1142/309/853 1143/307/853
f 316/376/854 313/374/854 306/936/854 305/83/854
f 1169/944/855 892/943/855 894/251/855 1170/247/855
f 1158/315/856 1162/705/856 1159/317/856 1155/318/856
f 310/373/857 311/84/857 315/85/857 316/376/857
f 1015/637/858 1010/863/858 1013/277/858 1014/278/858
f 336/93/859 334/89/859 333/87/859 332/871/859
f 209/883/860 210/61/860 200/60/860 201/940/860
f 877/935/861 858/934/861 1258/304/861 876/302/861
f 1253/166/862 628/480/862 629/167/862
f 190/47/863 169/48/863 232/945/863 189/35/863
f 1098/937/864 812/216/864 809/924/864 778/921/864
f 1068/910/865 1094/909/865 1095/286/865 1069/284/865
f 579/464/866 580/466/866 586/470/866 583/468/866
f 889/947/867 892/943/867 1169/944/867 929/946/867
f 930/949/868 890/948/868 889/947/868 929/946/868
f 169/48/869 168/53/869 231/54/869 232/945/869
f 1019/640/870 1020/282/870 1012/283/870 1011/864/870
f 1238/103/871 405/857/871 403/330/871
f 1140/294/872 1141/295/872 1147/296/872 1262/293/872
f 890/948/873 1198/952/873 1199/951/873 891/950/873
f 947/240/874 960/267/874 953/265/874 950/239/874
f 1016/638/875 1017/276/875 1021/642/875 1022/953/875
f 861/955/876 857/954/876 860/933/876 862/305/876
f 810/923/877 811/956/877 1127/925/877 779/922/877
f 1258/304/878 858/934/878 857/954/878 861/955/878
f 1180/325/879 1190/326/879 1191/329/879 1186/327/879
f 1164/708/880 1165/313/880 1157/314/880 1156/892/880
f 909/249/881 922/255/881 916/590/881 913/248/881
f 585/155/882 586/470/882 580/466/882 581/467/882
f 489/907/883 479/906/883 482/142/883 488/140/883
f 198/939/884 199/59/884 181/57/884 180/753/884
f 949/243/885 952/244/885 962/613/885 959/269/885
f 673/914/886 670/201/886 692/931/886 669/913/886
f 1042/901/887 1039/280/887 1060/908/887 1038/900/887
f 1116/898/888 1113/957/888 1122/687/888 1123/688/888
f 187/45/889 167/46/889 170/49/889 190/47/889
f 891/950/890 893/958/890 894/251/890 892/943/890
f 481/926/891 480/144/891 484/145/891 485/425/891
f 915/257/892 920/258/892 911/260/892 914/588/892
f 1015/637/893 1016/638/893 1022/953/893 1019/640/893
f 271/872/894 272/368/894 265/365/894 266/366/894
f 1122/687/895 1113/957/895 1114/894/895 1121/895/895
f 1182/961/896 1184/717/896 1192/960/896 1189/959/896
f 841/930/897 842/217/897 1099/215/897 1097/929/897
f 1215/964/898 1221/736/898 1228/963/898 1225/962/898
f 1226/968/899 1219/967/899 1217/966/899 1216/965/899
f 490/969/900 491/141/900 485/425/900 486/427/900
f 1111/893/901 1114/894/901 1115/685/901 1112/899/901
f 1093/339/902 1094/909/902 1260/290/902
f 932/971/903 1170/247/903 896/245/903 931/970/903
f 264/67/904 265/365/904 272/368/904 269/369/904
f 827/973/905 834/972/905 835/917/905 831/556/905
f 1166/941/906 1167/707/906 1161/974/906 1162/705/906
f 489/907/907 490/969/907 486/427/907 483/143/907
f 1181/975/908 1183/719/908 1184/717/908 1182/961/908
f 1181/975/909 1180/325/909 1186/327/909 1183/719/909
f 951/242/910 949/243/910 948/241/910 950/239/910
f 792/541/911 799/543/911 800/229/911 795/540/911
f 793/221/912 798/542/912 799/543/912 792/541/912
f 930/949/913 931/970/913 1198/952/913 890/948/913
f 960/267/914 947/240/914 946/268/914 959/269/914
f 862/305/915 860/933/915 879/575/915 876/302/915
f 978/300/916 979/271/916 1257/272/916
f 827/973/917 828/234/917 833/902/917 834/972/917
f 1217/966/918 1219/967/918 1220/977/918 1218/976/918
f 953/265/919 961/266/919 962/613/919 952/244/919
f 914/588/920 911/260/920 910/250/920 913/248/920
f 1218/976/921 1220/977/921 1221/736/921 1215/964/921
f 912/261/922 920/258/922 921/256/922 909/249/922
f 1160/316/923 1161/974/923 1167/707/923 1164/708/923
f 1225/962/924 1226/968/924 1216/965/924 1215/964/924
f 1179/324/925 1182/961/925 1189/959/925 1190/326/925
f 1199/951/926 896/245/926 893/958/926 891/950/926
f 916/590/927 922/255/927 923/259/927 915/257/927
f 1185/328/928 1191/329/928 1192/960/928 1184/717/928
f 1228/963/929 1221/736/929 1222/737/929 1227/978/929
f 1227/978/930 1222/737/930 1219/967/930 1226/968/930
f 198/939/931 197/341/564 194/745/564 199/59/931
f 200/60/932 199/59/932 194/745/562 195/746/562
f 200/60/933 195/746/934 196/340/934 201/940/933
f 201/940/935 196/340/163 197/341/163 198/939/935
f 13/747/936 203/347/936 204/343/936 14/750/936
f 203/347/937 202/345/937 204/343/937
f 202/345/938 206/346/938 205/344/938
f 14/750/939 204/343/939 205/344/939 15/749/939
f 16/748/940 15/749/940 205/344/940 206/346/940
f 13/747/941 16/748/941 206/346/941 203/347/941
f 208/875/944 207/867/944 211/980/943 212/979/942
f 208/875/945 212/979/946 213/348/946 209/883/945
f 210/61/947 209/883/947 213/348/167 216/349/168
f 210/61/948 216/349/949 211/980/949 207/867/948
f 213/348/946 212/979/946 214/981/950 215/350/950
f 214/981/951 212/979/942 211/980/943
f 211/980/943 217/983/952 218/982/952 214/981/951
f 214/981/950 218/982/953 219/984/953 215/350/950
f 215/350/169 219/984/954 220/985/954 216/349/168
f 211/980/949 216/349/949 220/985/955 217/983/955
f 218/982/956 217/983/956 17/987/956 18/986/956
f 218/982/957 18/986/957 19/988/957 219/984/957
f 219/984/958 19/988/958 20/989/958 220/985/958
f 217/983/959 220/985/959 20/989/959 17/987/959
f 17/987/960 221/991/960 222/990/960 18/986/960
f 19/988/961 18/986/961 222/990/961 223/992/961
f 20/989/962 19/988/962 223/992/962 224/993/962
f 20/989/963 224/993/963 221/991/963 17/987/963
f 221/991/964 225/995/965 226/994/965 222/990/964
f 222/990/966 226/994/967 227/351/967 223/992/966
f 223/992/968 227/351/170 229/352/170 224/993/968
f 224/993/969 229/352/970 225/995/970 221/991/969
f 230/34/971 233/356/972 235/996/972 231/54/971
f 225/995/965 228/353/973 226/994/965
f 228/353/974 227/351/967 226/994/967
f 228/353/975 225/995/970 229/352/970
f 231/54/976 235/996/977 236/997/977 232/945/976
f 232/945/978 236/997/978 234/355/978 189/35/978
f 230/34/979 189/35/979 234/355/979 233/356/979
f 233/356/972 238/884/980 239/878/980 235/996/972
f 236/997/982 237/354/982 234/355/981
f 235/996/977 239/878/983 240/879/983 236/997/977
f 236/997/982 240/879/984 241/905/984 237/354/982
f 237/354/172 241/905/985 238/884/985 233/356/172
f 243/50/986 242/56/986 246/998/986 247/358/986
f 243/50/987 247/358/987 250/359/987 244/52/987
f 245/938/989 244/52/989 250/359/988 251/999/988
f 245/938/990 251/999/992 246/998/991 242/56/990
f 246/998/993 248/1000/994 249/357/994 247/358/993
f 248/1000/994 252/869/995 253/62/995 249/357/994
f 251/999/992 248/1000/996 246/998/991
f 250/359/174 249/357/174 253/62/997 254/63/997
f 250/359/988 254/63/998 255/66/998 251/999/988
f 251/999/992 255/66/999 252/869/999 248/1000/996
f 256/55/1000 259/361/1001 261/363/1001 257/877/1000
f 257/877/1002 261/363/178 262/364/178 258/51/1002
f 258/51/1003 262/364/1003 260/360/1003 243/50/1003
f 243/50/1004 260/360/1004 259/361/1004 256/55/1004
f 274/12/1005 276/1002/1005 277/1001/1005 275/1/1005
f 262/364/1006 263/362/1006 260/360/1006
f 259/361/1001 263/362/1007 261/363/1001
f 268/367/1008 265/365/1008 264/67/1008
f 273/370/1009 270/64/1009 269/369/1009
f 273/370/1010 271/872/1010 270/64/1010
f 273/370/1011 272/368/1011 271/872/1011
f 275/1/1012 277/1001/1012 278/1003/1012 77/3/1012
f 1234/9/1013 77/3/1013 278/1003/1013 279/1004/1013
f 274/12/1014 1234/9/1014 279/1004/1014 276/1002/1014
f 276/1002/1015 280/834/1015 281/818/1015 277/1001/1015
f 277/1001/1016 281/818/1016 282/819/1016 278/1003/1016
f 278/1003/1017 282/819/1017 283/77/1017 279/1004/1017
f 279/1004/1018 283/77/1018 280/834/1018 276/1002/1018
f 284/75/1019 288/1006/1019 289/1005/1019 285/73/1019
f 285/73/1020 289/1005/1020 290/1007/1020 286/72/1020
f 287/76/1022 286/72/1022 290/1007/1021 291/1008/1021
f 287/76/1023 291/1008/1023 288/1006/1023 284/75/1023
f 288/1006/1024 292/830/1024 293/831/1024 289/1005/1024
f 289/1005/1025 293/831/1025 294/78/1025 290/1007/1025
f 290/1007/1021 294/78/1026 295/69/1026 291/1008/1021
f 291/1008/1027 295/69/1027 292/830/1027 288/1006/1027
f 296/70/1028 300/1010/1029 301/1009/1029 297/833/1028
f 297/833/1030 301/1009/1031 302/1011/1031 298/861/1030
f 299/71/1033 298/861/1033 302/1011/1032 303/1012/1032
f 296/70/1035 299/71/1035 303/1012/1034 300/1010/1034
f 301/1009/1029 300/1010/1029 304/82/1036 305/83/1036
f 301/1009/1031 305/83/1037 306/936/1037 302/1011/1031
f 302/1011/1032 306/936/1038 307/882/1038 303/1012/1032
f 303/1012/1034 307/882/1039 304/82/1039 300/1010/1034
f 319/80/1040 318/832/1040 322/377/188 324/378/189
f 312/372/1041 311/84/1041 310/373/1041
f 312/372/1042 308/371/1042 311/84/1042
f 317/375/1043 315/85/1043 314/86/1043
f 319/80/1044 324/378/1045 325/1013/1045 320/79/1044
f 320/79/1046 325/1013/1047 326/381/1047 321/860/1046
f 321/860/1048 326/381/192 322/377/1049 318/832/1048
f 325/1013/1045 324/378/1045 327/1015/1050 328/1014/1050
f 323/379/193 322/377/1049 326/381/192
f 327/1015/1051 324/378/189 323/379/190
f 325/1013/1047 328/1014/1052 329/380/1052 326/381/1047
f 323/379/190 330/88/1053 331/90/1053 327/1015/1051
f 328/1014/1050 327/1015/1050 331/90/1054 332/871/1054
f 329/380/1052 328/1014/1052 332/871/1055 333/87/1055
f 323/379/193 329/380/191 333/87/1056 330/88/1056
f 1237/99/1057 340/1017/1058 342/1016/1058 339/92/1057
f 338/94/1059 337/382/1059 336/93/1059
f 339/92/1060 342/1016/1062 341/383/1061 1236/91/1060
f 340/1017/1058 345/1019/1063 346/1018/1063 342/1016/1058
f 344/331/1065 340/1017/1065 1237/99/1064
f 343/384/1066 341/383/1061 342/1016/1062
f 342/1016/1062 346/1018/1067 347/1020/1067 343/384/1066
f 344/331/198 343/384/200 347/1020/1068 348/1021/1068
f 340/1017/1065 344/331/1065 348/1021/1069 345/1019/1069
f 346/1018/1070 345/1019/1070 21/1023/1070 22/1022/1070
f 346/1018/1071 22/1022/1071 23/1024/1071 347/1020/1071
f 347/1020/1072 23/1024/1072 24/1025/1072 348/1021/1072
f 345/1019/1073 348/1021/1073 24/1025/1073 21/1023/1073
f 21/1023/1074 349/1027/1074 350/1026/1074 22/1022/1074
f 23/1024/1075 22/1022/1075 350/1026/1075 351/1028/1075
f 24/1025/1076 23/1024/1076 351/1028/1076 352/1029/1076
f 24/1025/1077 352/1029/1077 349/1027/1077 21/1023/1077
f 350/1026/1079 349/1027/1079 353/1030/1078 354/385/1078
f 351/1028/1080 350/1026/1080 354/385/201 357/386/201
f 352/1029/1082 351/1028/1082 357/386/1081 356/1031/1081
f 352/1029/1083 356/1031/1084 353/1030/1084 349/1027/1083
f 358/835/1085 360/389/1087 361/1032/1086 359/74/1085
f 353/1030/1078 355/387/1088 354/385/1078
f 355/387/1089 353/1030/1084 356/1031/1084
f 355/387/1090 356/1031/1081 357/386/1081
f 285/73/1091 359/74/1091 361/1032/1091 362/1033/1091
f 285/73/1092 362/1033/1092 363/388/1092 284/75/1092
f 358/835/1093 284/75/1093 363/388/1093 360/389/1093
f 361/1032/1094 365/1034/1095 364/392/1095 362/1033/1094
f 360/389/1087 365/1034/1096 361/1032/1086
f 363/388/1097 362/1033/1097 364/392/206 367/390/206
f 365/1034/1096 360/389/1087 368/841/1098 369/848/1098
f 366/391/1099 364/392/1095 365/1034/1095
f 366/391/1100 365/1034/1100 369/848/1100 370/101/1100
f 366/391/1101 370/101/1101 371/102/1101 367/390/1101
f 367/390/204 371/102/1102 368/841/1102 360/389/204
f 372/97/1103 375/1035/1103 376/394/1103 370/101/1103
f 373/100/1104 370/101/1104 376/394/1104 379/395/1104
f 374/95/1106 373/100/1106 379/395/1105 380/1036/1105
f 372/97/1107 374/95/1107 380/1036/1107 375/1035/1107
f 376/394/1109 375/1035/1109 377/1037/1108 378/393/1108
f 377/1037/1108 381/1039/1110 382/1038/1110 378/393/1108
f 380/1036/1112 377/1037/1112 375/1035/1111
f 379/395/207 378/393/207 382/1038/1113 383/1040/1113
f 380/1036/1105 379/395/1105 383/1040/1114 384/1041/1114
f 377/1037/1112 380/1036/1112 384/1041/1115 381/1039/1115
f 382/1038/1116 381/1039/1116 25/1043/1116 26/1042/1116
f 382/1038/1117 26/1042/1117 27/1044/1117 383/1040/1117
f 383/1040/1118 27/1044/1118 28/1045/1118 384/1041/1118
f 381/1039/1119 384/1041/1119 28/1045/1119 25/1043/1119
f 25/1043/1120 385/399/1120 386/1046/1120 26/1042/1120
f 27/1044/1121 26/1042/1121 386/1046/1121 387/396/1121
f 28/1045/1122 27/1044/1122 387/396/1122 388/397/1122
f 28/1045/1123 388/397/1123 385/399/1123 25/1043/1123
f 390/842/1124 393/1048/1126 394/1047/1125 391/849/1124
f 389/398/1127 386/1046/1127 385/399/1127
f 389/398/1128 387/396/1128 386/1046/1128
f 372/97/1129 391/849/1129 394/1047/1129 395/401/1129
f 392/96/1130 372/97/1130 395/401/1130 398/402/1130
f 392/96/1131 398/402/1132 393/1048/1132 390/842/1131
f 395/401/1134 394/1047/1134 396/1049/1133 397/400/1133
f 393/1048/1126 396/1049/1135 394/1047/1125
f 396/1049/1135 393/1048/1126 399/104/1136 400/862/1136
f 396/1049/1133 400/862/1137 401/108/1137 397/400/1133
f 397/400/211 401/108/1138 402/858/1138 398/402/211
f 398/402/1132 402/858/1139 399/104/1139 393/1048/1132
f 1240/13/1140 413/1051/1140 414/1050/1140 411/14/1140
f 406/403/1141 405/857/1141 407/106/1141
f 406/403/1142 403/330/1142 405/857/1142
f 410/404/1143 1238/103/1143 409/337/1143
f 410/404/1144 408/105/1144 1238/103/1144
f 411/14/1145 414/1050/1145 415/1052/1145 1233/20/1145
f 412/21/1146 1233/20/1146 415/1052/1146 416/1053/1146
f 1240/13/1147 412/21/1147 416/1053/1147 413/1051/1147
f 414/1050/1148 413/1051/1148 1242/116/1148 417/838/1148
f 414/1050/1149 417/838/1149 418/322/1149 415/1052/1149
f 416/1053/1150 415/1052/1150 418/322/1150 1241/323/1150
f 416/1053/1151 1241/323/1151 1242/116/1151 413/1051/1151
f 419/319/1152 1241/323/1152 422/1054/1152 423/405/1152
f 419/319/1153 423/405/1153 427/406/1153 420/113/1153
f 421/332/1156 420/113/1156 427/406/1155 424/1055/1154
f 1241/323/1157 421/332/1157 424/1055/1157 422/1054/1157
f 422/1054/1158 425/1056/1159 426/407/1159 423/405/1158
f 424/1055/1160 428/1057/1161 425/1056/1161 422/1054/1160
f 428/1057/1162 424/1055/1154 427/406/1155
f 426/407/1159 425/1056/1159 429/853/1163 430/859/1163
f 426/407/218 430/859/1164 431/118/1164 427/406/218
f 427/406/1155 431/118/1165 432/119/1165 428/1057/1162
f 425/1056/1161 428/1057/1161 432/119/1166 429/853/1166
f 443/115/1167 445/415/1168 448/1058/1168 444/117/1167
f 437/409/1169 434/123/1169 433/120/1169
f 437/409/1170 435/122/1170 434/123/1170
f 437/409/1171 436/408/1171 435/122/1171
f 442/412/1172 439/410/1172 438/854/1172
f 442/412/1173 438/854/1173 441/121/1173
f 444/117/1174 448/1058/1174 446/1059/1174 419/319/1174
f 1241/323/1175 419/319/1175 446/1059/1175 447/414/1175
f 1241/323/1176 447/414/1176 445/415/1176 443/115/1176
f 446/1059/1177 449/1060/1178 450/413/1178 447/414/1177
f 449/1060/1179 446/1059/1180 448/1058/1179
f 445/415/1168 451/845/1181 452/847/1181 448/1058/1168
f 449/1060/1179 448/1058/1179 452/847/1182 453/124/1182
f 449/1060/1178 453/124/1183 454/844/1183 450/413/1178
f 450/413/222 454/844/1184 451/845/1184 445/415/222
f 456/126/1185 455/846/1185 459/416/1185 463/417/1185
f 457/125/1188 456/126/1188 463/417/1187 460/1061/1186
f 458/132/1189 457/125/1189 460/1061/1189 461/1062/1189
f 458/132/1190 461/1062/1190 459/416/1190 455/846/1190
f 460/1061/1191 464/1064/1192 465/1063/1192 461/1062/1191
f 464/1064/1193 460/1061/1186 463/417/1187
f 461/1062/1194 465/1063/1195 462/418/1195 459/416/1194
f 463/417/225 462/418/225 466/138/1196 467/915/1196
f 463/417/1187 467/915/1197 468/916/1197 464/1064/1193
f 464/1064/1192 468/916/1198 469/880/1198 465/1063/1192
f 462/418/1195 465/1063/1195 469/880/1199 466/138/1199
f 470/127/1200 472/421/230 473/419/231 471/129/1200
f 472/421/1203 470/127/1202 476/135/1201
f 476/135/1204 1243/136/1204 479/906/1204 480/144/1204
f 475/420/1205 472/421/1203 476/135/1201
f 474/422/1206 473/419/231 475/420/229
f 478/423/234 474/422/1206 475/420/229
f 476/135/1201 477/424/1207 475/420/1205
f 477/424/1207 476/135/1201 480/144/1208 481/926/1208
f 478/423/234 477/424/235 481/926/1209 482/142/1209
f 1243/136/227 478/423/233 482/142/1210 479/906/1210
f 493/139/1211 497/431/243 501/433/244 494/137/1211
f 487/426/1212 484/145/1212 483/143/1212
f 487/426/1213 483/143/1213 486/427/1213
f 492/428/1214 489/907/1214 488/140/1214
f 492/428/1215 490/969/1215 489/907/1215
f 492/428/1216 491/141/1216 490/969/1216
f 494/137/1217 501/433/1219 498/1065/1218 495/130/1217
f 496/128/1221 495/130/1221 498/1065/1220 499/430/1220
f 493/139/1222 496/128/1222 499/430/240 497/431/241
f 498/1065/1220 502/435/246 503/429/247 499/430/1220
f 501/433/1219 502/435/1223 498/1065/1218
f 502/435/1223 501/433/1219 505/437/1224 506/434/1224
f 503/429/239 500/432/249 497/431/241
f 500/432/242 505/437/250 501/433/244
f 506/434/1224 505/437/1224 508/441/256 510/439/257
f 511/436/253 503/429/247 506/434/245
f 511/436/248 504/438/1225 500/432/249
f 508/441/255 505/437/250 504/438/251
f 507/440/254 512/1067/1227 513/1066/1227 509/442/1226
f 511/436/248 507/440/1228 504/438/1225
f 507/440/254 509/442/1226 508/441/255
f 509/442/258 513/1066/1229 514/1068/1229 510/439/257
f 511/436/253 510/439/252 514/1068/1230 515/1069/1230
f 507/440/1228 511/436/248 515/1069/1231 512/1067/1231
f 513/1066/1232 512/1067/1232 29/1071/1232 30/1070/1232
f 513/1066/1233 30/1070/1233 31/1072/1233 514/1068/1233
f 514/1068/1234 31/1072/1234 32/1073/1234 515/1069/1234
f 512/1067/1235 515/1069/1235 32/1073/1235 29/1071/1235
f 29/1071/1236 516/443/1236 517/444/1236 30/1070/1236
f 31/1072/1237 30/1070/1237 517/444/1237 518/1074/1237
f 32/1073/1238 31/1072/1238 518/1074/1238 519/1075/1238
f 32/1073/1239 519/1075/1239 516/443/1239 29/1071/1239
f 521/843/1240 523/1077/1240 524/1076/1240 455/846/1240
f 520/445/1241 518/1074/1241 517/444/1241
f 520/445/1242 519/1075/1242 518/1074/1242
f 520/445/1243 516/443/1243 519/1075/1243
f 455/846/1244 524/1076/1244 525/447/1244 458/132/1244
f 458/132/1245 525/447/1245 529/448/1245 522/131/1245
f 522/131/1246 529/448/1247 523/1077/1247 521/843/1246
f 525/447/1248 524/1076/1248 526/450/263 528/446/264
f 526/450/1251 524/1076/1250 523/1077/1249
f 523/1077/1249 530/912/1253 531/146/1253 527/449/1252
f 523/1077/1249 527/449/1252 526/450/1251
f 527/449/262 531/146/1254 532/147/1254 528/446/264
f 528/446/260 532/147/1255 533/873/1255 529/448/260
f 529/448/1247 533/873/1256 530/912/1256 523/1077/1247
f 539/911/1257 540/1078/1258 541/452/1258 1245/151/1257
f 538/148/1259 537/451/1259 535/874/1259
f 537/451/1260 536/150/1260 535/874/1260
f 537/451/1261 534/149/1261 536/150/1261
f 539/911/1263 1244/320/1263 543/1079/1262 540/1078/1262
f 542/321/1265 543/1079/1265 1244/320/1264
f 541/452/1258 540/1078/1258 544/1081/1266 545/1080/1266
f 542/321/266 541/452/266 545/1080/1267 546/1082/1267
f 543/1079/1265 542/321/1265 546/1082/1268 547/1083/1268
f 543/1079/1262 547/1083/1269 544/1081/1269 540/1078/1262
f 544/1081/1270 33/1085/1270 34/1084/1270 545/1080/1270
f 545/1080/1271 34/1084/1271 35/1086/1271 546/1082/1271
f 547/1083/1272 546/1082/1272 35/1086/1272 36/1087/1272
f 544/1081/1273 547/1083/1273 36/1087/1273 33/1085/1273
f 34/1084/1274 33/1085/1274 548/1089/1274 549/1088/1274
f 35/1086/1275 34/1084/1275 549/1088/1275 550/1090/1275
f 35/1086/1276 550/1090/1276 551/1091/1276 36/1087/1276
f 36/1087/1277 551/1091/1277 548/1089/1277 33/1085/1277
f 548/1089/1278 552/456/270 556/457/270 549/1088/1278
f 549/1088/1279 556/457/1280 553/454/1280 550/1090/1279
f 551/1091/1281 550/1090/1281 553/454/269 555/455/269
f 548/1089/1283 551/1091/1283 555/455/1282 552/456/1282
f 557/837/1284 558/459/1285 560/1092/1285 1247/114/1284
f 556/457/1280 554/453/1286 553/454/1280
f 554/453/1287 552/456/1282 555/455/1282
f 1246/112/1289 1247/114/1289 560/1092/1288 561/1093/1288
f 1246/112/1290 561/1093/1290 559/458/1290 419/319/1290
f 557/837/1291 419/319/1291 559/458/1291 558/459/1291
f 558/459/1285 563/1095/1292 564/1094/1292 560/1092/1285
f 561/1093/1294 562/460/1294 559/458/1293
f 561/1093/1288 560/1092/1288 564/1094/1295 565/1096/1295
f 562/460/1294 561/1093/1294 565/1096/1296 566/1097/1296
f 562/460/273 566/1097/1297 563/1095/1297 558/459/273
f 564/1094/1298 563/1095/1298 37/1099/1298 38/1098/1298
f 564/1094/1299 38/1098/1299 39/1100/1299 565/1096/1299
f 565/1096/1300 39/1100/1300 40/1101/1300 566/1097/1300
f 563/1095/1301 566/1097/1301 40/1101/1301 37/1099/1301
f 37/1099/1302 567/1102/1302 568/461/1302 38/1098/1302
f 39/1100/1303 38/1098/1303 568/461/1303 572/462/1303
f 40/1101/1304 39/1100/1304 572/462/1304 569/1103/1304
f 40/1101/1305 569/1103/1305 567/1102/1305 37/1099/1305
f 568/461/1307 567/1102/1307 570/1104/1306 571/463/1306
f 569/1103/1308 573/1105/1309 570/1104/1309 567/1102/1308
f 573/1105/1310 569/1103/1311 572/462/1310
f 570/1104/1306 574/154/1312 575/157/1312 571/463/1306
f 572/462/275 571/463/275 575/157/1313 576/852/1313
f 573/1105/1310 572/462/1310 576/852/1314 577/153/1314
f 570/1104/1309 573/1105/1309 577/153/1315 574/154/1315
f 1275/826/1316 1281/1106/1316 590/472/1316 412/21/1316
f 582/465/1317 581/467/1317 580/466/1317
f 587/469/1318 583/468/1318 586/470/1318
f 588/8/1319 412/21/1319 590/472/1319 594/473/1319
f 588/8/1320 594/473/1320 591/1107/1320 77/3/1320
f 76/816/1321 77/3/1321 591/1107/1321 589/1108/1321
f 1281/1106/1322 1284/1109/1322 593/471/1322 590/472/1322
f 591/1107/1323 595/1111/1324 592/1110/1324 589/1108/1323
f 595/1111/1325 591/1107/1326 594/473/1325
f 1284/1109/1327 1276/822/1327 597/824/1327 593/471/1327
f 593/471/282 597/824/1328 598/825/1328 594/473/282
f 594/473/1325 598/825/1329 599/333/1329 595/1111/1325
f 592/1110/1324 595/1111/1324 599/333/1330 596/821/1330
f 1277/820/1331 1282/1113/1331 605/1112/1331 602/823/1331
f 604/1114/1332 601/158/1333 600/159/1332
f 602/823/1334 605/1112/1335 606/474/1335 603/162/1334
f 600/159/1332 607/180/1336 608/189/1336 604/1114/1332
f 1282/1113/1337 1278/851/1337 609/173/1337 605/1112/1337
f 605/1112/1335 609/173/1338 610/169/1338 606/474/1335
f 606/474/284 610/169/1339 607/180/1339 600/159/284
f 614/182/1340 618/477/1341 621/1115/1341 615/181/1340
f 612/475/1342 1249/164/1342 613/163/1342
f 615/181/1343 621/1115/1343 619/1116/1343 616/187/1343
f 617/179/1344 616/187/1344 619/1116/1344 620/476/1344
f 614/182/1345 617/179/1345 620/476/1345 618/477/1345
f 619/1116/1346 622/1117/1347 623/478/1347 620/476/1346
f 621/1115/1349 622/1117/1349 619/1116/1348
f 621/1115/1341 618/477/1341 624/865/1350 625/870/1350
f 621/1115/1349 625/870/1351 626/868/1351 622/1117/1349
f 622/1117/1347 626/868/1352 627/866/1352 623/478/1347
f 623/478/288 627/866/1353 624/865/1353 618/477/288
f 1253/166/1354 634/484/1355 637/1118/1355 1252/165/1354
f 632/481/1356 629/167/1356 628/480/1356
f 632/481/1357 630/310/1357 629/167/1357
f 632/481/1358 631/479/1358 630/310/1358
f 1252/165/1359 637/1118/1361 635/1119/1360 1251/312/1359
f 633/311/1363 1251/312/1363 635/1119/1362 636/483/1362
f 1253/166/1364 633/311/1364 636/483/291 634/484/292
f 636/483/1362 635/1119/1362 638/486/294 640/482/295
f 638/486/1365 635/1119/1360 637/1118/1361
f 637/1118/1355 634/484/1355 639/488/1366 642/1120/1366
f 637/1118/1361 642/1120/1368 641/485/1367 638/486/1365
f 642/1120/1366 639/488/1366 645/927/1369 646/881/1369
f 640/482/290 639/488/297 634/484/292
f 644/487/298 640/482/295 641/485/293
f 643/489/1370 641/485/1367 642/1120/1368
f 643/489/1370 642/1120/1368 646/881/1371 647/191/1371
f 643/489/299 647/191/1372 648/192/1372 644/487/298
f 644/487/296 648/192/1373 645/927/1373 639/488/297
f 654/172/1374 658/495/304 663/496/305 655/171/1374
f 653/491/1375 650/490/1375 649/334/1375
f 653/491/1376 652/198/1376 651/193/1376
f 653/491/1377 649/334/1377 652/198/1377
f 655/171/1378 663/496/1378 659/492/1378 656/174/1378
f 656/174/1379 659/492/1379 665/493/1379 657/176/1379
f 657/176/1380 665/493/1382 658/495/1381 654/172/1380
f 663/496/305 661/498/307 666/919/1383 667/195/1383
f 662/494/1386 659/492/1385 663/496/1384
f 660/497/1387 658/495/1381 665/493/1382
f 661/498/1388 660/497/1387 665/493/1382
f 664/499/1389 662/494/1386 663/496/1384
f 663/496/1384 667/195/1390 668/196/1390 664/499/1389
f 664/499/308 668/196/1391 669/913/1391 665/493/302
f 661/498/1388 665/493/1382 669/913/1392 666/919/1392
f 670/201/1393 674/500/1393 676/501/1393 671/200/1393
f 671/200/1394 676/501/1395 677/1121/1395 672/194/1394
f 673/914/1397 672/194/1397 677/1121/1396 678/1122/1396
f 673/914/1398 678/1122/1398 674/500/1398 670/201/1398
f 675/502/310 679/1124/1399 680/1123/1399 676/501/310
f 678/1122/1401 675/502/1401 674/500/1400
f 677/1121/1395 676/501/1395 680/1123/1402 681/1125/1402
f 677/1121/1396 681/1125/1403 682/1126/1403 678/1122/1396
f 678/1122/1401 682/1126/1404 679/1124/1404 675/502/1401
f 679/1124/1405 41/1128/1405 42/1127/1405 680/1123/1405
f 680/1123/1406 42/1127/1406 43/1129/1406 681/1125/1406
f 682/1126/1407 681/1125/1407 43/1129/1407 44/1130/1407
f 679/1124/1408 682/1126/1408 44/1130/1408 41/1128/1408
f 42/1127/1409 41/1128/1409 683/504/1409 684/1131/1409
f 43/1129/1410 42/1127/1410 684/1131/1410 685/1132/1410
f 43/1129/1411 685/1132/1411 686/506/1411 44/1130/1411
f 44/1130/1412 686/506/1412 683/504/1412 41/1128/1412
f 685/1132/1413 684/1131/1413 689/505/1413 687/503/1413
f 689/505/312 684/1131/1414 683/504/312
f 685/1132/1415 687/503/1415 688/507/1415 686/506/1415
f 690/918/1416 693/1134/1417 695/1133/1417 691/202/1416
f 688/507/314 687/503/1418 683/504/314
f 691/202/1419 695/1133/1419 694/509/1419 670/201/1419
f 670/201/1420 694/509/1420 697/510/1420 692/931/1420
f 692/931/1421 697/510/1422 693/1134/1422 690/918/1421
f 693/1134/1417 698/1136/1423 699/1135/1423 695/1133/1417
f 696/508/1424 694/509/1425 695/1133/1424
f 696/508/1424 695/1133/1424 699/1135/1426 700/1137/1426
f 696/508/315 700/1137/1427 701/1138/1427 697/510/315
f 697/510/1422 701/1138/1428 698/1136/1428 693/1134/1422
f 698/1136/1429 45/1140/1429 46/1139/1429 699/1135/1429
f 699/1135/1430 46/1139/1430 47/1141/1430 700/1137/1430
f 701/1138/1431 700/1137/1431 47/1141/1431 48/1142/1431
f 698/1136/1432 701/1138/1432 48/1142/1432 45/1140/1432
f 46/1139/1433 45/1140/1433 702/1144/1433 703/1143/1433
f 47/1141/1434 46/1139/1434 703/1143/1434 704/1145/1434
f 47/1141/1435 704/1145/1435 705/1146/1435 48/1142/1435
f 48/1142/1436 705/1146/1436 702/1144/1436 45/1140/1436
f 702/1144/1437 706/513/1438 713/1147/1438 703/1143/1437
f 704/1145/1441 703/1143/1441 713/1147/1440 708/514/1439
f 705/1146/1443 704/1145/1443 708/514/320 707/512/1442
f 702/1144/1444 705/1146/1444 707/512/318 706/513/319
f 709/515/322 711/518/325 712/516/326 710/511/321
f 708/514/320 710/511/321 707/512/1442
f 713/1147/1440 709/515/1445 708/514/1439
f 711/518/1446 709/515/1445 713/1147/1440
f 706/513/1438 716/1149/1447 717/1148/1447 713/1147/1438
f 714/517/1448 711/518/1446 713/1147/1440
f 715/519/1449 712/516/326 714/517/324
f 713/1147/1440 717/1148/1450 718/1150/1450 714/517/1448
f 715/519/1449 714/517/324 718/1150/1451 719/1151/1451
f 715/519/327 719/1151/1452 716/1149/1452 706/513/319
f 716/1149/1453 49/1153/1453 50/1152/1453 717/1148/1453
f 717/1148/1454 50/1152/1454 51/1154/1454 718/1150/1454
f 719/1151/1455 718/1150/1455 51/1154/1455 52/1155/1455
f 716/1149/1456 719/1151/1456 52/1155/1456 49/1153/1456
f 50/1152/1457 49/1153/1457 720/1157/1457 721/1156/1457
f 51/1154/1458 50/1152/1458 721/1156/1458 722/1158/1458
f 51/1154/1459 722/1158/1459 723/1159/1459 52/1155/1459
f 52/1155/1460 723/1159/1460 720/1157/1460 49/1153/1460
f 721/1156/1462 720/1157/1462 724/1160/1461 725/520/1461
f 722/1158/1463 721/1156/1463 725/520/328 727/521/328
f 722/1158/1464 727/521/331 728/523/331 723/1159/1464
f 720/1157/1466 723/1159/1466 728/523/1465 724/1160/1465
f 729/197/1467 732/525/333 737/526/334 730/336/1467
f 726/522/1468 725/520/1461 724/1160/1461
f 728/523/1465 726/522/1469 724/1160/1465
f 730/336/1470 737/526/1472 734/527/1471 731/335/1470
f 1254/199/1473 731/335/1473 734/527/335 735/528/336
f 729/197/1476 1254/199/1476 735/528/1475 732/525/1474
f 735/528/1475 739/1161/1478 736/530/1478 733/524/1477
f 735/528/1475 733/524/1477 732/525/1474
f 738/529/1479 734/527/1471 737/526/1472
f 738/529/337 739/1161/1480 735/528/336
f 737/526/334 736/530/338 740/1163/1481 741/1162/1481
f 738/529/1479 737/526/1472 741/1162/1482 742/1164/1482
f 738/529/337 742/1164/1483 743/1165/1483 739/1161/1480
f 739/1161/1478 743/1165/1484 740/1163/1484 736/530/1478
f 740/1163/1485 53/1167/1485 54/1166/1485 741/1162/1485
f 741/1162/1486 54/1166/1486 55/1168/1486 742/1164/1486
f 743/1165/1487 742/1164/1487 55/1168/1487 56/1169/1487
f 740/1163/1488 743/1165/1488 56/1169/1488 53/1167/1488
f 54/1166/1489 53/1167/1489 744/1171/1489 745/1170/1489
f 55/1168/1490 54/1166/1490 745/1170/1490 746/1172/1490
f 55/1168/1491 746/1172/1491 747/1173/1491 56/1169/1491
f 56/1169/1492 747/1173/1492 744/1171/1492 53/1167/1492
f 745/1170/1493 744/1171/1493 748/534/341 751/535/341
f 745/1170/1494 751/535/1495 749/532/1495 746/1172/1494
f 746/1172/1496 749/532/340 750/533/340 747/1173/1496
f 744/1171/1498 747/1173/1498 750/533/1497 748/534/1497
f 753/177/1499 656/174/1499 755/1175/1499 756/1174/1499
f 751/535/1495 752/531/1500 749/532/1495
f 752/531/1501 748/534/1497 750/533/1497
f 617/179/1502 753/177/1502 756/1174/1502 757/1176/1502
f 754/186/1503 617/179/1503 757/1176/1503 758/1177/1503
f 754/186/1504 758/1177/1504 755/1175/1504 656/174/1504
f 755/1175/1505 759/1179/1506 760/1178/1506 756/1174/1505
f 757/1176/1508 756/1174/1508 760/1178/1507 761/1180/1507
f 757/1176/1509 761/1180/1510 762/1181/1510 758/1177/1509
f 758/1177/1511 762/1181/1512 759/1179/1512 755/1175/1511
f 759/1179/1506 763/856/1513 764/839/1513 760/1178/1506
f 760/1178/1507 764/839/1514 765/840/1514 761/1180/1507
f 761/1180/1510 765/840/1515 766/855/1515 762/1181/1510
f 759/1179/1512 762/1181/1512 766/855/1516 763/856/1516
f 1256/204/1517 768/1183/1517 769/1182/1517 767/213/1517
f 1255/208/1518 767/213/1518 769/1182/1518 770/1184/1518
f 1250/207/1519 1255/208/1519 770/1184/1519 771/1185/1519
f 1250/207/1520 771/1185/1520 768/1183/1520 1256/204/1520
f 768/1183/1521 772/1187/1522 773/1186/1522 769/1182/1521
f 769/1182/1523 773/1186/1524 774/1188/1524 770/1184/1523
f 770/1184/1525 774/1188/1526 775/1189/1526 771/1185/1525
f 768/1183/1528 771/1185/1528 775/1189/1527 772/1187/1527
f 772/1187/1522 776/897/1529 777/896/1529 773/1186/1522
f 774/1188/1524 773/1186/1524 777/896/1530 778/921/1530
f 774/1188/1526 778/921/1531 779/922/1531 775/1189/1526
f 775/1189/1527 779/922/1532 776/897/1532 772/1187/1527
f 780/212/1533 783/1191/1534 785/1190/1534 781/214/1533
f 781/214/1535 785/1190/1535 784/537/1535 767/213/1535
f 767/213/1536 784/537/1536 787/538/1536 782/211/1536
f 780/212/1538 782/211/1538 787/538/1537 783/1191/1537
f 785/1190/1534 783/1191/1534 788/227/1539 789/904/1539
f 785/1190/1541 786/536/1541 784/537/1540
f 785/1190/1541 789/904/1542 790/222/1542 786/536/1541
f 786/536/343 790/222/1543 791/890/1543 787/538/343
f 783/1191/1537 787/538/1537 791/890/1544 788/227/1544
f 802/206/1545 808/547/1545 806/545/1545 803/203/1545
f 796/539/1546 793/221/1546 792/541/1546
f 801/544/1547 798/542/1547 797/228/1547
f 801/544/1548 800/229/1548 799/543/1548
f 804/205/1549 803/203/1549 806/545/350 807/546/350
f 804/205/1550 807/546/1550 805/1192/1550 1250/207/1550
f 802/206/1551 1250/207/1551 805/1192/1551 808/547/1551
f 810/923/1553 809/924/1553 813/550/1552 820/1193/1552
f 808/547/1554 805/1192/1554 807/546/1554
f 810/923/1555 820/1193/1555 814/1194/1555 811/956/1555
f 811/956/1556 814/1194/1556 815/549/1556 812/216/1556
f 809/924/1557 812/216/1557 815/549/1557 813/550/1557
f 815/549/1559 814/1194/1559 816/1195/1558 817/548/1558
f 820/1193/1562 816/1195/1561 814/1194/1560
f 816/1195/1558 819/554/358 818/551/1563 817/548/1558
f 819/554/1564 816/1195/1561 820/1193/1562
f 820/1193/1552 813/550/1552 823/231/1565 824/903/1565
f 822/552/359 818/551/1563 819/554/358
f 820/1193/1562 821/553/1566 819/554/1564
f 820/1193/1562 824/903/1567 825/235/1567 821/553/1566
f 821/553/357 825/235/1568 826/230/1568 822/552/359
f 813/550/354 822/552/356 826/230/1569 823/231/1569
f 833/902/1570 837/558/364 838/559/364 834/972/1570
f 830/555/1571 828/234/1571 827/973/1571
f 830/555/1572 829/233/1572 828/234/1572
f 831/556/1573 830/555/1573 827/973/1573
f 837/558/362 833/902/1574 832/232/362
f 835/917/1575 834/972/1575 838/559/365 839/560/365
f 832/232/1576 835/917/1576 839/560/1576 836/557/1576
f 840/218/1577 844/563/1579 845/1196/1578 841/930/1577
f 842/217/1580 841/930/1580 845/1196/1580 846/1197/1580
f 842/217/1581 846/1197/1581 847/562/1581 843/219/1581
f 840/218/1582 843/219/1582 847/562/1582 844/563/1582
f 846/1197/1583 845/1196/1583 848/564/370 850/565/371
f 848/564/1584 845/1196/1578 844/563/1579
f 847/562/1585 846/1197/1585 850/565/374 852/561/375
f 844/563/1579 849/1198/1586 851/566/1586 848/564/1584
f 849/1198/1586 853/1199/1587 854/568/1587 851/566/1586
f 849/1198/1588 844/563/369 852/561/367
f 855/567/376 850/565/371 851/566/372
f 852/561/367 856/1200/1589 853/1199/1589 849/1198/1588
f 856/1200/1590 852/561/375 855/567/373
f 853/1199/1587 857/954/1591 858/934/1591 854/568/1587
f 854/568/377 858/934/1592 859/932/1592 855/567/376
f 856/1200/1590 855/567/373 859/932/1593 860/933/1593
f 853/1199/1589 856/1200/1589 860/933/1594 857/954/1594
f 861/955/1595 863/1201/1596 864/569/1596 1258/304/1595
f 861/955/1598 862/305/1598 866/1202/1597 863/1201/1597
f 866/1202/1599 862/305/1600 865/303/1599
f 864/569/1596 863/1201/1596 867/1204/1601 868/1203/1601
f 865/303/378 864/569/378 868/1203/1602 869/1205/1602
f 865/303/1599 869/1205/1603 870/1206/1603 866/1202/1599
f 866/1202/1597 870/1206/1604 867/1204/1604 863/1201/1597
f 868/1203/1605 867/1204/1605 57/1208/1605 58/1207/1605
f 868/1203/1606 58/1207/1606 59/1209/1606 869/1205/1606
f 869/1205/1607 59/1209/1607 60/1210/1607 870/1206/1607
f 867/1204/1608 870/1206/1608 60/1210/1608 57/1208/1608
f 57/1208/1609 871/573/1609 872/1211/1609 58/1207/1609
f 59/1209/1610 58/1207/1610 872/1211/1610 873/570/1610
f 60/1210/1611 59/1209/1611 873/570/1611 874/571/1611
f 60/1210/1612 874/571/1612 871/573/1612 57/1208/1612
f 812/216/1613 881/1213/1613 882/1212/1613 811/956/1613
f 875/572/1614 872/1211/1614 871/573/1614
f 875/572/1615 873/570/1615 872/1211/1615
f 880/576/1616 877/935/1616 876/302/1616
f 880/576/1617 878/574/1617 877/935/1617
f 811/956/1618 882/1212/1618 883/1214/1618 843/219/1618
f 842/217/1619 843/219/1619 883/1214/1619 884/1215/1619
f 842/217/1620 884/1215/1620 881/1213/1620 812/216/1620
f 881/1213/1621 885/1217/1622 886/1216/1622 882/1212/1621
f 882/1212/1623 886/1216/1624 887/1218/1624 883/1214/1623
f 883/1214/1625 887/1218/1626 888/1219/1626 884/1215/1625
f 884/1215/1627 888/1219/1628 885/1217/1628 881/1213/1627
f 885/1217/1622 889/947/1629 890/948/1629 886/1216/1622
f 886/1216/1624 890/948/1630 891/950/1630 887/1218/1624
f 888/1219/1626 887/1218/1626 891/950/1631 892/943/1631
f 885/1217/1628 888/1219/1628 892/943/1632 889/947/1632
f 893/958/1633 897/579/390 900/580/1634 894/251/1633
f 894/251/1635 900/580/387 898/1220/1636 895/246/1635
f 896/245/1637 895/246/1637 898/1220/1637 899/578/1637
f 893/958/1638 896/245/1638 899/578/1638 897/579/1638
f 898/1220/1639 901/581/394 903/577/395 899/578/1639
f 901/581/388 898/1220/1636 900/580/387
f 905/584/1641 904/582/389 906/1221/1640 907/586/1640
f 897/579/390 904/582/391 900/580/1634
f 904/582/389 905/584/1641 901/581/388
f 902/583/397 897/579/386 903/577/384
f 908/585/399 903/577/395 905/584/393
f 906/1221/1642 904/582/391 902/583/392
f 902/583/392 909/249/1643 910/250/1643 906/1221/1642
f 906/1221/1640 910/250/1644 911/260/1644 907/586/1640
f 907/586/398 911/260/1645 912/261/1645 908/585/399
f 908/585/396 912/261/1646 909/249/1646 902/583/397
f 916/590/1647 915/257/1647 917/589/405 919/591/405
f 918/587/1648 914/588/1648 913/248/1648
f 917/589/401 915/257/1649 914/588/401
f 920/258/1650 924/594/1651 926/595/1651 921/256/1650
f 919/591/403 918/587/1652 913/248/403
f 922/255/1653 921/256/1653 926/595/409 927/596/409
f 923/259/1655 922/255/1655 927/596/1654 925/593/1654
f 923/259/1656 925/593/407 924/594/407 920/258/1656
f 930/949/1657 929/946/1657 933/598/1657 943/599/1657
f 927/596/1654 928/592/1658 925/593/1654
f 924/594/1651 928/592/1659 926/595/1651
f 930/949/1660 943/599/1660 934/1222/1660 931/970/1660
f 932/971/1661 931/970/1661 934/1222/1661 935/1223/1661
f 932/971/1662 935/1223/1662 933/598/1662 929/946/1662
f 934/1222/1663 937/602/415 940/603/416 935/1223/1663
f 943/599/1666 937/602/1665 934/1222/1664
f 933/598/1668 935/1223/1668 940/603/418 936/597/1667
f 939/601/414 944/1224/1670 942/604/1669 940/603/416
f 943/599/1666 939/601/1671 937/602/1665
f 938/600/419 936/597/1667 940/603/418
f 944/1224/1672 939/601/1671 943/599/1666
f 943/599/412 941/605/420 946/268/1673 947/240/1673
f 942/604/417 941/605/421 938/600/419
f 944/1224/1670 945/606/1674 942/604/1669
f 943/599/1666 947/240/1675 948/241/1675 944/1224/1672
f 945/606/1674 944/1224/1670 948/241/1676 949/243/1676
f 941/605/421 945/606/422 949/243/1677 946/268/1677
f 952/244/1679 951/242/1679 957/609/1678 956/1225/1678
f 957/609/1680 951/242/1680 950/239/1680
f 953/265/1682 952/244/1682 956/1225/1681 955/607/1681
f 966/190/1684 965/188/1684 967/615/1683 970/1226/1683
f 954/608/429 950/239/425 955/607/423
f 956/1225/1681 958/610/1685 955/607/1681
f 958/610/1686 956/1225/1678 957/609/1678
f 959/269/1687 963/611/1687 960/267/1687
f 964/612/433 962/613/1688 961/266/433
f 963/611/1689 959/269/434 964/612/434
f 966/190/1690 970/1226/1690 968/1227/1690 754/186/1690
f 754/186/1691 968/1227/1691 969/614/1691 616/187/1691
f 965/188/1692 616/187/1692 969/614/1692 967/615/1692
f 968/1227/1693 971/1228/1694 972/616/1694 969/614/1693
f 971/1228/1695 968/1227/1696 970/1226/1695
f 970/1226/1683 967/615/1683 973/885/1697 974/273/1697
f 970/1226/1695 974/273/1698 975/876/1698 971/1228/1695
f 971/1228/1694 975/876/1699 976/270/1699 972/616/1694
f 967/615/437 972/616/437 976/270/1700 973/885/1700
f 1259/275/1701 977/886/1701 980/1229/1701 981/618/1701
f 1259/275/1702 981/618/1702 987/619/1702 978/300/1702
f 978/300/1703 987/619/1704 988/1230/1704 979/271/1703
f 977/886/1705 979/271/1705 988/1230/1705 980/1229/1705
f 980/1229/1706 982/622/443 983/617/1707 981/618/1706
f 986/623/1709 984/621/442 989/1232/1708 990/1231/1708
f 988/1230/1712 982/622/1711 980/1229/1710
f 985/620/444 983/617/1707 982/622/443
f 988/1230/1712 984/621/1713 982/622/1711
f 986/623/1709 985/620/444 984/621/442
f 986/623/445 990/1231/1714 991/1233/1714 987/619/440
f 987/619/1704 991/1233/1715 992/1234/1715 988/1230/1704
f 988/1230/1712 992/1234/1716 989/1232/1716 984/621/1713
f 990/1231/1717 989/1232/1717 61/1236/1717 62/1235/1717
f 990/1231/1718 62/1235/1718 63/1237/1718 991/1233/1718
f 991/1233/1719 63/1237/1719 64/1238/1719 992/1234/1719
f 989/1232/1720 992/1234/1720 64/1238/1720 61/1236/1720
f 61/1236/1721 993/624/1721 994/625/1721 62/1235/1721
f 63/1237/1722 62/1235/1722 994/625/1722 995/1239/1722
f 64/1238/1723 63/1237/1723 995/1239/1723 996/1240/1723
f 64/1238/1724 996/1240/1724 993/624/1724 61/1236/1724
f 1259/275/1725 1000/627/1725 1007/628/1725 998/274/1725
f 997/626/1726 995/1239/1726 994/625/1726
f 997/626/1727 996/1240/1727 995/1239/1727
f 997/626/1728 993/624/1728 996/1240/1728
f 998/274/1729 1007/628/1731 1002/630/1730 999/301/1729
f 999/301/1732 1002/630/450 1009/631/451 1257/272/1732
f 1257/272/1733 1009/631/1733 1000/627/1733 1259/275/1733
f 1006/636/456 1010/863/1734 1011/864/1734 1007/628/448
f 1001/629/1737 1000/627/1736 1009/631/1735
f 1007/628/1731 1004/632/1738 1002/630/1730
f 1003/633/1739 1001/629/1737 1009/631/1735
f 1005/634/1740 1004/632/1738 1007/628/1731
f 1008/635/1741 1005/634/1740 1007/628/1731
f 1006/636/1742 1003/633/1739 1009/631/1735
f 1007/628/1731 1011/864/1743 1012/283/1743 1008/635/1741
f 1008/635/455 1012/283/1744 1013/277/1744 1009/631/451
f 1006/636/1742 1009/631/1735 1013/277/1745 1010/863/1745
f 1024/168/1746 1027/645/1747 1032/1241/1747 1025/170/1746
f 1018/639/1748 1015/637/1748 1014/278/1748
f 1023/641/1749 1022/953/1749 1021/642/1749
f 1023/641/1750 1019/640/1750 1022/953/1750
f 1025/170/1751 1032/1241/1753 1028/1242/1752 1026/178/1751
f 753/177/1754 1026/178/1754 1028/1242/1754 1029/644/1754
f 1024/168/1755 753/177/1755 1029/644/1755 1027/645/1755
f 1028/1242/1756 1031/647/466 1030/643/1757 1029/644/1756
f 1032/1241/1753 1031/647/1758 1028/1242/1752
f 1032/1241/1747 1027/645/1747 1035/288/1759 1036/887/1759
f 1031/647/466 1034/646/467 1030/643/1757
f 1033/648/1760 1031/647/1758 1032/1241/1753
f 1033/648/1760 1032/1241/1753 1036/887/1761 1037/888/1761
f 1033/648/468 1037/888/1762 1038/900/1762 1034/646/467
f 1034/646/465 1038/900/1763 1035/288/1763 1027/645/464
f 1040/279/1764 1039/280/1764 1043/650/1764 1046/651/1764
f 1041/889/1767 1040/279/1767 1046/651/1766 1045/652/1765
f 1041/889/1768 1045/652/471 1048/653/472 1042/901/1768
f 1042/901/1769 1048/653/1769 1043/650/1769 1039/280/1769
f 1046/651/469 1044/649/469 1049/1244/1770 1050/1243/1770
f 1044/649/1771 1043/650/1772 1048/653/1771
f 1047/654/1773 1045/652/1765 1046/651/1766
f 1047/654/1773 1046/651/1766 1050/1243/1774 1051/1245/1774
f 1048/653/472 1047/654/473 1051/1245/1775 1052/1246/1775
f 1048/653/1771 1052/1246/1776 1049/1244/1776 1044/649/1771
f 1049/1244/1777 65/1248/1777 66/1247/1777 1050/1243/1777
f 1050/1243/1778 66/1247/1778 67/1249/1778 1051/1245/1778
f 1052/1246/1779 1051/1245/1779 67/1249/1779 68/1250/1779
f 1049/1244/1780 1052/1246/1780 68/1250/1780 65/1248/1780
f 66/1247/1781 65/1248/1781 1053/656/1781 1057/657/1781
f 67/1249/1782 66/1247/1782 1057/657/1782 1056/1251/1782
f 67/1249/1783 1056/1251/1783 1054/658/1783 68/1250/1783
f 68/1250/1784 1054/658/1784 1053/656/1784 65/1248/1784
f 1058/287/1785 1061/1253/1786 1063/1252/1786 1059/281/1785
f 1056/1251/1787 1055/655/1787 1054/658/1787
f 1057/657/1788 1055/655/1788 1056/1251/1788
f 1059/281/1789 1063/1252/1789 1062/660/1789 1039/280/1789
f 1060/908/1790 1039/280/1790 1062/660/1790 1065/661/1790
f 1058/287/1792 1060/908/1792 1065/661/1791 1061/1253/1791
f 1061/1253/1786 1066/891/1793 1067/289/1793 1063/1252/1786
f 1063/1252/1795 1064/659/1795 1062/660/1794
f 1064/659/1795 1063/1252/1795 1067/289/1796 1068/910/1796
f 1064/659/476 1068/910/1797 1069/284/1797 1065/661/476
f 1065/661/1791 1069/284/1798 1066/891/1798 1061/1253/1791
f 1261/291/1799 1070/298/1799 1072/664/479 1078/665/480
f 1261/291/1800 1078/665/1802 1075/1254/1801 1260/290/1800
f 1260/290/1803 1075/1254/1805 1073/663/1804 1071/299/1803
f 1070/298/1806 1071/299/1806 1073/663/1806 1072/664/1806
f 1075/1254/1805 1079/1256/1808 1080/1255/1808 1076/662/1807
f 1075/1254/1805 1076/662/1807 1073/663/1804
f 1076/662/1810 1074/666/1810 1072/664/1809
f 1078/665/1802 1079/1256/1811 1075/1254/1801
f 1076/662/1810 1080/1255/1812 1077/667/1812 1074/666/1810
f 1077/667/482 1081/1258/1813 1082/1257/1813 1078/665/480
f 1078/665/1802 1082/1257/1814 1083/1259/1814 1079/1256/1811
f 1080/1255/1808 1079/1256/1808 1083/1259/1815 1084/1260/1815
f 1080/1255/1812 1084/1260/1816 1081/1258/1816 1077/667/1812
f 1082/1257/1817 1081/1258/1817 69/1262/1817 70/1261/1817
f 1082/1257/1818 70/1261/1818 71/1263/1818 1083/1259/1818
f 1083/1259/1819 71/1263/1819 72/1264/1819 1084/1260/1819
f 1081/1258/1820 1084/1260/1820 72/1264/1820 69/1262/1820
f 69/1262/1821 1085/671/1821 1086/1265/1821 70/1261/1821
f 71/1263/1822 70/1261/1822 1086/1265/1822 1087/668/1822
f 72/1264/1823 71/1263/1823 1087/668/1823 1088/669/1823
f 72/1264/1824 1088/669/1824 1085/671/1824 69/1262/1824
f 1085/671/1825 1089/672/1825 1091/1266/1825 1086/1265/1825
f 1087/668/1827 1086/1265/1827 1091/1266/1826 1090/670/1826
f 1097/929/1828 1100/677/1829 1103/1267/1829 1098/937/1828
f 1090/670/484 1089/672/1830 1088/669/484
f 1091/1266/1826 1089/672/1831 1090/670/1826
f 1096/673/1832 1094/909/1832 1093/339/1832
f 1096/673/1833 1095/286/1833 1094/909/1833
f 1098/937/1834 1103/1267/1834 1101/675/1834 812/216/1834
f 1099/215/1835 812/216/1835 1101/675/1835 1102/676/1835
f 1097/929/1836 1099/215/1836 1102/676/491 1100/677/492
f 1100/677/1829 1105/680/499 1110/683/499 1103/1267/1829
f 1103/1267/1838 1104/674/1838 1101/675/1837
f 1106/678/495 1102/676/490 1104/674/488
f 1104/674/1838 1103/1267/1838 1110/683/1839 1107/679/1839
f 1107/679/494 1111/893/1841 1112/899/1841 1108/681/1840
f 1106/678/493 1105/680/496 1100/677/492
f 1108/681/1840 1106/678/495 1107/679/494
f 1110/683/1839 1111/893/1842 1107/679/1839
f 1108/681/497 1112/899/1843 1109/682/1843 1105/680/496
f 1114/894/1844 1113/957/1844 1117/1268/1844 1118/684/1844
f 1116/898/1845 1119/686/1846 1117/1268/1846 1113/957/1845
f 1118/684/1847 1115/685/1847 1114/894/1847
f 1119/686/501 1116/898/1848 1115/685/501
f 1120/928/1849 1124/690/1849 1125/691/1849 1121/895/1849
f 1118/684/1850 1117/1268/1846 1119/686/1846
f 1121/895/1851 1125/691/505 1126/689/505 1122/687/1851
f 1128/220/1852 1127/925/1852 1129/694/509 1133/695/510
f 1126/689/503 1124/690/1853 1123/688/503
f 1124/690/1854 1120/928/1854 1123/688/1854
f 1128/220/1855 1133/695/1855 1130/1269/1855 843/219/1855
f 843/219/1856 1130/1269/1856 1131/693/1856 811/956/1856
f 1127/925/1857 811/956/1857 1131/693/1857 1129/694/1857
f 1130/1269/1858 1134/1270/1859 1135/692/1859 1131/693/1858
f 1133/695/1861 1134/1270/1861 1130/1269/1860
f 1133/695/510 1132/696/511 1136/942/1862 1137/920/1862
f 1132/696/1863 1129/694/508 1135/692/506
f 1134/1270/1861 1133/695/1861 1137/920/1864 1138/308/1864
f 1135/692/1859 1134/1270/1859 1138/308/1865 1139/306/1865
f 1132/696/1863 1135/692/506 1139/306/1866 1136/942/1866
f 1145/292/1867 1148/699/515 1151/700/516 1146/297/1867
f 1144/697/1868 1141/295/1868 1140/294/1868
f 1144/697/1869 1143/307/1869 1142/309/1869
f 1147/296/1871 1146/297/1871 1151/700/1870 1149/701/1870
f 1262/293/1872 1147/296/1872 1149/701/517 1154/702/518
f 1145/292/1875 1262/293/1875 1154/702/1874 1148/699/1873
f 1150/698/514 1155/318/1877 1156/892/1877 1152/704/1876
f 1151/700/1870 1153/703/1878 1149/701/1870
f 1150/698/1879 1148/699/1873 1154/702/1874
f 1150/698/514 1152/704/1876 1151/700/516
f 1153/703/520 1152/704/520 1156/892/1880 1157/314/1880
f 1154/702/518 1153/703/519 1157/314/1881 1158/315/1881
f 1154/702/1874 1158/315/1882 1155/318/1882 1150/698/1879
f 1169/944/1883 1171/1272/1883 1172/1271/1883 929/946/1883
f 1163/706/1884 1160/316/1884 1159/317/1884
f 1163/706/1885 1161/974/1885 1160/316/1885
f 1163/706/1886 1162/705/1886 1161/974/1886
f 1168/709/1887 1165/313/1887 1164/708/1887
f 1168/709/1888 1166/941/1888 1165/313/1888
f 1168/709/1889 1167/707/1889 1166/941/1889
f 196/340/934 195/746/934 192/743/1890 193/342/1890
f 932/971/1891 929/946/1891 1172/1271/1891 1173/711/1891
f 932/971/1892 1173/711/1892 1178/712/1892 1170/247/1892
f 1170/247/1893 1178/712/1894 1171/1272/1894 1169/944/1893
f 1172/1271/1895 1175/715/1895 1174/710/1895 1173/711/1895
f 1175/715/1898 1172/1271/1897 1171/1272/1896
f 1176/714/1900 1171/1272/1896 1179/324/1899 1180/325/1899
f 1177/713/530 1174/710/1901 1175/715/529
f 1176/714/1900 1175/715/1898 1171/1272/1896
f 1177/713/530 1176/714/528 1180/325/1902 1181/975/1902
f 1177/713/527 1181/975/1903 1182/961/1903 1178/712/526
f 1178/712/1894 1182/961/1904 1179/324/1904 1171/1272/1894
f 1190/326/1905 1189/959/1905 1193/720/536 1195/721/536
f 1188/716/1906 1184/717/1906 1183/719/1906
f 1187/718/532 1185/328/1907 1184/717/532
f 1187/718/534 1188/716/1908 1186/327/534
f 1191/329/1909 1190/326/1909 1195/721/1909 1196/723/1909
f 1191/329/1910 1196/723/540 1197/724/540 1192/960/1910
f 1192/960/1911 1197/724/1912 1193/720/1912 1189/959/1911
f 1198/952/1913 1200/727/1915 1201/1273/1914 1199/951/1913
f 1197/724/1912 1194/722/1916 1193/720/1912
f 896/245/1917 1199/951/1917 1201/1273/1917 1202/1274/1917
f 931/970/1918 896/245/1918 1202/1274/1918 1203/726/1918
f 1198/952/1919 931/970/1919 1203/726/1919 1200/727/1919
f 1202/1274/1922 1201/1273/1922 1212/1276/1921 1204/1275/1920
f 1200/727/1915 1212/1276/1923 1201/1273/1914
f 1202/1274/1924 1204/1275/1925 1205/725/1925 1203/726/1924
f 1205/725/1925 1204/1275/1925 1206/730/544 1208/728/545
f 1206/730/1926 1204/1275/1920 1212/1276/1921
f 1208/728/545 1207/729/543 1209/733/550 1210/731/551
f 1212/1276/1921 1207/729/1927 1206/730/1926
f 1212/1276/1921 1209/733/1928 1207/729/1927
f 1212/1276/1923 1200/727/1915 1215/964/1929 1216/965/1929
f 1212/1276/1921 1213/732/1930 1209/733/1928
f 1211/734/1931 1210/731/551 1213/732/549
f 1214/735/1932 1211/734/1931 1213/732/549
f 1212/1276/1921 1216/965/1933 1217/966/1933 1213/732/1930
f 1213/732/549 1217/966/1934 1218/976/1934 1214/735/1932
f 1200/727/548 1214/735/553 1218/976/1935 1215/964/1935
f 1219/967/1936 1224/738/1936 1223/1277/1936 1220/977/1936
f 1221/736/1937 1220/977/1937 1223/1277/1937 1224/738/1937
f 1226/968/1939 1225/962/1939 1229/742/1938 1232/1278/1938
f 1224/738/1940 1219/967/1940 1222/737/1940
f 1227/978/1942 1226/968/1942 1232/1278/1941 1230/739/1941
f 1228/963/1943 1227/978/1943 1230/739/555 1231/740/555
f 1225/962/1944 1228/963/1944 1231/740/558 1229/742/558
f 1232/1278/1941 73/741/1945 1230/739/1941
f 1229/742/1938 73/741/1946 1232/1278/1938
f 411/14/1947 177/16/1947 1287/1279/1947
f 275/1/1948 74/2/1948 1263/1280/1948 1264/11/1948
f 1288/1283/1949 1266/10/1949 1272/1282/1949 1289/1281/1949
f 1264/11/1950 1263/1280/1950 1269/1285/1950 1270/1284/1950
f 1266/10/1951 1264/11/1951 1270/1284/1951 1272/1282/1951
f 1285/836/1952 1268/828/1952 1274/1287/1952 1286/1286/1952
f 74/2/1953 75/817/1953 1267/1288/1953 1263/1280/1953
f 1287/1279/1954 274/12/1954 1266/10/1954 1288/1283/1954
f 1273/1289/1955 1274/1287/1955 1269/1285/1955
f 1270/1284/1955 1274/1287/1955 1271/1290/1955
f 1289/1281/1955 1270/1284/1955 1271/1290/1955
f 1270/1284/1955 1269/1285/1955 1274/1287/1955
f 1268/828/1956 1265/829/1956 1271/1290/1956 1274/1287/1956
f 1263/1280/1957 1267/1288/1957 1273/1289/1957 1269/1285/1957
f 1267/1288/1958 1285/836/1958 1286/1286/1958 1273/1289/1958
f 604/1114/1959 608/189/1959 1278/851/1959 1282/1113/1959
f 601/158/1960 604/1114/1960 1282/1113/1960 1277/820/1960
f 592/1110/1961 596/821/1961 1276/822/1961 1284/1109/1961
f 589/1108/1962 592/1110/1962 1284/1109/1962 1281/1106/1962
f 76/816/1963 589/1108/1963 1281/1106/1963 1275/826/1963
f 657/176/1964 654/172/1964 1280/850/1964 1279/175/1964
f 609/173/1965 1278/851/1965 1280/850/1965 654/172/1965
f 75/817/1966 1283/827/1966 1285/836/1966 1267/1288/1966
f 1240/13/1967 1283/827/1967 1275/826/1967 412/21/1967
f 597/824/1968 1276/822/1968 1277/820/1968 602/823/1968
f 411/14/1969 1287/1279/1969 1288/1283/1969 1265/829/1969
f 656/174/76 1279/175/76 754/186/1970
f 1265/829/1971 1288/1283/1971 1289/1281/1971 1271/1290/1971
f 1289/1281/1955 1272/1282/1955 1270/1284/1955
f 1287/1279/1972 177/16/1972 274/12/1972
f 1273/1289/1955 1286/1286/1955 1274/1287/1955
f 1465/1293/1973 1507/1292/1973 2912/1291/1973
f 1481/1294/1974 1507/1292/1974 1465/1293/1974
f 1507/1292/1975 2917/1296/1975 1506/1295/1975
f 1392/1298/1976 1481/1294/1976 2845/1297/1976
f 2825/1299/1977 1481/1294/1977 1392/1298/1977
f 2824/1302/1978 1393/1301/1978 2918/1300/1978
f 2825/1299/1979 2824/1302/1979 2918/1300/1979
f 2825/1299/1980 1392/1298/1980 2824/1302/1980
f 2824/1302/1981 1392/1298/1981 1393/1301/1981
f 2918/1300/1982 1393/1301/1982 2826/1303/1982
f 1394/1304/1983 2825/1299/1983 2918/1300/1983
f 1508/1305/1984 1392/1298/1984 2845/1297/1984
f 1508/1305/1985 1393/1301/1985 1392/1298/1985
f 1509/1308/1986 2827/1307/1986 1482/1306/1986
f 2913/1310/1987 2827/1307/1987 2828/1309/1987
f 2916/1311/1988 2828/1309/1988 1509/1308/1988
f 1394/1304/1989 2827/1307/1989 2913/1310/1989
f 1394/1304/1990 2829/1313/1990 1395/1312/1990
f 2829/1313/1991 1394/1304/1991 2913/1310/1991
f 2829/1313/1992 1479/1315/1992 1480/1314/1992
f 1479/1315/1993 2839/1316/1993 1480/1314/1993
f 2910/1318/1994 1397/1317/1994 2826/1303/1994
f 1397/1317/1995 2831/1320/1995 1399/1319/1995
f 1398/1322/1996 2831/1320/1996 2832/1321/1996
f 1398/1322/1997 2832/1321/1997 1401/1323/1997
f 1399/1319/1998 2920/1324/1998 2826/1303/1998
f 2833/1327/1999 1396/1326/1999 1412/1325/1999
f 2831/1320/2000 1397/1317/2000 2830/1328/2000
f 2833/1327/2001 1477/1329/2001 2832/1321/2001
f 2832/1321/2002 1478/1330/2002 1401/1323/2002
f 2833/1327/2003 2832/1321/2003 1396/1326/2003
f 1477/1329/2004 2833/1327/2004 2909/1331/2004
f 1402/1334/2005 1400/1333/2005 1475/1332/2005
f 1402/1334/2006 1475/1332/2006 1401/1323/2006
f 1400/1333/2007 1401/1323/2007 1478/1330/2007
f 1475/1332/2008 1400/1333/2008 1474/1335/2008
f 2835/1338/2009 1501/1337/2009 1458/1336/2009
f 1475/1332/2010 1501/1337/2010 2835/1338/2010
f 1401/1323/2011 1475/1332/2011 1502/1339/2011
f 1403/1340/2012 1475/1332/2012 2835/1338/2012
f 1501/1337/2013 1475/1332/2013 1500/1341/2013
f 1475/1332/2014 1403/1340/2014 1502/1339/2014
f 1417/1344/2015 2836/1343/2015 1473/1342/2015
f 2913/1310/2016 1404/1345/2016 2829/1313/2016
f 1502/1339/2017 1404/1345/2017 2913/1310/2017
f 2837/1346/2018 1403/1340/2018 2836/1343/2018
f 1504/1349/2019 2838/1348/2019 1499/1347/2019
f 2838/1348/2020 1404/1345/2020 1498/1350/2020
f 1499/1347/2021 2838/1348/2021 1498/1350/2021
f 1404/1345/2022 1504/1349/2022 2829/1313/2022
f 1498/1350/2023 1404/1345/2023 1417/1344/2023
f 1504/1349/2024 1499/1347/2024 1296/1351/2024
f 1505/1353/2025 1480/1314/2025 2841/1352/2025
f 2840/1356/2026 1471/1355/2026 1407/1354/2026
f 1471/1355/2027 2841/1352/2027 1406/1357/2027
f 2840/1356/2028 2841/1352/2028 1471/1355/2028
f 2841/1352/2029 2840/1356/2029 1505/1353/2029
f 1471/1355/2030 1406/1357/2030 1405/1358/2030
f 1488/1360/2031 2842/1359/2031 1405/1358/2031
f 1465/1293/2032 2843/1361/2032 1481/1294/2032
f 1466/1363/2033 2843/1361/2033 2907/1362/2033
f 2843/1361/2034 1465/1293/2034 2907/1362/2034
f 2845/1297/2035 2846/1365/2035 1408/1364/2035
f 2846/1365/2036 2845/1297/2036 2844/1366/2036
f 1409/1369/2037 2847/1368/2037 2865/1367/2037
f 1409/1369/2038 2865/1367/2038 1295/1370/2038
f 2864/1371/2039 2846/1365/2039 1466/1363/2039
f 2847/1368/2040 1409/1369/2040 2846/1365/2040
f 1467/1372/2041 2865/1367/2041 2847/1368/2041
f 2863/1373/2042 2847/1368/2042 2864/1371/2042
f 2905/1376/2043 2848/1375/2043 1476/1374/2043
f 1413/1378/2044 2848/1375/2044 1420/1377/2044
f 1410/1381/2045 1464/1380/2045 1422/1379/2045
f 1464/1380/2046 2849/1382/2046 1413/1378/2046
f 2848/1375/2047 1411/1383/2047 1412/1325/2047
f 1495/1386/2048 2851/1385/2048 2850/1384/2048
f 2852/1387/2049 2850/1384/2049 2851/1385/2049
f 1474/1335/2050 2853/1389/2050 1415/1388/2050
f 1415/1388/2051 1414/1391/2051 1416/1390/2051
f 1416/1390/2052 2854/1392/2052 1500/1341/2052
f 1455/1395/2053 2855/1394/2053 2856/1393/2053
f 2854/1392/2054 1463/1397/2054 1426/1396/2054
f 1485/1398/2055 1455/1395/2055 2856/1393/2055
f 1417/1344/2056 1473/1342/2056 2857/1399/2056
f 1459/1401/2057 1473/1342/2057 1472/1400/2057
f 1460/1404/2058 2859/1403/2058 1493/1402/2058
f 2908/1405/2059 2859/1403/2059 1460/1404/2059
f 1489/1406/2060 1460/1404/2060 1493/1402/2060
f 2861/1409/2061 2860/1408/2061 1432/1407/2061
f 1470/1411/2062 1418/1410/2062 1471/1355/2062
f 1432/1407/2063 2860/1408/2063 1469/1412/2063
f 1418/1410/2064 2861/1409/2064 2862/1413/2064
f 1419/1415/2065 1492/1414/2065 2864/1371/2065
f 2864/1371/2066 1492/1414/2066 2863/1373/2066
f 1466/1363/2067 1419/1415/2067 2864/1371/2067
f 1492/1414/2068 1419/1415/2068 1293/1416/2068
f 2865/1367/2069 2866/1418/2069 2867/1417/2069
f 2866/1418/2070 2865/1367/2070 1467/1372/2070
f 1295/1370/2071 2865/1367/2071 2867/1417/2071
f 1420/1377/2072 2868/1419/2072 1495/1386/2072
f 1495/1386/2073 2868/1419/2073 2869/1420/2073
f 1413/1378/2074 1420/1377/2074 1495/1386/2074
f 1421/1421/2075 2868/1419/2075 2867/1417/2075
f 1495/1386/2076 1491/1422/2076 2851/1385/2076
f 1491/1422/2077 1490/1423/2077 2852/1387/2077
f 2852/1387/2078 2870/1424/2078 1422/1379/2078
f 1464/1380/2079 2852/1387/2079 1422/1379/2079
f 1456/1426/2080 2870/1424/2080 1486/1425/2080
f 1422/1379/2081 2870/1424/2081 1440/1427/2081
f 2871/1430/2082 1424/1429/2082 1423/1428/2082
f 1410/1381/2083 1422/1379/2083 2871/1430/2083
f 1440/1427/2084 2871/1430/2084 1422/1379/2084
f 2898/1432/2085 2872/1431/2085 1424/1429/2085
f 1463/1397/2086 1455/1395/2086 2873/1433/2086
f 2874/1435/2087 2873/1433/2087 1425/1434/2087
f 2874/1435/2088 1427/1436/2088 1426/1396/2088
f 1427/1436/2089 2874/1435/2089 1425/1434/2089
f 1427/1436/2090 1425/1434/2090 1294/1437/2090
f 1489/1406/2091 1294/1437/2091 2897/1438/2091
f 1425/1434/2092 1428/1439/2092 1294/1437/2092
f 1428/1439/2093 1425/1434/2093 1445/1440/2093
f 1460/1404/2094 2875/1442/2094 1461/1441/2094
f 1483/1443/2095 2875/1442/2095 1460/1404/2095
f 2877/1446/2096 2876/1445/2096 1429/1444/2096
f 1430/1449/2097 1431/1448/2097 1468/1447/2097
f 1429/1444/2098 1430/1449/2098 2877/1446/2098
f 2875/1442/2099 1430/1449/2099 1461/1441/2099
f 2877/1446/2100 1430/1449/2100 2875/1442/2100
f 1488/1360/2101 2878/1450/2101 1469/1412/2101
f 2896/1451/2102 2878/1450/2102 1488/1360/2102
f 2879/1453/2103 2878/1450/2103 1451/1452/2103
f 2879/1453/2104 2880/1455/2104 1433/1454/2104
f 2880/1455/2105 2879/1453/2105 1451/1452/2105
f 1433/1454/2106 1434/1457/2106 1454/1456/2106
f 2880/1455/2107 1451/1452/2107 1292/1458/2107
f 1435/1459/2108 1434/1457/2108 2880/1455/2108
f 1434/1457/2109 1453/1460/2109 1454/1456/2109
f 2881/1462/2110 1452/1461/2110 1453/1460/2110
f 1436/1465/2111 1457/1464/2111 2883/1463/2111
f 1421/1421/2112 2882/1467/2112 1437/1466/2112
f 2883/1463/2113 1457/1464/2113 2901/1468/2113
f 2885/1470/2114 2884/1469/2114 1436/1465/2114
f 1438/1471/2115 2884/1469/2115 2885/1470/2115
f 1421/1421/2116 1437/1466/2116 1490/1423/2116
f 2886/1473/2117 2888/1472/2117 2885/1470/2117
f 1454/1456/2118 2886/1473/2118 1436/1465/2118
f 1436/1465/2119 2886/1473/2119 2885/1470/2119
f 2885/1470/2120 2888/1472/2120 2887/1474/2120
f 1456/1426/2121 1439/1475/2121 1440/1427/2121
f 1438/1471/2122 1456/1426/2122 1486/1425/2122
f 1439/1475/2123 1438/1471/2123 2885/1470/2123
f 1439/1475/2124 1456/1426/2124 1438/1471/2124
f 1441/1478/2125 1442/1477/2125 1291/1476/2125
f 1440/1427/2126 2887/1474/2126 1441/1478/2126
f 2887/1474/2127 1439/1475/2127 2885/1470/2127
f 2888/1472/2128 1443/1479/2128 2887/1474/2128
f 2888/1472/2129 1442/1477/2129 1443/1479/2129
f 1452/1461/2130 1442/1477/2130 2888/1472/2130
f 1291/1476/2131 1442/1477/2131 1450/1480/2131
f 1450/1480/2132 1442/1477/2132 1448/1481/2132
f 1448/1481/2133 1452/1461/2133 2881/1462/2133
f 1484/1484/2134 2890/1483/2134 2889/1482/2134
f 1485/1398/2135 1484/1484/2135 1455/1395/2135
f 1446/1486/2136 2891/1485/2136 1291/1476/2136
f 1444/1488/2137 1446/1486/2137 1290/1487/2137
f 2897/1438/2138 2891/1485/2138 1444/1488/2138
f 1446/1486/2139 2895/1489/2139 1290/1487/2139
f 2876/1445/2140 1290/1487/2140 1447/1490/2140
f 2892/1491/2141 1290/1487/2141 2876/1445/2141
f 2876/1445/2142 1447/1490/2142 1429/1444/2142
f 2893/1493/2143 2894/1492/2143 1292/1458/2143
f 1447/1490/2144 2893/1493/2144 1292/1458/2144
f 2894/1492/2145 1447/1490/2145 1290/1487/2145
f 1435/1459/2146 2895/1489/2146 1449/1494/2146
f 2894/1492/2147 1435/1459/2147 1292/1458/2147
f 2894/1492/2148 2895/1489/2148 1435/1459/2148
f 1487/1495/2149 2896/1451/2149 1488/1360/2149
f 1451/1452/2150 2896/1451/2150 1292/1458/2150
f 1447/1490/2151 1487/1495/2151 1429/1444/2151
f 1489/1406/2152 2897/1438/2152 1483/1443/2152
f 2897/1438/2153 1445/1440/2153 2891/1485/2153
f 1445/1440/2154 2897/1438/2154 1428/1439/2154
f 1441/1478/2155 2898/1432/2155 1440/1427/2155
f 1291/1476/2156 2898/1432/2156 1441/1478/2156
f 1484/1484/2157 2898/1432/2157 1291/1476/2157
f 1490/1423/2158 2899/1496/2158 1486/1425/2158
f 1486/1425/2159 2899/1496/2159 1438/1471/2159
f 2852/1387/2160 1490/1423/2160 1486/1425/2160
f 2900/1497/2161 2901/1468/2161 1492/1414/2161
f 2901/1468/2162 2900/1497/2162 2883/1463/2162
f 1454/1456/2163 2900/1497/2163 1433/1454/2163
f 1430/1449/2164 2902/1498/2164 2908/1405/2164
f 2902/1498/2165 1494/1499/2165 2908/1405/2165
f 2839/1316/2166 2902/1498/2166 1468/1447/2166
f 1472/1400/2167 2903/1500/2167 1459/1401/2167
f 1458/1336/2168 2903/1500/2168 1472/1400/2168
f 1459/1401/2169 1427/1436/2169 1294/1437/2169
f 2904/1502/2170 1462/1501/2170 2853/1389/2170
f 2871/1430/2171 1423/1428/2171 1410/1381/2171
f 1462/1501/2172 2904/1502/2172 1423/1428/2172
f 1295/1370/2173 2905/1376/2173 1497/1503/2173
f 2905/1376/2174 1420/1377/2174 2848/1375/2174
f 1418/1410/2175 2906/1504/2175 1471/1355/2175
f 1419/1415/2176 2907/1362/2176 2862/1413/2176
f 2907/1362/2177 1418/1410/2177 2862/1413/2177
f 1417/1344/2178 1499/1347/2178 1498/1350/2178
f 2908/1405/2179 1499/1347/2179 1417/1344/2179
f 1499/1347/2180 1494/1499/2180 1296/1351/2180
f 1426/1396/2181 1458/1336/2181 1500/1341/2181
f 1415/1388/2182 1500/1341/2182 1474/1335/2182
f 1496/1505/2183 1411/1383/2183 1410/1381/2183
f 1477/1329/2184 1496/1505/2184 2853/1389/2184
f 2910/1318/2185 1408/1364/2185 1497/1503/2185
f 1408/1364/2186 2910/1318/2186 1508/1305/2186
f 1295/1370/2187 1497/1503/2187 1408/1364/2187
f 1408/1364/2188 1508/1305/2188 2845/1297/2188
f 1409/1369/2189 1295/1370/2189 1408/1364/2189
f 1506/1295/2190 2911/1506/2190 1407/1354/2190
f 2840/1356/2191 2911/1506/2191 1505/1353/2191
f 2911/1506/2192 1506/1295/2192 1505/1353/2192
f 2906/1504/2193 1407/1354/2193 1471/1355/2193
f 2828/1309/2194 1503/1507/2194 2913/1310/2194
f 2913/1310/2195 1503/1507/2195 1502/1339/2195
f 2828/1309/2196 2915/1508/2196 1503/1507/2196
f 1399/1319/2197 1398/1322/2197 2916/1311/2197
f 2916/1311/2198 1398/1322/2198 2915/1508/2198
f 1505/1353/2199 2917/1296/2199 1395/1312/2199
f 1395/1312/2200 2825/1299/2200 1394/1304/2200
f 1395/1312/2201 1507/1292/2201 2825/1299/2201
f 2919/1509/2202 2920/1324/2202 2916/1311/2202
f 2918/1300/2203 1482/1306/2203 1394/1304/2203
f 2826/1303/2204 2919/1509/2204 2918/1300/2204
f 3019/1512/2205 1510/1511/2205 1537/1510/2205
f 2923/1514/2206 1623/1513/2206 3019/1512/2206
f 2922/1517/2207 2924/1516/2207 1518/1515/2207
f 2922/1517/2208 2923/1514/2208 2924/1516/2208
f 2922/1517/2209 1518/1515/2209 1519/1518/2209
f 1620/1519/2210 2924/1516/2210 2923/1514/2210
f 1510/1511/2211 2925/1521/2211 2926/1520/2211
f 2926/1520/2212 2925/1521/2212 1617/1522/2212
f 1510/1511/2213 2926/1520/2213 1537/1510/2213
f 3012/1525/2214 2921/1524/2214 1535/1523/2214
f 3012/1525/2215 1510/1511/2215 2921/1524/2215
f 2926/1520/2216 2927/1527/2216 2928/1526/2216
f 1615/1529/2217 1617/1522/2217 1539/1528/2217
f 2928/1526/2218 2927/1527/2218 1612/1530/2218
f 2928/1526/2219 1538/1531/2219 1537/1510/2219
f 2928/1526/2220 2929/1532/2220 1538/1531/2220
f 2929/1532/2221 2928/1526/2221 1612/1530/2221
f 2924/1516/2222 1608/1533/2222 1518/1515/2222
f 1520/1536/2223 1512/1535/2223 1603/1534/2223
f 1520/1536/2224 1603/1534/2224 1594/1537/2224
f 2931/1540/2225 1515/1539/2225 1600/1538/2225
f 1600/1538/2226 1514/1542/2226 1616/1541/2226
f 1522/1544/2227 1523/1543/2227 2931/1540/2227
f 3005/1547/2228 2935/1546/2228 1517/1545/2228
f 2934/1548/2229 2935/1546/2229 3005/1547/2229
f 1517/1545/2230 2940/1550/2230 3003/1549/2230
f 1299/1551/2231 2934/1548/2231 3005/1547/2231
f 2935/1546/2232 1596/1553/2232 2985/1552/2232
f 1519/1518/2233 2936/1555/2233 1595/1554/2233
f 1518/1515/2234 2936/1555/2234 1519/1518/2234
f 1519/1518/2235 1595/1554/2235 1546/1556/2235
f 2936/1555/2236 2930/1558/2236 2983/1557/2236
f 1595/1554/2237 2936/1555/2237 2981/1559/2237
f 1512/1535/2238 2937/1561/2238 1548/1560/2238
f 2937/1561/2239 2996/1562/2239 1548/1560/2239
f 2937/1561/2240 1593/1564/2240 2975/1563/2240
f 1588/1566/2241 1522/1544/2241 1590/1565/2241
f 2938/1569/2242 2939/1568/2242 2933/1567/2242
f 2971/1570/2243 2938/1569/2243 2933/1567/2243
f 2986/1573/2244 1584/1572/2244 1554/1571/2244
f 1579/1575/2245 2940/1550/2245 1526/1574/2245
f 3003/1549/2246 2940/1550/2246 1579/1575/2246
f 1580/1576/2247 1579/1575/2247 1526/1574/2247
f 1579/1575/2248 1580/1576/2248 1577/1577/2248
f 2941/1580/2249 2980/1579/2249 1527/1578/2249
f 1575/1582/2250 1532/1581/2250 2941/1580/2250
f 1521/1584/2251 1532/1581/2251 1544/1583/2251
f 2980/1579/2252 1532/1581/2252 1521/1584/2252
f 1573/1587/2253 2942/1586/2253 1528/1585/2253
f 1529/1589/2254 2942/1586/2254 1533/1588/2254
f 2961/1591/2255 1528/1585/2255 1556/1590/2255
f 1573/1587/2256 1528/1585/2256 2961/1591/2256
f 1569/1594/2257 1587/1593/2257 2974/1592/2257
f 1569/1594/2258 2943/1595/2258 1587/1593/2258
f 1534/1598/2259 1568/1597/2259 1566/1596/2259
f 1568/1597/2260 1534/1598/2260 1569/1594/2260
f 1531/1601/2261 2944/1600/2261 1558/1599/2261
f 2944/1600/2262 1583/1603/2262 2952/1602/2262
f 1565/1604/2263 2944/1600/2263 2952/1602/2263
f 1565/1604/2264 1303/1606/2264 2949/1605/2264
f 1302/1609/2265 2967/1608/2265 1563/1607/2265
f 1564/1612/2266 2945/1611/2266 2968/1610/2266
f 1563/1607/2267 2945/1611/2267 1564/1612/2267
f 2968/1610/2268 2945/1611/2268 1578/1613/2268
f 1302/1609/2269 2946/1615/2269 2963/1614/2269
f 1562/1616/2270 2949/1605/2270 1303/1606/2270
f 1562/1616/2271 1563/1607/2271 2949/1605/2271
f 1561/1618/2272 1562/1616/2272 2951/1617/2272
f 2948/1619/2273 1564/1612/2273 2968/1610/2273
f 2949/1605/2274 1563/1607/2274 1564/1612/2274
f 2948/1619/2275 1558/1599/2275 1565/1604/2275
f 1566/1596/2276 2951/1617/2276 2953/1620/2276
f 2950/1621/2277 2951/1617/2277 1568/1597/2277
f 2953/1620/2278 1562/1616/2278 1303/1606/2278
f 1561/1618/2279 2951/1617/2279 2950/1621/2279
f 1303/1606/2280 1567/1622/2280 2953/1620/2280
f 2952/1602/2281 1567/1622/2281 1303/1606/2281
f 1557/1624/2282 2954/1623/2282 2952/1602/2282
f 2954/1623/2283 1567/1622/2283 2952/1602/2283
f 2943/1595/2284 1557/1624/2284 2988/1625/2284
f 2954/1623/2285 1557/1624/2285 2943/1595/2285
f 2957/1627/2286 2955/1626/2286 1568/1597/2286
f 1298/1629/2287 2955/1626/2287 2960/1628/2287
f 1561/1618/2288 2950/1621/2288 1298/1629/2288
f 2974/1592/2289 2956/1630/2289 1569/1594/2289
f 2955/1626/2290 2958/1631/2290 1573/1587/2290
f 2957/1627/2291 1570/1632/2291 2958/1631/2291
f 1525/1633/2292 1570/1632/2292 2974/1592/2292
f 2958/1631/2293 1533/1588/2293 2942/1586/2293
f 2959/1635/2294 2960/1628/2294 1571/1634/2294
f 2960/1628/2295 2955/1626/2295 1573/1587/2295
f 1560/1637/2296 2959/1635/2296 1301/1636/2296
f 1560/1637/2297 2960/1628/2297 2959/1635/2297
f 2962/1638/2298 2961/1591/2298 1556/1590/2298
f 1572/1639/2299 1301/1636/2299 2959/1635/2299
f 2977/1640/2300 2962/1638/2300 1556/1590/2300
f 1532/1581/2301 1301/1636/2301 1544/1583/2301
f 2964/1641/2302 2963/1614/2302 1560/1637/2302
f 2963/1614/2303 2965/1642/2303 1302/1609/2303
f 1575/1582/2304 1560/1637/2304 1301/1636/2304
f 2941/1580/2305 1574/1643/2305 1575/1582/2305
f 1575/1582/2306 1574/1643/2306 1560/1637/2306
f 1576/1644/2307 2965/1642/2307 1527/1578/2307
f 1302/1609/2308 2966/1645/2308 2967/1608/2308
f 2982/1647/2309 1576/1644/2309 1555/1646/2309
f 2967/1608/2310 1543/1648/2310 2945/1611/2310
f 1543/1648/2311 2966/1645/2311 2982/1647/2311
f 2965/1642/2312 1576/1644/2312 2966/1645/2312
f 1577/1577/2313 1578/1613/2313 3001/1649/2313
f 1543/1648/2314 1578/1613/2314 2945/1611/2314
f 3001/1649/2315 1578/1613/2315 1543/1648/2315
f 1580/1576/2316 1578/1613/2316 1577/1577/2316
f 1579/1575/2317 1577/1577/2317 1606/1650/2317
f 1531/1601/2318 2969/1652/2318 1552/1651/2318
f 1580/1576/2319 2969/1652/2319 1559/1653/2319
f 2969/1652/2320 1558/1599/2320 1559/1653/2320
f 2970/1655/2321 1581/1654/2321 1583/1603/2321
f 1554/1571/2322 1581/1654/2322 2970/1655/2322
f 2971/1570/2323 1582/1656/2323 1584/1572/2323
f 1584/1572/2324 1581/1654/2324 1554/1571/2324
f 2971/1570/2325 1584/1572/2325 2938/1569/2325
f 2952/1602/2326 1582/1656/2326 2971/1570/2326
f 2972/1658/2327 1549/1657/2327 1557/1624/2327
f 2971/1570/2328 2972/1658/2328 2952/1602/2328
f 1549/1657/2329 2972/1658/2329 1550/1659/2329
f 1550/1659/2330 2972/1658/2330 2971/1570/2330
f 1557/1624/2331 1549/1657/2331 2988/1625/2331
f 2990/1662/2332 1585/1661/2332 1530/1660/2332
f 1551/1663/2333 1585/1661/2333 2990/1662/2333
f 1588/1566/2334 1586/1664/2334 1551/1663/2334
f 2973/1665/2335 1588/1566/2335 1590/1565/2335
f 1589/1666/2336 1588/1566/2336 2973/1665/2336
f 1587/1593/2337 1586/1664/2337 1589/1666/2337
f 2973/1665/2338 1547/1667/2338 1525/1633/2338
f 2974/1592/2339 2973/1665/2339 1525/1633/2339
f 1590/1565/2340 1547/1667/2340 2973/1665/2340
f 1525/1633/2341 1547/1667/2341 2992/1668/2341
f 2976/1670/2342 1528/1585/2342 1524/1669/2342
f 1528/1585/2343 1592/1671/2343 1556/1590/2343
f 1594/1537/2344 1591/1672/2344 1593/1564/2344
f 1545/1673/2345 2977/1640/2345 1594/1537/2345
f 2977/1640/2346 1545/1673/2346 1544/1583/2346
f 1594/1537/2347 2977/1640/2347 1556/1590/2347
f 1300/1676/2348 2978/1675/2348 2998/1674/2348
f 2998/1674/2349 2978/1675/2349 1521/1584/2349
f 1527/1578/2350 2979/1677/2350 1555/1646/2350
f 1527/1578/2351 2980/1579/2351 2979/1677/2351
f 2979/1677/2352 2978/1675/2352 2981/1559/2352
f 1555/1646/2353 2983/1557/2353 2982/1647/2353
f 2981/1559/2354 2983/1557/2354 1555/1646/2354
f 2970/1655/2355 2984/1678/2355 1554/1571/2355
f 1531/1601/2356 2984/1678/2356 2970/1655/2356
f 1554/1571/2357 2984/1678/2357 2985/1552/2357
f 1531/1601/2358 1552/1651/2358 2984/1678/2358
f 1554/1571/2359 2985/1552/2359 2986/1573/2359
f 1542/1679/2360 2934/1548/2360 1299/1551/2360
f 1596/1553/2361 2987/1680/2361 2986/1573/2361
f 1584/1572/2362 2987/1680/2362 1553/1681/2362
f 1530/1660/2363 2988/1625/2363 2990/1662/2363
f 2988/1625/2364 1597/1682/2364 2990/1662/2364
f 2990/1662/2365 1599/1684/2365 2991/1683/2365
f 1597/1682/2366 1599/1684/2366 2990/1662/2366
f 1541/1686/2367 2991/1683/2367 1598/1685/2367
f 1551/1663/2368 1541/1686/2368 1297/1687/2368
f 2990/1662/2369 2991/1683/2369 1551/1663/2369
f 1600/1538/2370 1547/1667/2370 1590/1565/2370
f 1524/1669/2371 1601/1688/2371 2975/1563/2371
f 1602/1690/2372 2993/1689/2372 1600/1538/2372
f 2994/1691/2373 2993/1689/2373 1601/1688/2373
f 1616/1541/2374 1602/1690/2374 1600/1538/2374
f 2995/1692/2375 2993/1689/2375 1602/1690/2375
f 1512/1535/2376 1548/1560/2376 1513/1693/2376
f 1601/1688/2377 2937/1561/2377 2975/1563/2377
f 1521/1584/2378 2997/1694/2378 2998/1674/2378
f 2997/1694/2379 1545/1673/2379 2998/1674/2379
f 1603/1534/2380 2998/1674/2380 1545/1673/2380
f 1544/1583/2381 1545/1673/2381 2997/1694/2381
f 1544/1583/2382 2997/1694/2382 1521/1584/2382
f 3000/1697/2383 2999/1696/2383 1622/1695/2383
f 1511/1698/2384 2999/1696/2384 1603/1534/2384
f 2999/1696/2385 1546/1556/2385 1300/1676/2385
f 2999/1696/2386 3000/1697/2386 1546/1556/2386
f 1300/1676/2387 1546/1556/2387 1595/1554/2387
f 1604/1699/2388 1543/1648/2388 2983/1557/2388
f 1608/1533/2389 1605/1700/2389 1604/1699/2389
f 2930/1558/2390 1604/1699/2390 2983/1557/2390
f 1608/1533/2391 1604/1699/2391 2930/1558/2391
f 1610/1703/2392 1609/1702/2392 1607/1701/2392
f 1605/1700/2393 1609/1702/2393 1606/1650/2393
f 1609/1702/2394 3002/1704/2394 1579/1575/2394
f 3002/1704/2395 1609/1702/2395 1610/1703/2395
f 3003/1549/2396 3002/1704/2396 3017/1705/2396
f 3002/1704/2397 3003/1549/2397 1579/1575/2397
f 1610/1703/2398 1607/1701/2398 1608/1533/2398
f 3004/1708/2399 3016/1707/2399 3007/1706/2399
f 3016/1707/2400 3004/1708/2400 1517/1545/2400
f 3005/1547/2401 3004/1708/2401 1299/1551/2401
f 3007/1706/2402 1299/1551/2402 3004/1708/2402
f 1612/1530/2403 3006/1709/2403 2929/1532/2403
f 1540/1710/2404 1299/1551/2404 1612/1530/2404
f 1540/1710/2405 1613/1712/2405 1516/1711/2405
f 1613/1712/2406 1540/1710/2406 1612/1530/2406
f 1540/1710/2407 1516/1711/2407 1553/1681/2407
f 3009/1713/2408 2927/1527/2408 1615/1529/2408
f 3009/1713/2409 1614/1714/2409 1613/1712/2409
f 2927/1527/2410 1613/1712/2410 1612/1530/2410
f 1615/1529/2411 2927/1527/2411 1617/1522/2411
f 1297/1687/2412 3010/1715/2412 1539/1528/2412
f 1598/1685/2413 3010/1715/2413 1541/1686/2413
f 1515/1539/2414 3011/1716/2414 1514/1542/2414
f 1616/1541/2415 1618/1718/2415 3013/1717/2415
f 1618/1718/2416 1616/1541/2416 3011/1716/2416
f 1618/1718/2417 3011/1716/2417 1617/1522/2417
f 1513/1693/2418 3013/1717/2418 1535/1523/2418
f 2995/1692/2419 3014/1719/2419 1548/1560/2419
f 3013/1717/2420 1602/1690/2420 1616/1541/2420
f 1602/1690/2421 3014/1719/2421 2995/1692/2421
f 3015/1721/2422 1610/1703/2422 3018/1720/2422
f 3016/1707/2423 3017/1705/2423 3015/1721/2423
f 3018/1720/2424 1610/1703/2424 1608/1533/2424
f 1611/1723/2425 3016/1707/2425 1621/1722/2425
f 3018/1720/2426 1619/1724/2426 1620/1519/2426
f 1621/1722/2427 3018/1720/2427 1620/1519/2427
f 1619/1724/2428 3018/1720/2428 1608/1533/2428
f 1537/1510/2429 1538/1531/2429 3019/1512/2429
f 3019/1512/2430 1620/1519/2430 2923/1514/2430
f 3019/1512/2431 1538/1531/2431 1611/1723/2431
f 1511/1698/2432 3020/1725/2432 1622/1695/2432
f 1622/1695/2433 3020/1725/2433 1625/1726/2433
f 3020/1725/2434 1511/1698/2434 1512/1535/2434
f 1625/1726/2435 1624/1727/2435 1622/1695/2435
f 2922/1517/2436 3021/1728/2436 1623/1513/2436
f 1624/1727/2437 1536/1729/2437 1622/1695/2437
f 1729/1732/2438 1728/1731/2438 3022/1730/2438
f 3122/1734/2439 1728/1731/2439 1726/1733/2439
f 3022/1730/2440 1626/1736/2440 1632/1735/2440
f 3127/1739/2441 1627/1738/2441 3131/1737/2441
f 1629/1740/2442 1627/1738/2442 3127/1739/2442
f 1632/1735/2443 1626/1736/2443 3023/1741/2443
f 1630/1742/2444 3023/1741/2444 3122/1734/2444
f 3023/1741/2445 1626/1736/2445 3122/1734/2445
f 1630/1742/2446 3121/1744/2446 3117/1743/2446
f 1632/1735/2447 3023/1741/2447 1630/1742/2447
f 3121/1744/2448 1630/1742/2448 3122/1734/2448
f 1632/1735/2449 3024/1746/2449 3025/1745/2449
f 1630/1742/2450 3024/1746/2450 1632/1735/2450
f 3117/1743/2451 3024/1746/2451 1630/1742/2451
f 1660/1747/2452 3024/1746/2452 3117/1743/2452
f 3026/1748/2453 3025/1745/2453 1660/1747/2453
f 1629/1740/2454 3028/1750/2454 1636/1749/2454
f 1717/1752/2455 3028/1750/2455 1718/1751/2455
f 1635/1754/2456 3028/1750/2456 1707/1753/2456
f 3029/1757/2457 3031/1756/2457 3129/1755/2457
f 1638/1759/2458 3031/1756/2458 1637/1758/2458
f 1637/1758/2459 3031/1756/2459 3030/1760/2459
f 3031/1756/2460 1628/1761/2460 3129/1755/2460
f 3032/1764/2461 3033/1763/2461 3120/1762/2461
f 1631/1766/2462 3033/1763/2462 3038/1765/2462
f 3038/1765/2463 3033/1763/2463 1308/1767/2463
f 1711/1768/2464 3032/1764/2464 3120/1762/2464
f 1720/1771/2465 3035/1770/2465 3115/1769/2465
f 1639/1774/2466 3099/1773/2466 1701/1772/2466
f 1639/1774/2467 3035/1770/2467 3099/1773/2467
f 1666/1777/2468 1633/1776/2468 3036/1775/2468
f 3036/1775/2469 1633/1776/2469 1310/1778/2469
f 1634/1779/2470 1633/1776/2470 1666/1777/2470
f 3107/1782/2471 3037/1781/2471 1307/1780/2471
f 1636/1749/2472 3037/1781/2472 3107/1782/2472
f 1637/1758/2473 1670/1783/2473 1638/1759/2473
f 1705/1784/2474 1637/1758/2474 3030/1760/2474
f 3038/1765/2475 1673/1786/2475 1672/1785/2475
f 1709/1788/2476 1673/1786/2476 3039/1787/2476
f 1701/1772/2477 3040/1789/2477 1639/1774/2477
f 3095/1791/2478 3040/1789/2478 3074/1790/2478
f 3040/1789/2479 1701/1772/2479 3074/1790/2479
f 1639/1774/2480 3040/1789/2480 1640/1792/2480
f 3040/1789/2481 3095/1791/2481 3113/1793/2481
f 3095/1791/2482 3074/1790/2482 1674/1794/2482
f 3109/1797/2483 3041/1796/2483 3071/1795/2483
f 1666/1777/2484 3041/1796/2484 3109/1797/2484
f 3036/1775/2485 3041/1796/2485 1666/1777/2485
f 1697/1798/2486 3041/1796/2486 3036/1775/2486
f 3109/1797/2487 3071/1795/2487 1696/1799/2487
f 3065/1802/2488 3066/1801/2488 3088/1800/2488
f 3045/1805/2489 3046/1804/2489 3044/1803/2489
f 1652/1807/2490 3046/1804/2490 1311/1806/2490
f 3078/1810/2491 1646/1809/2491 1647/1808/2491
f 1647/1808/2492 3047/1812/2492 3055/1811/2492
f 3059/1814/2493 1646/1809/2493 1645/1813/2493
f 3055/1811/2494 3047/1812/2494 1690/1815/2494
f 1653/1818/2495 1648/1817/2495 1312/1816/2495
f 1649/1820/2496 1648/1817/2496 3048/1819/2496
f 1648/1817/2497 1700/1822/2497 1688/1821/2497
f 1312/1816/2498 1648/1817/2498 1687/1823/2498
f 1685/1826/2499 3049/1825/2499 1683/1824/2499
f 1695/1828/2500 3049/1825/2500 1651/1827/2500
f 3049/1825/2501 3053/1829/2501 1651/1827/2501
f 1684/1831/2502 1683/1824/2502 3068/1830/2502
f 1679/1834/2503 3051/1833/2503 3050/1832/2503
f 1679/1834/2504 1653/1818/2504 3051/1833/2504
f 3048/1819/2505 3073/1835/2505 1649/1820/2505
f 3052/1836/2506 3053/1829/2506 1685/1826/2506
f 3053/1829/2507 3052/1836/2507 1686/1837/2507
f 1312/1816/2508 3052/1836/2508 1685/1826/2508
f 1651/1827/2509 3053/1829/2509 3057/1838/2509
f 1686/1837/2510 1312/1816/2510 3054/1839/2510
f 3054/1839/2511 1687/1823/2511 1688/1821/2511
f 1688/1821/2512 3055/1811/2512 3054/1839/2512
f 1678/1840/2513 3055/1811/2513 1688/1821/2513
f 1678/1840/2514 3077/1841/2514 3055/1811/2514
f 3057/1838/2515 1682/1842/2515 1651/1827/2515
f 3059/1814/2516 3058/1844/2516 3056/1843/2516
f 1690/1815/2517 3056/1843/2517 1686/1837/2517
f 3059/1814/2518 3056/1843/2518 1690/1815/2518
f 1311/1806/2519 1677/1845/2519 1652/1807/2519
f 1677/1845/2520 3081/1846/2520 1652/1807/2520
f 1645/1813/2521 1677/1845/2521 1691/1847/2521
f 3061/1850/2522 3060/1849/2522 1689/1848/2522
f 1689/1848/2523 3060/1849/2523 1682/1842/2523
f 1682/1842/2524 3064/1851/2524 1651/1827/2524
f 1693/1852/2525 3046/1804/2525 3045/1805/2525
f 3061/1850/2526 1692/1853/2526 1693/1852/2526
f 1311/1806/2527 1692/1853/2527 1689/1848/2527
f 3061/1850/2528 1693/1852/2528 1680/1854/2528
f 1680/1854/2529 1693/1852/2529 3042/1855/2529
f 1650/1858/2530 3062/1857/2530 1667/1856/2530
f 1693/1852/2531 3062/1857/2531 3042/1855/2531
f 1676/1859/2532 3062/1857/2532 3045/1805/2532
f 3084/1860/2533 3062/1857/2533 1676/1859/2533
f 3105/1861/2534 1650/1858/2534 1667/1856/2534
f 1667/1856/2535 3062/1857/2535 3084/1860/2535
f 3062/1857/2536 3043/1862/2536 3042/1855/2536
f 3062/1857/2537 1650/1858/2537 3043/1862/2537
f 3063/1863/2538 3064/1851/2538 1680/1854/2538
f 3064/1851/2539 3063/1863/2539 1695/1828/2539
f 3064/1851/2540 1682/1842/2540 3060/1849/2540
f 3049/1825/2541 1695/1828/2541 3068/1830/2541
f 3066/1801/2542 1694/1864/2542 3043/1862/2542
f 1694/1864/2543 3065/1802/2543 3063/1863/2543
f 3043/1862/2544 1694/1864/2544 1680/1854/2544
f 1681/1866/2545 3068/1830/2545 3067/1865/2545
f 3068/1830/2546 1681/1866/2546 1684/1831/2546
f 3069/1869/2547 1306/1868/2547 1698/1867/2547
f 3069/1869/2548 3070/1870/2548 1306/1868/2548
f 1306/1868/2549 3070/1870/2549 1716/1871/2549
f 1681/1866/2550 3069/1869/2550 1698/1867/2550
f 1698/1867/2551 1306/1868/2551 3072/1872/2551
f 3072/1872/2552 3071/1795/2552 1697/1798/2552
f 1696/1799/2553 3071/1795/2553 1306/1868/2553
f 3072/1872/2554 3073/1835/2554 1679/1834/2554
f 3090/1874/2555 1699/1873/2555 1697/1798/2555
f 1698/1867/2556 1679/1834/2556 3050/1832/2556
f 1643/1876/2557 3075/1875/2557 1649/1820/2557
f 3075/1875/2558 1700/1822/2558 1649/1820/2558
f 3075/1875/2559 1643/1876/2559 1642/1877/2559
f 3075/1875/2560 1702/1878/2560 1700/1822/2560
f 3075/1875/2561 3074/1790/2561 1702/1878/2561
f 1700/1822/2562 1702/1878/2562 1688/1821/2562
f 3077/1841/2563 1678/1840/2563 3076/1879/2563
f 3097/1880/2564 3076/1879/2564 3099/1773/2564
f 1701/1772/2565 1678/1840/2565 1702/1878/2565
f 1647/1808/2566 3077/1841/2566 3078/1810/2566
f 3077/1841/2567 3076/1879/2567 3078/1810/2567
f 1702/1878/2568 1678/1840/2568 1688/1821/2568
f 1645/1813/2569 1646/1809/2569 1703/1881/2569
f 3080/1882/2570 3039/1787/2570 1308/1767/2570
f 3039/1787/2571 1641/1883/2571 1709/1788/2571
f 3039/1787/2572 3079/1884/2572 1641/1883/2572
f 1669/1885/2573 3080/1882/2573 1308/1767/2573
f 3102/1886/2574 3080/1882/2574 1669/1885/2574
f 1703/1881/2575 1677/1845/2575 1645/1813/2575
f 3101/1888/2576 3082/1887/2576 3044/1803/2576
f 1704/1891/2577 1710/1890/2577 1309/1889/2577
f 3045/1805/2578 3082/1887/2578 1676/1859/2578
f 3083/1893/2579 1705/1784/2579 3085/1892/2579
f 1704/1891/2580 3083/1893/2580 1676/1859/2580
f 1309/1889/2581 1705/1784/2581 1704/1891/2581
f 1668/1894/2582 3085/1892/2582 1705/1784/2582
f 1706/1897/2583 3086/1896/2583 1644/1895/2583
f 1307/1780/2584 1706/1897/2584 1644/1895/2584
f 3066/1801/2585 3086/1896/2585 3088/1800/2585
f 1644/1895/2586 3086/1896/2586 3043/1862/2586
f 1706/1897/2587 3087/1898/2587 3088/1800/2587
f 1707/1753/2588 3087/1898/2588 1635/1754/2588
f 1675/1901/2589 3089/1900/2589 1664/1899/2589
f 1665/1902/2590 1664/1899/2590 3089/1900/2590
f 3087/1898/2591 3089/1900/2591 3088/1800/2591
f 1643/1876/2592 3090/1874/2592 1642/1877/2592
f 3090/1874/2593 1708/1903/2593 1642/1877/2593
f 1310/1778/2594 1708/1903/2594 1697/1798/2594
f 1642/1877/2595 3091/1904/2595 3074/1790/2595
f 1642/1877/2596 1708/1903/2596 3091/1904/2596
f 1699/1873/2597 1643/1876/2597 1649/1820/2597
f 3093/1905/2598 3091/1904/2598 1633/1776/2598
f 1633/1776/2599 3092/1906/2599 1310/1778/2599
f 3074/1790/2600 3091/1904/2600 1674/1794/2600
f 1708/1903/2601 3092/1906/2601 3091/1904/2601
f 1674/1794/2602 3091/1904/2602 3094/1907/2602
f 3094/1907/2603 3095/1791/2603 1674/1794/2603
f 3096/1908/2604 3097/1880/2604 3099/1773/2604
f 3078/1810/2605 3097/1880/2605 1641/1883/2605
f 3098/1909/2606 3035/1770/2606 1720/1771/2606
f 1662/1910/2607 1673/1786/2607 1709/1788/2607
f 1662/1910/2608 1672/1785/2608 1673/1786/2608
f 3100/1911/2609 3098/1909/2609 1720/1771/2609
f 1631/1766/2610 1672/1785/2610 1661/1912/2610
f 3101/1888/2611 3102/1886/2611 1669/1885/2611
f 1671/1914/2612 3103/1913/2612 1711/1768/2612
f 1308/1767/2613 3032/1764/2613 1669/1885/2613
f 1710/1890/2614 1671/1914/2614 1309/1889/2614
f 1669/1885/2615 3103/1913/2615 1710/1890/2615
f 1638/1759/2616 3104/1916/2616 3125/1915/2616
f 1658/1917/2617 3104/1916/2617 1711/1768/2617
f 3125/1915/2618 3104/1916/2618 1658/1917/2618
f 1712/1919/2619 3106/1918/2619 1668/1894/2619
f 1644/1895/2620 1713/1920/2620 1307/1780/2620
f 1667/1856/2621 3106/1918/2621 3105/1861/2621
f 3030/1760/2622 1668/1894/2622 1705/1784/2622
f 1714/1922/2623 1713/1920/2623 1715/1921/2623
f 3129/1755/2624 1715/1921/2624 3029/1757/2624
f 1713/1920/2625 3107/1782/2625 1307/1780/2625
f 1655/1923/2626 3107/1782/2626 1714/1922/2626
f 1713/1920/2627 1714/1922/2627 3107/1782/2627
f 1665/1902/2628 3089/1900/2628 1707/1753/2628
f 1716/1871/2629 3108/1924/2629 1696/1799/2629
f 1665/1902/2630 1717/1752/2630 1696/1799/2630
f 1716/1871/2631 1696/1799/2631 1306/1868/2631
f 1666/1777/2632 3109/1797/2632 1656/1925/2632
f 1305/1927/2633 3110/1926/2633 1634/1779/2633
f 3111/1929/2634 3112/1928/2634 3093/1905/2634
f 3111/1929/2635 3110/1926/2635 3112/1928/2635
f 1634/1779/2636 3111/1929/2636 1633/1776/2636
f 3026/1748/2637 3112/1928/2637 1719/1930/2637
f 3026/1748/2638 1719/1930/2638 1305/1927/2638
f 3114/1932/2639 1663/1931/2639 3026/1748/2639
f 1663/1931/2640 3114/1932/2640 3113/1793/2640
f 1660/1747/2641 1659/1933/2641 3114/1932/2641
f 3026/1748/2642 1663/1931/2642 3112/1928/2642
f 3115/1769/2643 1659/1933/2643 1660/1747/2643
f 1304/1935/2644 1659/1933/2644 3116/1934/2644
f 1640/1792/2645 3116/1934/2645 3034/1936/2645
f 3117/1743/2646 3115/1769/2646 1660/1747/2646
f 3115/1769/2647 1721/1937/2647 1720/1771/2647
f 3118/1938/2648 1721/1937/2648 3117/1743/2648
f 1661/1912/2649 3118/1938/2649 1631/1766/2649
f 1720/1771/2650 1661/1912/2650 3100/1911/2650
f 3100/1911/2651 1661/1912/2651 1662/1910/2651
f 3123/1939/2652 3121/1744/2652 3122/1734/2652
f 3121/1744/2653 3123/1939/2653 3124/1940/2653
f 3121/1744/2654 3118/1938/2654 3117/1743/2654
f 3118/1938/2655 3121/1744/2655 3124/1940/2655
f 3124/1940/2656 3123/1939/2656 3120/1762/2656
f 1722/1942/2657 1654/1941/2657 3125/1915/2657
f 3123/1939/2658 3125/1915/2658 1658/1917/2658
f 1654/1941/2659 1722/1942/2659 3122/1734/2659
f 3125/1915/2660 1654/1941/2660 1638/1759/2660
f 1656/1925/2661 1723/1943/2661 1634/1779/2661
f 1723/1943/2662 1656/1925/2662 1718/1751/2662
f 1634/1779/2663 1723/1943/2663 1724/1944/2663
f 1666/1777/2664 1656/1925/2664 1634/1779/2664
f 3127/1739/2665 3126/1945/2665 1629/1740/2665
f 3126/1945/2666 1725/1946/2666 1724/1944/2666
f 1629/1740/2667 1723/1943/2667 1718/1751/2667
f 1725/1946/2668 3126/1945/2668 3131/1737/2668
f 3022/1730/2669 1657/1947/2669 1725/1946/2669
f 3022/1730/2670 1725/1946/2670 1729/1732/2670
f 1727/1948/2671 1628/1761/2671 1654/1941/2671
f 3129/1755/2672 1628/1761/2672 1727/1948/2672
f 1726/1733/2673 1654/1941/2673 3122/1734/2673
f 1727/1948/2674 1654/1941/2674 1726/1733/2674
f 1727/1948/2675 3128/1949/2675 3129/1755/2675
f 3128/1949/2676 1729/1732/2676 1725/1946/2676
f 1729/1732/2677 1727/1948/2677 1728/1731/2677
f 3128/1949/2678 3131/1737/2678 1715/1921/2678
f 1655/1923/2679 3130/1950/2679 1636/1749/2679
f 3131/1737/2680 3128/1949/2680 1725/1946/2680
f 1627/1738/2681 3130/1950/2681 3131/1737/2681
f 1730/1953/2682 3132/1952/2682 1731/1951/2682
f 1730/1953/2683 1731/1951/2683 1733/1954/2683
f 3132/1952/2684 1730/1953/2684 3150/1955/2684
f 3133/1957/2685 3220/1956/2685 3132/1952/2685
f 3135/1960/2686 3134/1959/2686 1802/1958/2686
f 3219/1963/2687 1321/1962/2687 3136/1961/2687
f 1810/1965/2688 3137/1964/2688 1733/1954/2688
f 1810/1965/2689 1733/1954/2689 3138/1966/2689
f 1811/1969/2690 1829/1968/2690 1830/1967/2690
f 3137/1964/2691 1734/1970/2691 1811/1969/2691
f 1802/1958/2692 3139/1971/2692 3135/1960/2692
f 3135/1960/2693 3139/1971/2693 1736/1972/2693
f 3135/1960/2694 1736/1972/2694 3133/1957/2694
f 1735/1975/2695 3154/1974/2695 1752/1973/2695
f 1735/1975/2696 3139/1971/2696 3154/1974/2696
f 3140/1977/2697 1735/1975/2697 1738/1976/2697
f 1834/1979/2698 3140/1977/2698 1739/1978/2698
f 3140/1977/2699 1737/1980/2699 1739/1978/2699
f 1738/1976/2700 1735/1975/2700 1752/1973/2700
f 1828/1981/2701 1737/1980/2701 1738/1976/2701
f 1738/1976/2702 1737/1980/2702 3140/1977/2702
f 1740/1984/2703 3141/1983/2703 3158/1982/2703
f 3158/1982/2704 1741/1985/2704 1740/1984/2704
f 3142/1987/2705 1742/1986/2705 3158/1982/2705
f 3142/1987/2706 1744/1988/2706 1742/1986/2706
f 1744/1988/2707 3142/1987/2707 1809/1989/2707
f 1809/1989/2708 1743/1990/2708 1744/1988/2708
f 1317/1992/2709 1743/1990/2709 3161/1991/2709
f 3143/1994/2710 3144/1993/2710 1829/1968/2710
f 3215/1995/2711 1829/1968/2711 1810/1965/2711
f 3215/1995/2712 3143/1994/2712 1829/1968/2712
f 3144/1993/2713 1743/1990/2713 1317/1992/2713
f 1830/1967/2714 3147/1996/2714 1811/1969/2714
f 1745/1998/2715 3147/1996/2715 1770/1997/2715
f 3149/2000/2716 1746/1999/2716 1745/1998/2716
f 3148/2001/2717 1746/1999/2717 3149/2000/2717
f 1316/2002/2718 3148/2001/2718 3149/2000/2718
f 3149/2000/2719 1808/2003/2719 1316/2002/2719
f 3149/2000/2720 1807/2004/2720 1808/2003/2720
f 1815/2006/2721 3149/2000/2721 1747/2005/2721
f 1750/2009/2722 1748/2008/2722 3151/2007/2722
f 3150/1955/2723 1748/2008/2723 3132/1952/2723
f 3151/2007/2724 1806/2011/2724 1315/2010/2724
f 1831/2014/2725 3153/2013/2725 3152/2012/2725
f 1315/2010/2726 1750/2009/2726 3151/2007/2726
f 1803/2015/2727 3154/1974/2727 1802/1958/2727
f 1802/1958/2728 3154/1974/2728 3139/1971/2728
f 1751/2017/2729 1803/2015/2729 1314/2016/2729
f 3211/2020/2730 3156/2019/2730 1764/2018/2730
f 3155/2021/2731 3156/2019/2731 3211/2020/2731
f 3156/2019/2732 1805/2022/2732 1764/2018/2732
f 1320/2025/2733 3203/2024/2733 1754/2023/2733
f 1753/2026/2734 1754/2023/2734 3203/2024/2734
f 1754/2023/2735 1755/2028/2735 3209/2027/2735
f 1755/2028/2736 1754/2023/2736 1753/2026/2736
f 3209/2027/2737 1801/2030/2737 1768/2029/2737
f 3209/2027/2738 1755/2028/2738 1801/2030/2738
f 3158/1982/2739 1754/2023/2739 3207/2031/2739
f 1823/2033/2740 3159/2032/2740 1753/2026/2740
f 1755/2028/2741 3159/2032/2741 1801/2030/2741
f 3159/2032/2742 1755/2028/2742 1753/2026/2742
f 3161/1991/2743 3160/2035/2743 3162/2034/2743
f 3161/1991/2744 1756/2036/2744 1317/1992/2744
f 3175/2038/2745 3162/2034/2745 1767/2037/2745
f 1817/2040/2746 3163/2039/2746 3175/2038/2746
f 3164/2041/2747 1808/2003/2747 1807/2004/2747
f 1808/2003/2748 3165/2042/2748 1316/2002/2748
f 1759/2043/2749 3164/2041/2749 1807/2004/2749
f 3165/2042/2750 1758/2044/2750 1315/2010/2750
f 1758/2044/2751 3164/2041/2751 1759/2043/2751
f 1758/2044/2752 3166/2045/2752 1315/2010/2752
f 1315/2010/2753 3166/2045/2753 1749/2046/2753
f 1759/2043/2754 3166/2045/2754 1758/2044/2754
f 3167/2049/2755 1800/2048/2755 1760/2047/2755
f 1760/2047/2756 1800/2048/2756 1762/2050/2756
f 3168/2052/2757 1800/2048/2757 1779/2051/2757
f 1762/2050/2758 3168/2052/2758 1761/2053/2758
f 1761/2053/2759 3168/2052/2759 1779/2051/2759
f 1314/2016/2760 1819/2055/2760 3169/2054/2760
f 3169/2054/2761 1819/2055/2761 3199/2056/2761
f 1763/2059/2762 1804/2058/2762 1782/2057/2762
f 1763/2059/2763 1764/2018/2763 1804/2058/2763
f 1805/2022/2764 1804/2058/2764 1764/2018/2764
f 3170/2062/2765 3171/2061/2765 1765/2060/2765
f 1764/2018/2766 3171/2061/2766 3170/2062/2766
f 1765/2060/2767 1823/2033/2767 1753/2026/2767
f 1765/2060/2768 3171/2061/2768 1823/2033/2768
f 1823/2033/2769 3172/2063/2769 3159/2032/2769
f 1801/2030/2770 1766/2064/2770 1768/2029/2770
f 1801/2030/2771 3173/2065/2771 1766/2064/2771
f 3173/2065/2772 1801/2030/2772 1318/2066/2772
f 3189/2067/2773 3173/2065/2773 1318/2066/2773
f 1766/2064/2774 3189/2067/2774 1786/2068/2774
f 3174/2070/2775 1769/2069/2775 1767/2037/2775
f 1767/2037/2776 1768/2029/2776 3174/2070/2776
f 1768/2029/2777 1767/2037/2777 1824/2071/2777
f 3175/2038/2778 1816/2072/2778 1817/2040/2778
f 1769/2069/2779 3175/2038/2779 1767/2037/2779
f 1816/2072/2780 1769/2069/2780 1786/2068/2780
f 3178/2075/2781 1798/2074/2781 1773/2073/2781
f 3179/2077/2782 1772/2076/2782 1773/2073/2782
f 1747/2005/2783 3179/2077/2783 1815/2006/2783
f 1807/2004/2784 1774/2078/2784 1759/2043/2784
f 1795/2080/2785 1796/2079/2785 1774/2078/2785
f 1774/2078/2786 1775/2081/2786 1759/2043/2786
f 1774/2078/2787 3180/2082/2787 1775/2081/2787
f 1776/2083/2788 1774/2078/2788 1796/2079/2788
f 3181/2085/2789 1797/2084/2789 1776/2083/2789
f 1791/2086/2790 3181/2085/2790 1776/2083/2790
f 1797/2084/2791 3181/2085/2791 1791/2086/2791
f 1799/2088/2792 3182/2087/2792 1779/2051/2792
f 1313/2089/2793 3182/2087/2793 1799/2088/2793
f 1800/2048/2794 1799/2088/2794 1779/2051/2794
f 1779/2051/2795 3182/2087/2795 1778/2090/2795
f 1777/2091/2796 1778/2090/2796 1313/2089/2796
f 3183/2094/2797 1780/2093/2797 1794/2092/2797
f 1780/2093/2798 1777/2091/2798 1794/2092/2798
f 1780/2093/2799 1778/2090/2799 1777/2091/2799
f 1780/2093/2800 3183/2094/2800 1778/2090/2800
f 3184/2095/2801 1777/2091/2801 1797/2084/2801
f 1794/2092/2802 1777/2091/2802 3188/2096/2802
f 1793/2097/2803 1797/2084/2803 1791/2086/2803
f 3188/2096/2804 3184/2095/2804 1793/2097/2804
f 3200/2099/2805 3185/2098/2805 3199/2056/2805
f 3157/2100/2806 3185/2098/2806 1804/2058/2806
f 1794/2092/2807 3185/2098/2807 3200/2099/2807
f 1784/2103/2808 3186/2102/2808 1781/2101/2808
f 1793/2097/2809 3187/2104/2809 3188/2096/2809
f 3187/2104/2810 1793/2097/2810 1787/2105/2810
f 3188/2096/2811 1784/2103/2811 1781/2101/2811
f 3190/2107/2812 1785/2106/2812 3189/2067/2812
f 3198/2109/2813 1318/2066/2813 1813/2108/2813
f 1318/2066/2814 3190/2107/2814 3189/2067/2814
f 1785/2106/2815 3198/2109/2815 1787/2105/2815
f 1786/2068/2816 1785/2106/2816 3191/2110/2816
f 1788/2112/2817 3191/2110/2817 1792/2111/2817
f 1792/2111/2818 3192/2113/2818 1793/2097/2818
f 1785/2106/2819 3192/2113/2819 3191/2110/2819
f 1787/2105/2820 3192/2113/2820 1785/2106/2820
f 1798/2074/2821 3193/2115/2821 1789/2114/2821
f 1812/2116/2822 3193/2115/2822 1798/2074/2822
f 1798/2074/2823 1789/2114/2823 1773/2073/2823
f 1812/2116/2824 3176/2117/2824 1817/2040/2824
f 1812/2116/2825 1798/2074/2825 3176/2117/2825
f 1788/2112/2826 3194/2118/2826 1789/2114/2826
f 1790/2120/2827 1814/2119/2827 1776/2083/2827
f 3195/2121/2828 1790/2120/2828 1792/2111/2828
f 1814/2119/2829 3195/2121/2829 1791/2086/2829
f 1796/2079/2830 3196/2122/2830 1790/2120/2830
f 1796/2079/2831 1790/2120/2831 1776/2083/2831
f 1790/2120/2832 3196/2122/2832 3194/2118/2832
f 1812/2116/2833 3191/2110/2833 1788/2112/2833
f 1812/2116/2834 1786/2068/2834 3191/2110/2834
f 3183/2094/2835 1819/2055/2835 1779/2051/2835
f 1794/2092/2836 3200/2099/2836 3183/2094/2836
f 1775/2081/2837 3201/2124/2837 1820/2123/2837
f 1821/2125/2838 3201/2124/2838 1799/2088/2838
f 1775/2081/2839 3166/2045/2839 1759/2043/2839
f 1822/2127/2840 1770/1997/2840 3202/2126/2840
f 1770/1997/2841 1822/2127/2841 1771/2128/2841
f 1745/1998/2842 1772/2076/2842 1747/2005/2842
f 1319/2129/2843 1824/2071/2843 1767/2037/2843
f 3208/2131/2844 1319/2129/2844 1825/2130/2844
f 1320/2025/2845 1827/2132/2845 3203/2024/2845
f 3203/2024/2846 1765/2060/2846 1753/2026/2846
f 1765/2060/2847 1827/2132/2847 3170/2062/2847
f 1803/2015/2848 1761/2053/2848 1314/2016/2848
f 1803/2015/2849 1762/2050/2849 1761/2053/2849
f 3213/2134/2850 3205/2133/2850 1806/2011/2850
f 3165/2042/2851 3213/2134/2851 1316/2002/2851
f 3165/2042/2852 3205/2133/2852 3213/2134/2852
f 1756/2036/2853 3206/2136/2853 3145/2135/2853
f 1822/2127/2854 3206/2136/2854 1757/2137/2854
f 3206/2136/2855 1822/2127/2855 3145/2135/2855
f 3145/2135/2856 1822/2127/2856 1830/1967/2856
f 1317/1992/2857 1756/2036/2857 3145/2135/2857
f 1757/2137/2858 3206/2136/2858 1756/2036/2858
f 1825/2130/2860 3207/2031/2860 3208/2131/2859
f 3207/2031/2861 3142/1987/2861 3158/1982/2861
f 1768/2029/2862 3208/2131/2862 3209/2027/2862
f 1826/2139/2863 3210/2138/2863 3211/2020/2863
f 3210/2138/2864 1827/2132/2864 1320/2025/2864
f 1827/2132/2865 3210/2138/2865 1826/2139/2865
f 1826/2139/2866 3211/2020/2866 1764/2018/2866
f 1831/2014/2867 3212/2140/2867 3134/1959/2867
f 3152/2012/2868 3212/2140/2868 1831/2014/2868
f 3204/2141/2869 3152/2012/2869 1760/2047/2869
f 3212/2140/2870 3152/2012/2870 3204/2141/2870
f 1832/2142/2871 1806/2011/2871 3151/2007/2871
f 1732/2143/2872 3213/2134/2872 1832/2142/2872
f 3214/2145/2873 3216/2144/2873 1321/1962/2873
f 3143/1994/2874 3215/1995/2874 3214/2145/2874
f 1810/1965/2875 3216/2144/2875 3215/1995/2875
f 1739/1978/2876 1321/1962/2876 3217/2146/2876
f 1740/1984/2877 3218/2147/2877 1739/1978/2877
f 3214/2145/2878 1741/1985/2878 1744/1988/2878
f 1834/1979/2879 3217/2146/2879 3219/1963/2879
f 1321/1962/2880 3219/1963/2880 3217/2146/2880
f 1732/2143/2881 1832/2142/2881 1730/1953/2881
f 1731/1951/2882 3138/1966/2882 1733/1954/2882
f 1731/1951/2883 3136/1961/2883 3138/1966/2883
f 1834/1979/2884 3220/1956/2884 1736/1972/2884
f 1947/2150/2885 3221/2149/2885 1946/2148/2885
f 1836/2152/2886 1946/2148/2886 1835/2151/2886
f 3221/2149/2887 1851/2154/2887 1853/2153/2887
f 1851/2154/2888 3221/2149/2888 1947/2150/2888
f 1836/2152/2889 1835/2151/2889 1837/2155/2889
f 1838/2156/2890 3221/2149/2890 1853/2153/2890
f 1837/2155/2891 3221/2149/2891 1838/2156/2891
f 1838/2156/2892 3222/2158/2892 1918/2157/2892
f 1837/2155/2893 1918/2157/2893 1843/2159/2893
f 1837/2155/2894 1838/2156/2894 1918/2157/2894
f 3224/2162/2895 3223/2161/2895 1915/2160/2895
f 3224/2162/2896 1839/2163/2896 1836/2152/2896
f 3315/2165/2897 3223/2161/2897 1941/2164/2897
f 1840/2167/2898 3225/2166/2898 1915/2160/2898
f 1839/2163/2899 1946/2148/2899 1836/2152/2899
f 1840/2167/2900 1915/2160/2900 1942/2168/2900
f 1942/2168/2901 1943/2169/2901 1840/2167/2901
f 1918/2157/2902 1842/2170/2902 1843/2159/2902
f 1917/2172/2903 1841/2171/2903 3222/2158/2903
f 1841/2171/2904 1912/2174/2904 1939/2173/2904
f 1845/2176/2905 1843/2159/2905 1914/2175/2905
f 1841/2171/2906 3226/2177/2906 1842/2170/2906
f 1939/2173/2907 1914/2175/2907 3226/2177/2907
f 1913/2180/2908 1940/2179/2908 3249/2178/2908
f 1914/2175/2909 1844/2181/2909 1845/2176/2909
f 3249/2178/2910 3228/2182/2910 1913/2180/2910
f 1845/2176/2911 3230/2184/2911 3317/2183/2911
f 3230/2184/2912 3229/2185/2912 3317/2183/2912
f 3231/2187/2913 3230/2184/2913 1326/2186/2913
f 3230/2184/2914 3228/2182/2914 1326/2186/2914
f 3230/2184/2915 1844/2181/2915 3228/2182/2915
f 3231/2187/2916 3232/2188/2916 3229/2185/2916
f 3229/2185/2917 3232/2188/2917 1911/2189/2917
f 1326/2186/2918 3232/2188/2918 3231/2187/2918
f 3229/2185/2919 1911/2189/2919 1327/2190/2919
f 1908/2192/2920 3232/2188/2920 1932/2191/2920
f 1909/2194/2921 3233/2193/2921 1908/2192/2921
f 3234/2197/2922 1846/2196/2922 1910/2195/2922
f 1846/2196/2923 3234/2197/2923 3314/2198/2923
f 3314/2198/2924 3234/2197/2924 1942/2168/2924
f 3234/2197/2925 3235/2199/2925 1942/2168/2925
f 1327/2190/2926 1911/2189/2926 3314/2198/2926
f 3235/2199/2927 3236/2200/2927 1942/2168/2927
f 1943/2169/2928 3236/2200/2928 1929/2201/2928
f 1929/2201/2929 3236/2200/2929 1938/2202/2929
f 1938/2202/2930 3235/2199/2930 1910/2195/2930
f 1847/2205/2931 3238/2204/2931 3237/2203/2931
f 1944/2208/2932 1849/2207/2932 3312/2206/2932
f 3241/2211/2933 1906/2210/2933 3240/2209/2933
f 1937/2213/2934 3239/2212/2934 3237/2203/2934
f 3240/2209/2935 1849/2207/2935 3239/2212/2935
f 3241/2211/2936 3240/2209/2936 1937/2213/2936
f 3242/2215/2937 1850/2214/2937 1851/2154/2937
f 3244/2217/2938 1850/2214/2938 1325/2216/2938
f 1852/2219/2939 1851/2154/2939 3243/2218/2939
f 3244/2217/2940 3243/2218/2940 1851/2154/2940
f 3243/2218/2941 1864/2220/2941 1852/2219/2941
f 1851/2154/2942 1852/2219/2942 1853/2153/2942
f 1854/2221/2943 3244/2217/2943 1325/2216/2943
f 3245/2222/2944 3244/2217/2944 1854/2221/2944
f 1935/2223/2945 3245/2222/2945 1854/2221/2945
f 1328/2224/2946 3245/2222/2946 1935/2223/2946
f 1917/2172/2947 3305/2225/2947 1912/2174/2947
f 1912/2174/2948 3305/2225/2948 1900/2226/2948
f 1917/2172/2949 1912/2174/2949 1841/2171/2949
f 1902/2229/2950 3247/2228/2950 3248/2227/2950
f 3247/2228/2951 1902/2229/2951 1855/2230/2951
f 3248/2227/2952 1901/2232/2952 1867/2231/2952
f 1933/2233/2953 1855/2230/2953 1900/2226/2953
f 1899/2235/2954 3250/2234/2954 3249/2178/2954
f 1857/2238/2955 3303/2237/2955 3252/2236/2955
f 1857/2238/2956 3250/2234/2956 3303/2237/2956
f 3250/2234/2957 1899/2235/2957 3303/2237/2957
f 1326/2186/2958 3250/2234/2958 1857/2238/2958
f 3228/2182/2959 3249/2178/2959 3250/2234/2959
f 1858/2241/2960 3251/2240/2960 1860/2239/2960
f 3252/2236/2961 3251/2240/2961 1857/2238/2961
f 1858/2241/2962 3253/2243/2962 1871/2242/2962
f 1858/2241/2963 1860/2239/2963 3253/2243/2963
f 1857/2238/2964 1859/2244/2964 1326/2186/2964
f 1857/2238/2965 3251/2240/2965 1859/2244/2965
f 1871/2242/2966 3253/2243/2966 1931/2245/2966
f 1930/2246/2967 1860/2239/2967 3252/2236/2967
f 1861/2247/2968 1909/2194/2968 1908/2192/2968
f 1909/2194/2969 1861/2247/2969 3255/2248/2969
f 3255/2248/2970 3254/2250/2970 1898/2249/2970
f 3256/2251/2971 3254/2250/2971 1861/2247/2971
f 1897/2253/2972 1898/2249/2972 1862/2252/2972
f 1898/2249/2973 3256/2251/2973 1862/2252/2973
f 1862/2252/2974 3256/2251/2974 1861/2247/2974
f 1907/2255/2975 1906/2210/2975 3257/2254/2975
f 3258/2257/2976 3257/2254/2976 1863/2256/2976
f 3272/2258/2977 1906/2210/2977 3241/2211/2977
f 1876/2259/2978 3257/2254/2978 3272/2258/2978
f 3258/2257/2979 1325/2216/2979 3306/2260/2979
f 3295/2263/2980 3259/2262/2980 3296/2261/2980
f 1935/2223/2981 3259/2262/2981 3295/2263/2981
f 1863/2256/2982 3259/2262/2982 1325/2216/2982
f 1935/2223/2983 3295/2263/2983 1328/2224/2983
f 1879/2265/2984 1905/2264/2984 1328/2224/2984
f 1864/2220/2985 1905/2264/2985 1880/2266/2985
f 1880/2266/2986 3260/2268/2986 3261/2267/2986
f 1865/2270/2987 1866/2269/2987 1933/2233/2987
f 1866/2269/2988 1927/2271/2988 1933/2233/2988
f 1933/2233/2989 1927/2271/2989 1928/2272/2989
f 3248/2227/2990 1928/2272/2990 1901/2232/2990
f 3262/2274/2991 1867/2231/2991 1896/2273/2991
f 1896/2273/2992 1901/2232/2992 3279/2275/2992
f 1868/2276/2993 1930/2246/2993 3252/2236/2993
f 1867/2231/2994 1934/2277/2994 1902/2229/2994
f 1869/2279/2995 1896/2273/2995 3280/2278/2995
f 1868/2276/2996 3263/2280/2996 1930/2246/2996
f 1931/2245/2997 1930/2246/2997 3263/2280/2997
f 3263/2280/2998 1868/2276/2998 1869/2279/2998
f 3263/2280/2999 1869/2279/2999 3280/2278/2999
f 1871/2242/3000 1870/2282/3000 3265/2281/3000
f 1870/2282/3001 3283/2284/3001 1925/2283/3001
f 1870/2282/3002 1871/2242/3002 3283/2284/3002
f 3300/2286/3003 3265/2281/3003 1872/2285/3003
f 1926/2289/3004 3266/2288/3004 1924/2287/3004
f 1324/2290/3005 3266/2288/3005 1862/2252/3005
f 1872/2285/3006 3266/2288/3006 1324/2290/3006
f 1924/2287/3007 1870/2282/3007 1925/2283/3007
f 1924/2287/3008 3266/2288/3008 1870/2282/3008
f 1898/2249/3009 1897/2253/3009 3267/2291/3009
f 3287/2292/3010 1897/2253/3010 1926/2289/3010
f 3287/2292/3011 3267/2291/3011 1897/2253/3011
f 3267/2291/3012 3287/2292/3012 1895/2293/3012
f 3268/2296/3013 3269/2295/3013 1874/2294/3013
f 1874/2294/3014 3269/2295/3014 1895/2293/3014
f 3268/2296/3015 3270/2297/3015 1937/2213/3015
f 3268/2296/3016 1874/2294/3016 3270/2297/3016
f 3270/2297/3017 1874/2294/3017 1923/2298/3017
f 3270/2297/3018 1923/2298/3018 3241/2211/3018
f 1937/2213/3019 3270/2297/3019 3241/2211/3019
f 1923/2298/3020 1874/2294/3020 1895/2293/3020
f 1893/2300/3021 3271/2299/3021 3272/2258/3021
f 3271/2299/3022 1893/2300/3022 1875/2301/3022
f 3272/2258/3023 3271/2299/3023 1876/2259/3023
f 3241/2211/3024 1893/2300/3024 3272/2258/3024
f 1875/2301/3025 1893/2300/3025 1894/2302/3025
f 1875/2301/3026 3273/2303/3026 3296/2261/3026
f 1323/2306/3027 1877/2305/3027 3274/2304/3027
f 3273/2303/3028 1877/2305/3028 3296/2261/3028
f 3275/2307/3029 1875/2301/3029 1894/2302/3029
f 3274/2304/3030 3275/2307/3030 1922/2308/3030
f 1323/2306/3031 3274/2304/3031 1922/2308/3031
f 1328/2224/3032 3276/2309/3032 1879/2265/3032
f 1878/2310/3033 3276/2309/3033 1323/2306/3033
f 3277/2312/3034 1878/2310/3034 1882/2311/3034
f 1880/2266/3035 1878/2310/3035 3277/2312/3035
f 3278/2314/3036 1883/2313/3036 1922/2308/3036
f 1882/2311/3037 1883/2313/3037 3278/2314/3037
f 1922/2308/3038 1878/2310/3038 1323/2306/3038
f 3279/2275/3039 1884/2315/3039 3280/2278/3039
f 1884/2315/3040 1882/2311/3040 1892/2316/3040
f 1884/2315/3041 1919/2317/3041 1882/2311/3041
f 1322/2318/3042 3280/2278/3042 1884/2315/3042
f 1322/2318/3043 1884/2315/3043 3282/2319/3043
f 1892/2316/3044 3281/2320/3044 3282/2319/3044
f 3278/2314/3045 3281/2320/3045 1892/2316/3045
f 1891/2321/3046 3282/2319/3046 3278/2314/3046
f 3284/2323/3047 3283/2284/3047 3264/2322/3047
f 3283/2284/3048 3285/2324/3048 1925/2283/3048
f 3284/2323/3049 3264/2322/3049 1931/2245/3049
f 3292/2327/3050 1886/2326/3050 1890/2325/3050
f 3292/2327/3051 1887/2328/3051 1886/2326/3051
f 3285/2324/3052 3292/2327/3052 1925/2283/3052
f 3285/2324/3053 1887/2328/3053 3292/2327/3053
f 3292/2327/3054 1890/2325/3054 1889/2329/3054
f 1890/2325/3055 1891/2321/3055 3290/2330/3055
f 3282/2319/3056 1887/2328/3056 1322/2318/3056
f 3282/2319/3057 1886/2326/3057 1887/2328/3057
f 3286/2331/3058 3287/2292/3058 1926/2289/3058
f 3289/2332/3059 1889/2329/3059 1894/2302/3059
f 1889/2329/3060 3287/2292/3060 3288/2333/3060
f 3291/2334/3061 1893/2300/3061 3241/2211/3061
f 3289/2332/3062 1923/2298/3062 1895/2293/3062
f 3291/2334/3063 1923/2298/3063 3289/2332/3063
f 1926/2289/3064 1925/2283/3064 3293/2335/3064
f 3292/2327/3065 3293/2335/3065 1925/2283/3065
f 3293/2335/3066 3292/2327/3066 3288/2333/3066
f 3293/2335/3067 3288/2333/3067 3286/2331/3067
f 3288/2333/3068 3292/2327/3068 1889/2329/3068
f 1322/2318/3069 3294/2336/3069 3280/2278/3069
f 1881/2337/3070 1927/2271/3070 3277/2312/3070
f 1928/2272/3071 3279/2275/3071 1901/2232/3071
f 1928/2272/3072 1920/2338/3072 3279/2275/3072
f 3277/2312/3073 1927/2271/3073 1880/2266/3073
f 1919/2317/3074 1920/2338/3074 1882/2311/3074
f 3296/2261/3075 3297/2339/3075 3295/2263/3075
f 3297/2339/3076 1877/2305/3076 1323/2306/3076
f 3295/2263/3077 3297/2339/3077 1328/2224/3077
f 1873/2341/3078 3307/2340/3078 1898/2249/3078
f 3268/2296/3079 1929/2201/3079 3307/2340/3079
f 3238/2204/3080 3268/2296/3080 3237/2203/3080
f 3299/2343/3081 3301/2342/3081 1908/2192/3081
f 1858/2241/3082 3300/2286/3082 3299/2343/3082
f 1934/2277/3083 3303/2237/3083 1899/2235/3083
f 1940/2179/3084 1899/2235/3084 3249/2178/3084
f 1934/2277/3085 1899/2235/3085 1940/2179/3085
f 1934/2277/3086 3302/2344/3086 3303/2237/3086
f 3303/2237/3087 3302/2344/3087 3252/2236/3087
f 1917/2172/3088 1936/2345/3088 3305/2225/3088
f 1865/2270/3089 3311/2346/3089 1864/2220/3089
f 3305/2225/3090 3304/2347/3090 1900/2226/3090
f 1900/2226/3091 3304/2347/3091 1865/2270/3091
f 3312/2206/3092 1903/2348/3092 1947/2150/3092
f 1903/2348/3093 1904/2349/3093 3242/2215/3093
f 1850/2214/3094 1904/2349/3094 1325/2216/3094
f 1938/2202/3095 3307/2340/3095 1929/2201/3095
f 3307/2340/3096 3255/2248/3096 1898/2249/3096
f 1932/2191/3097 3308/2350/3097 1858/2241/3097
f 1932/2191/3098 1858/2241/3098 3299/2343/3098
f 3300/2286/3099 1858/2241/3099 1871/2242/3099
f 3227/2352/3100 3309/2351/3100 1940/2179/3100
f 3309/2351/3101 3227/2352/3101 1939/2173/3101
f 1934/2277/3102 3246/2353/3102 1902/2229/3102
f 1853/2153/3103 1852/2219/3103 3310/2354/3103
f 3310/2354/3104 3311/2346/3104 1936/2345/3104
f 3312/2206/3105 3319/2355/3105 1944/2208/3105
f 3312/2206/3106 1945/2356/3106 3319/2355/3106
f 3312/2206/3107 1907/2255/3107 3306/2260/3107
f 3314/2198/3108 3315/2165/3108 1327/2190/3108
f 1845/2176/3109 3317/2183/3109 3316/2357/3109
f 1327/2190/3110 1941/2164/3110 3317/2183/3110
f 3316/2357/3111 1843/2159/3111 1845/2176/3111
f 1948/2359/3112 3318/2358/3112 1941/2164/3112
f 1946/2148/3113 3319/2355/3113 1945/2356/3113
f 1944/2208/3114 3319/2355/3114 1839/2163/3114
f 1946/2148/3115 1945/2356/3115 1947/2150/3115
f 1847/2205/3116 1944/2208/3116 3225/2166/3116
f 1944/2208/3117 1839/2163/3117 3225/2166/3117
f 1948/2359/3118 3320/2360/3118 3318/2358/3118
f 3320/2360/3119 3223/2161/3119 3224/2162/3119
f 3318/2358/3120 3320/2360/3120 1843/2159/3120
f 2051/2363/3121 2050/2362/3121 1973/2361/3121
f 1949/2365/3122 2050/2362/3122 3410/2364/3122
f 2047/2368/3123 3323/2367/3123 1951/2366/3123
f 3419/2371/3124 3322/2370/3124 1974/2369/3124
f 2047/2368/3125 1951/2366/3125 1973/2361/3125
f 1952/2373/3126 3323/2367/3126 3393/2372/3126
f 1949/2365/3127 2045/2375/3127 1950/2374/3127
f 2044/2377/3128 3324/2376/3128 2045/2375/3128
f 3324/2376/3129 3404/2379/3129 3325/2378/3129
f 2044/2377/3130 3404/2379/3130 3324/2376/3130
f 3325/2378/3131 3326/2381/3131 1976/2380/3131
f 1954/2382/3132 3325/2378/3132 3404/2379/3132
f 3327/2385/3133 3333/2384/3133 1953/2383/3133
f 3393/2372/3134 2040/2386/3134 1952/2373/3134
f 1952/2373/3135 3327/2385/3135 1953/2383/3135
f 3327/2385/3136 2040/2386/3136 2039/2387/3136
f 3413/2390/3137 3328/2389/3137 1983/2388/3137
f 1983/2388/3138 3328/2389/3138 2036/2391/3138
f 3408/2394/3139 1958/2393/3139 1959/2392/3139
f 1958/2393/3140 3329/2396/3140 2032/2395/3140
f 1955/2399/3141 1961/2398/3141 1329/2397/3141
f 2026/2402/3142 3330/2401/3142 3331/2400/3142
f 3397/2405/3143 1963/2404/3143 3398/2403/3143
f 2024/2408/3144 2025/2407/3144 2022/2406/3144
f 1962/2410/3145 3332/2409/3145 2024/2408/3145
f 3322/2370/3146 3333/2384/3146 3334/2411/3146
f 3333/2384/3147 2020/2412/3147 3334/2411/3147
f 3334/2411/3148 2020/2412/3148 2018/2413/3148
f 2020/2412/3149 3327/2385/3149 3378/2414/3149
f 2020/2412/3150 3333/2384/3150 3327/2385/3150
f 1983/2388/3151 3335/2416/3151 3389/2415/3151
f 2016/2417/3152 3389/2415/3152 3335/2416/3152
f 2016/2417/3153 2036/2391/3153 3390/2418/3153
f 1958/2393/3154 3336/2419/3154 1959/2392/3154
f 3336/2419/3155 3386/2420/3155 1959/2392/3155
f 2013/2421/3156 1958/2393/3156 2032/2395/3156
f 2028/2422/3157 3336/2419/3157 2013/2421/3157
f 2012/2424/3158 1961/2398/3158 1960/2423/3158
f 1961/2398/3159 3382/2425/3159 1329/2397/3159
f 3332/2409/3160 3337/2426/3160 1963/2404/3160
f 2041/2428/3161 3337/2426/3161 2009/2427/3161
f 3356/2431/3162 3338/2430/3162 2006/2429/3162
f 1967/2434/3163 1966/2433/3163 3339/2432/3163
f 3341/2437/3164 3350/2436/3164 3370/2435/3164
f 3340/2439/3165 3341/2437/3165 2014/2438/3165
f 3346/2442/3166 3347/2441/3166 1333/2440/3166
f 1997/2445/3167 1968/2444/3167 2008/2443/3167
f 1997/2445/3168 1995/2447/3168 1332/2446/3168
f 3343/2450/3169 3345/2449/3169 1330/2448/3169
f 1995/2447/3170 1998/2451/3170 1333/2440/3170
f 1994/2453/3171 1972/2452/3171 3346/2442/3171
f 1994/2453/3172 1333/2440/3172 1998/2451/3172
f 1972/2452/3173 1986/2455/3173 3367/2454/3173
f 3347/2441/3174 3345/2449/3174 1996/2456/3174
f 3344/2457/3175 1330/2448/3175 3345/2449/3175
f 3347/2441/3176 1996/2456/3176 1333/2440/3176
f 3344/2457/3177 2000/2458/3177 3340/2439/3177
f 3349/2461/3178 3348/2460/3178 2001/2459/3178
f 3348/2460/3179 3346/2442/3179 3342/2462/3179
f 3350/2436/3180 2000/2458/3180 2001/2459/3180
f 2001/2459/3181 2000/2458/3181 3349/2461/3181
f 3370/2435/3182 3350/2436/3182 1984/2463/3182
f 2000/2458/3183 3341/2437/3183 3340/2439/3183
f 3351/2466/3184 3352/2465/3184 1971/2464/3184
f 2002/2467/3185 3344/2457/3185 3340/2439/3185
f 1330/2448/3186 3351/2466/3186 1971/2464/3186
f 2002/2467/3187 3353/2469/3187 3354/2468/3187
f 2003/2470/3188 3353/2469/3188 3340/2439/3188
f 1993/2471/3189 2003/2470/3189 2014/2438/3189
f 2003/2470/3190 1992/2472/3190 3353/2469/3190
f 3339/2432/3191 3354/2468/3191 1991/2473/3191
f 1991/2473/3192 1992/2472/3192 1982/2474/3192
f 3357/2476/3193 3355/2475/3193 1971/2464/3193
f 3359/2477/3194 3357/2476/3194 3354/2468/3194
f 3352/2465/3195 3357/2476/3195 1971/2464/3195
f 3355/2475/3196 3356/2431/3196 1971/2464/3196
f 3359/2477/3197 3358/2479/3197 2004/2478/3197
f 3339/2432/3198 3359/2477/3198 3354/2468/3198
f 2004/2478/3199 1965/2481/3199 2005/2480/3199
f 1965/2481/3200 3358/2479/3200 3339/2432/3200
f 2004/2478/3201 1969/2482/3201 3338/2430/3201
f 2005/2480/3202 1969/2482/3202 2004/2478/3202
f 2004/2478/3203 3338/2430/3203 3356/2431/3203
f 1995/2447/3204 2006/2429/3204 1332/2446/3204
f 3360/2483/3205 2006/2429/3205 1995/2447/3205
f 1971/2464/3206 3360/2483/3206 3343/2450/3206
f 1990/2485/3207 1332/2446/3207 2007/2484/3207
f 3362/2487/3208 1990/2485/3208 1989/2486/3208
f 1997/2445/3209 3362/2487/3209 1968/2444/3209
f 2041/2428/3210 3363/2489/3210 3392/2488/3210
f 1962/2410/3211 3364/2490/3211 2009/2427/3211
f 2010/2491/3212 3364/2490/3212 1962/2410/3212
f 3364/2490/3213 1999/2492/3213 2008/2443/3213
f 3365/2494/3214 1987/2493/3214 1986/2455/3214
f 1986/2455/3215 1987/2493/3215 3381/2495/3215
f 1994/2453/3216 3365/2494/3216 1986/2455/3216
f 3366/2497/3217 3369/2496/3217 3342/2462/3217
f 2023/2498/3218 3366/2497/3218 3367/2454/3218
f 3369/2496/3219 3366/2497/3219 2011/2499/3219
f 3367/2454/3220 3366/2497/3220 3342/2462/3220
f 3368/2500/3221 2011/2499/3221 2012/2424/3221
f 2012/2424/3222 2023/2498/3222 1988/2501/3222
f 2012/2424/3223 2011/2499/3223 2023/2498/3223
f 1960/2423/3224 3368/2500/3224 2012/2424/3224
f 2028/2422/3225 2014/2438/3225 3384/2502/3225
f 2013/2421/3226 2014/2438/3226 2028/2422/3226
f 3370/2435/3227 2014/2438/3227 3341/2437/3227
f 2014/2438/3228 2013/2421/3228 2015/2503/3228
f 2032/2395/3229 3371/2504/3229 2015/2503/3229
f 3372/2505/3230 1966/2433/3230 1967/2434/3230
f 1966/2433/3231 3372/2505/3231 3374/2506/3231
f 3373/2507/3232 2016/2417/3232 3390/2418/3232
f 1969/2482/3233 3375/2509/3233 1957/2508/3233
f 3375/2509/3234 3390/2418/3234 1957/2508/3234
f 1964/2511/3235 2019/2510/3235 2007/2484/3235
f 3376/2513/3236 1964/2511/3236 1970/2512/3236
f 2017/2515/3237 3376/2513/3237 1956/2514/3237
f 3376/2513/3238 1970/2512/3238 1956/2514/3238
f 3377/2516/3239 2019/2510/3239 2018/2413/3239
f 3379/2518/3240 1989/2486/3240 2021/2517/3240
f 2021/2517/3241 1990/2485/3241 2007/2484/3241
f 3377/2516/3242 3378/2414/3242 2021/2517/3242
f 2021/2517/3243 1989/2486/3243 1990/2485/3243
f 2023/2498/3244 3381/2495/3244 3380/2519/3244
f 3367/2454/3245 3381/2495/3245 2023/2498/3245
f 1986/2455/3246 3381/2495/3246 3367/2454/3246
f 3380/2519/3247 2022/2406/3247 2023/2498/3247
f 1329/2397/3248 3382/2425/3248 3402/2520/3248
f 3382/2425/3249 1988/2501/3249 3402/2520/3249
f 3402/2520/3250 1988/2501/3250 2022/2406/3250
f 2026/2402/3251 1985/2521/3251 1960/2423/3251
f 2027/2522/3252 1985/2521/3252 2026/2402/3252
f 2028/2422/3253 3384/2502/3253 2027/2522/3253
f 1984/2463/3254 3383/2523/3254 3384/2502/3254
f 1984/2463/3255 1985/2521/3255 3383/2523/3255
f 2027/2522/3256 3387/2524/3256 2028/2422/3256
f 3385/2526/3257 3387/2524/3257 1980/2525/3257
f 3385/2526/3258 3386/2420/3258 3387/2524/3258
f 1980/2525/3259 3331/2400/3259 3330/2401/3259
f 1980/2525/3260 2029/2527/3260 3331/2400/3260
f 2030/2528/3261 1982/2474/3261 3371/2504/3261
f 3372/2505/3262 2031/2529/3262 2016/2417/3262
f 1991/2473/3263 1982/2474/3263 1967/2434/3263
f 2033/2532/3264 2034/2531/3264 3388/2530/3264
f 2032/2395/3265 2030/2528/3265 3371/2504/3265
f 3329/2396/3266 3388/2530/3266 2032/2395/3266
f 2031/2529/3267 2034/2531/3267 2016/2417/3267
f 2031/2529/3268 3388/2530/3268 2034/2531/3268
f 3412/2533/3269 3389/2415/3269 2033/2532/3269
f 2033/2532/3270 3389/2415/3270 2034/2531/3270
f 1983/2388/3271 3389/2415/3271 3412/2533/3271
f 2034/2531/3272 3389/2415/3272 2016/2417/3272
f 1956/2514/3273 2035/2534/3273 2017/2515/3273
f 2049/2536/3274 2038/2535/3274 2036/2391/3274
f 1975/2538/3275 1974/2369/3275 3391/2537/3275
f 3334/2411/3276 1974/2369/3276 3322/2370/3276
f 2017/2515/3277 3391/2537/3277 3334/2411/3277
f 3392/2488/3278 3363/2489/3278 3379/2518/3278
f 2039/2387/3279 1981/2539/3279 3378/2414/3279
f 3379/2518/3280 3363/2489/3280 1968/2444/3280
f 1981/2539/3281 3392/2488/3281 3379/2518/3281
f 3393/2372/3282 3394/2540/3282 2039/2387/3282
f 3327/2385/3283 2039/2387/3283 3378/2414/3283
f 3396/2542/3284 3395/2541/3284 3393/2372/3284
f 3393/2372/3285 3395/2541/3285 3394/2540/3285
f 3337/2426/3286 3395/2541/3286 1963/2404/3286
f 3398/2403/3287 2042/2543/3287 3397/2405/3287
f 3397/2405/3288 2042/2543/3288 2043/2544/3288
f 2042/2543/3289 2048/2546/3289 1331/2545/3289
f 2042/2543/3290 3398/2403/3290 2048/2546/3290
f 1954/2382/3291 3401/2548/3291 3399/2547/3291
f 1954/2382/3292 3399/2547/3292 1331/2545/3292
f 1329/2397/3293 3402/2520/3293 3400/2549/3293
f 1329/2397/3294 3400/2549/3294 1955/2399/3294
f 2043/2544/3295 3401/2548/3295 3402/2520/3295
f 1979/2551/3296 3403/2550/3296 3400/2549/3296
f 3405/2552/3297 3403/2550/3297 1979/2551/3297
f 3403/2550/3298 3405/2552/3298 1980/2525/3298
f 1954/2382/3299 3404/2379/3299 1979/2551/3299
f 3404/2379/3300 3405/2552/3300 1979/2551/3300
f 3406/2553/3301 1980/2525/3301 2044/2377/3301
f 3403/2550/3302 1980/2525/3302 3330/2401/3302
f 3406/2553/3303 3385/2526/3303 1980/2525/3303
f 3407/2555/3304 3408/2394/3304 1978/2554/3304
f 3407/2555/3305 3409/2556/3305 2033/2532/3305
f 3408/2394/3306 3407/2555/3306 3329/2396/3306
f 3406/2553/3307 1978/2554/3307 1959/2392/3307
f 2045/2375/3308 3409/2556/3308 1978/2554/3308
f 2046/2557/3309 3409/2556/3309 2045/2375/3309
f 3409/2556/3310 3414/2558/3310 2033/2532/3310
f 3409/2556/3311 3410/2364/3311 3414/2558/3311
f 3412/2533/3312 3413/2390/3312 1983/2388/3312
f 3398/2403/3313 3415/2559/3313 2048/2546/3313
f 3323/2367/3314 3416/2560/3314 3415/2559/3314
f 3416/2560/3315 3323/2367/3315 2047/2368/3315
f 3323/2367/3316 3415/2559/3316 3393/2372/3316
f 2048/2546/3317 3416/2560/3317 1977/2561/3317
f 1973/2361/3318 1976/2380/3318 2047/2368/3318
f 3321/2562/3319 1976/2380/3319 1973/2361/3319
f 1950/2374/3320 1976/2380/3320 3321/2562/3320
f 2048/2546/3321 1977/2561/3321 1331/2545/3321
f 2049/2536/3322 3418/2564/3322 3417/2563/3322
f 3411/2565/3323 3418/2564/3323 3413/2390/3323
f 3418/2564/3324 3328/2389/3324 3413/2390/3324
f 3418/2564/3325 2049/2536/3325 3328/2389/3325
f 2050/2362/3326 2051/2363/3326 3417/2563/3326
f 1951/2366/3327 2051/2363/3327 1973/2361/3327
f 3417/2563/3328 2051/2363/3328 2049/2536/3328
f 2051/2363/3329 1974/2369/3329 1975/2538/3329
f 3419/2371/3330 1974/2369/3330 2051/2363/3330
f 1951/2366/3331 3419/2371/3331 2051/2363/3331
f 2057/2568/3332 2081/2567/3332 2052/2566/3332
f 2141/2570/3333 2052/2566/3333 2148/2569/3333
f 3420/2573/3334 3421/2572/3334 3429/2571/3334
f 2082/2575/3335 3429/2571/3335 2060/2574/3335
f 2143/2578/3336 2053/2577/3336 2146/2576/3336
f 2143/2578/3337 3421/2572/3337 3420/2573/3337
f 2052/2566/3338 3422/2580/3338 3424/2579/3338
f 2052/2566/3339 3424/2579/3339 2057/2568/3339
f 3424/2579/3340 3426/2581/3340 2057/2568/3340
f 3425/2584/3341 3423/2583/3341 3512/2582/3341
f 2140/2585/3342 3423/2583/3342 3422/2580/3342
f 2136/2587/3343 3427/2586/3343 3426/2581/3343
f 3428/2589/3344 3427/2586/3344 2135/2588/3344
f 2057/2568/3345 3426/2581/3345 3427/2586/3345
f 2057/2568/3346 3427/2586/3346 3428/2589/3346
f 3429/2571/3347 3430/2590/3347 2060/2574/3347
f 1334/2591/3348 3430/2590/3348 3421/2572/3348
f 3430/2590/3349 3429/2571/3349 3421/2572/3349
f 2088/2593/3350 3430/2590/3350 2129/2592/3350
f 3503/2596/3351 2128/2595/3351 3431/2594/3351
f 3435/2598/3352 2128/2595/3352 1335/2597/3352
f 2056/2601/3353 3432/2600/3353 3433/2599/3353
f 2085/2604/3354 2058/2603/3354 2068/2602/3354
f 1337/2606/3355 2058/2603/3355 2086/2605/3355
f 2059/2609/3356 2069/2608/3356 2070/2607/3356
f 2088/2593/3357 3434/2610/3357 2060/2574/3357
f 3436/2611/3358 3435/2598/3358 1335/2597/3358
f 2079/2613/3359 3436/2611/3359 2092/2612/3359
f 3433/2599/3360 2066/2615/3360 2093/2614/3360
f 2093/2614/3361 2066/2615/3361 2114/2616/3361
f 3433/2599/3362 2093/2614/3362 2056/2601/3362
f 2068/2602/3363 3437/2618/3363 2095/2617/3363
f 3474/2620/3364 2067/2619/3364 1337/2606/3364
f 3474/2620/3365 3437/2618/3365 2067/2619/3365
f 2131/2623/3366 3438/2622/3366 3466/2621/3366
f 2101/2626/3367 3459/2625/3367 2112/2624/3367
f 3459/2625/3368 3439/2627/3368 2112/2624/3368
f 3439/2627/3369 3459/2625/3369 2119/2628/3369
f 3459/2625/3370 2101/2626/3370 2074/2629/3370
f 2109/2632/3371 2072/2631/3371 2110/2630/3371
f 2072/2631/3372 2078/2634/3372 2090/2633/3372
f 2110/2630/3373 2115/2636/3373 2117/2635/3373
f 2078/2634/3374 2072/2631/3374 2109/2632/3374
f 3458/2637/3375 2109/2632/3375 2110/2630/3375
f 3441/2640/3376 3440/2639/3376 3449/2638/3376
f 3442/2643/3377 3444/2642/3377 2062/2641/3377
f 3443/2645/3378 3442/2643/3378 2105/2644/3378
f 3444/2642/3379 3443/2645/3379 3461/2646/3379
f 2077/2649/3380 2076/2648/3380 2103/2647/3380
f 3445/2650/3381 2076/2648/3381 3461/2646/3381
f 2103/2647/3382 2076/2648/3382 3445/2650/3382
f 3445/2650/3383 3443/2645/3383 2105/2644/3383
f 3445/2650/3384 3461/2646/3384 3443/2645/3384
f 3446/2653/3385 3448/2652/3385 2104/2651/3385
f 3447/2654/3386 3448/2652/3386 3446/2653/3386
f 3448/2652/3387 3447/2654/3387 2104/2651/3387
f 3447/2654/3388 3446/2653/3388 1342/2655/3388
f 3449/2638/3389 3450/2656/3389 3446/2653/3389
f 3450/2656/3390 3449/2638/3390 3440/2639/3390
f 1342/2655/3391 3450/2656/3391 2097/2657/3391
f 1342/2655/3392 2097/2657/3392 3451/2658/3392
f 1342/2655/3393 3451/2658/3393 2106/2659/3393
f 3451/2658/3394 3475/2661/3394 2073/2660/3394
f 3451/2658/3395 3476/2662/3395 3475/2661/3395
f 3454/2663/3396 3447/2654/3396 1342/2655/3396
f 2104/2651/3397 3447/2654/3397 3452/2664/3397
f 2106/2659/3398 3453/2665/3398 3454/2663/3398
f 3454/2663/3399 3453/2665/3399 1341/2666/3399
f 2106/2659/3400 3454/2663/3400 1342/2655/3400
f 2078/2634/3401 3455/2668/3401 2107/2667/3401
f 3483/2670/3402 2107/2667/3402 1340/2669/3402
f 1341/2666/3403 2108/2672/3403 3457/2671/3403
f 3456/2673/3404 2108/2672/3404 2101/2626/3404
f 3452/2664/3405 2099/2674/3405 2077/2649/3405
f 2102/2675/3406 2099/2674/3406 3452/2664/3406
f 2108/2672/3407 3458/2637/3407 2074/2629/3407
f 2111/2676/3408 2110/2630/3408 2117/2635/3408
f 3459/2625/3409 2074/2629/3409 3486/2677/3409
f 2075/2679/3410 3486/2677/3410 2065/2678/3410
f 3459/2625/3411 3486/2677/3411 2075/2679/3411
f 2108/2672/3412 2074/2629/3412 2101/2626/3412
f 3460/2681/3413 2100/2680/3413 2101/2626/3413
f 3461/2646/3414 2100/2680/3414 3460/2681/3414
f 2077/2649/3415 3461/2646/3415 2076/2648/3415
f 3439/2627/3416 3462/2682/3416 2112/2624/3416
f 3460/2681/3417 3462/2682/3417 3461/2646/3417
f 2096/2683/3418 3439/2627/3418 2119/2628/3418
f 3490/2685/3419 3463/2684/3419 2096/2683/3419
f 2062/2641/3420 3463/2684/3420 3490/2685/3420
f 3462/2682/3421 3444/2642/3421 3461/2646/3421
f 3463/2684/3422 3444/2642/3422 3462/2682/3422
f 3464/2687/3423 2061/2686/3423 3466/2621/3423
f 3442/2643/3424 3464/2687/3424 2105/2644/3424
f 2062/2641/3425 2061/2686/3425 3464/2687/3425
f 2105/2644/3426 3464/2687/3426 3467/2688/3426
f 2062/2641/3427 3464/2687/3427 3442/2643/3427
f 3465/2690/3428 2069/2608/3428 3493/2689/3428
f 3470/2692/3429 3465/2690/3429 3468/2691/3429
f 2069/2608/3430 3465/2690/3430 3438/2622/3430
f 3438/2622/3431 3465/2690/3431 3466/2621/3431
f 3464/2687/3432 3466/2621/3432 3467/2688/3432
f 3469/2694/3433 3468/2691/3433 2098/2693/3433
f 3469/2694/3434 3470/2692/3434 3468/2691/3434
f 2105/2644/3435 3470/2692/3435 3469/2694/3435
f 3472/2697/3436 2071/2696/3436 2120/2695/3436
f 2113/2699/3437 3471/2698/3437 3472/2697/3437
f 2071/2696/3438 3472/2697/3438 3471/2698/3438
f 3472/2697/3439 2120/2695/3439 1339/2700/3439
f 1337/2606/3440 3473/2701/3440 3474/2620/3440
f 3475/2661/3441 3477/2702/3441 3473/2701/3441
f 3477/2702/3442 3476/2662/3442 2097/2657/3442
f 3478/2705/3443 3479/2704/3443 1338/2703/3443
f 1340/2669/3444 3479/2704/3444 3478/2705/3444
f 3478/2705/3445 3480/2706/3445 3483/2670/3445
f 3480/2706/3446 3478/2705/3446 1338/2703/3446
f 3483/2670/3447 3481/2707/3447 3433/2599/3447
f 3481/2707/3448 2066/2615/3448 3433/2599/3448
f 1340/2669/3449 3478/2705/3449 3483/2670/3449
f 2091/2709/3450 3482/2708/3450 3483/2670/3450
f 3433/2599/3451 2091/2709/3451 3483/2670/3451
f 2092/2612/3452 2115/2636/3452 2123/2710/3452
f 3500/2711/3453 2072/2631/3453 2090/2633/3453
f 2117/2635/3454 2116/2713/3454 3485/2712/3454
f 3436/2611/3455 2116/2713/3455 2092/2612/3455
f 2089/2714/3456 3485/2712/3456 1335/2597/3456
f 3487/2715/3457 3486/2677/3457 2111/2676/3457
f 2065/2678/3458 3487/2715/3458 2089/2714/3458
f 3485/2712/3459 3487/2715/3459 2111/2676/3459
f 1336/2718/3460 3488/2717/3460 2064/2716/3460
f 2075/2679/3461 2064/2716/3461 3488/2717/3461
f 1336/2718/3462 2064/2716/3462 3502/2719/3462
f 2075/2679/3463 3488/2717/3463 3459/2625/3463
f 2119/2628/3464 3488/2717/3464 1336/2718/3464
f 2096/2683/3465 2118/2721/3465 3489/2720/3465
f 2119/2628/3466 2118/2721/3466 2096/2683/3466
f 2118/2721/3467 2119/2628/3467 1336/2718/3467
f 3489/2720/3468 2118/2721/3468 2088/2593/3468
f 3489/2720/3469 3490/2685/3469 2096/2683/3469
f 2062/2641/3470 3490/2685/3470 3491/2722/3470
f 3506/2723/3471 3489/2720/3471 2088/2593/3471
f 3491/2722/3472 3489/2720/3472 3506/2723/3472
f 3492/2724/3473 3468/2691/3473 3465/2690/3473
f 3493/2689/3474 2121/2725/3474 2120/2695/3474
f 3493/2689/3475 2120/2695/3475 3492/2724/3475
f 1397/1317/3476 2910/1318/3476 1497/1503/3476 2830/1328/3476
f 2120/2695/3477 2121/2725/3477 1339/2700/3477
f 2068/2602/3478 2095/2617/3478 3494/2726/3478
f 2121/2725/3479 2095/2617/3479 1339/2700/3479
f 2087/2728/3480 3493/2689/3480 2134/2727/3480
f 2087/2728/3481 2122/2729/3481 3493/2689/3481
f 3494/2726/3482 2121/2725/3482 2122/2729/3482
f 3495/2731/3483 1337/2606/3483 3498/2730/3483
f 3475/2661/3484 3496/2732/3484 2073/2660/3484
f 2094/2734/3485 3497/2733/3485 2086/2605/3485
f 1337/2606/3486 3497/2733/3486 3498/2730/3486
f 3497/2733/3487 1337/2606/3487 2086/2605/3487
f 1338/2703/3488 3498/2730/3488 2094/2734/3488
f 3514/2735/3489 2093/2614/3489 2086/2605/3489
f 2090/2633/3490 3499/2736/3490 3500/2711/3490
f 3501/2738/3491 2125/2737/3491 3499/2736/3491
f 2139/2741/3492 2126/2740/3492 2055/2739/3492
f 2123/2710/3493 2124/2742/3493 2092/2612/3493
f 3502/2719/3494 2089/2714/3494 2127/2743/3494
f 3502/2719/3495 2127/2743/3495 1336/2718/3495
f 2075/2679/3496 2065/2678/3496 2064/2716/3496
f 1335/2597/3497 3503/2596/3497 2127/2743/3497
f 3505/2745/3498 3504/2744/3498 2082/2575/3498
f 2084/2747/3499 2083/2746/3499 3504/2744/3499
f 3431/2594/3500 3504/2744/3500 3503/2596/3500
f 2127/2743/3501 3505/2745/3501 1336/2718/3501
f 3466/2621/3502 3491/2722/3502 2130/2748/3502
f 3491/2722/3503 2061/2686/3503 2062/2641/3503
f 2130/2748/3504 2132/2749/3504 2131/2623/3504
f 2130/2748/3505 2131/2623/3505 3466/2621/3505
f 3508/2750/3506 2070/2607/3506 2131/2623/3506
f 3508/2750/3507 3430/2590/3507 1334/2591/3507
f 3508/2750/3508 2132/2749/3508 3430/2590/3508
f 2070/2607/3509 3509/2751/3509 2059/2609/3509
f 2134/2727/3510 3509/2751/3510 2133/2752/3510
f 2142/2753/3511 3509/2751/3511 2070/2607/3511
f 2135/2588/3512 2054/2755/3512 2144/2754/3512
f 2135/2588/3513 2136/2587/3513 2133/2752/3513
f 3510/2756/3514 2136/2587/3514 3426/2581/3514
f 3511/2757/3515 2136/2587/3515 3510/2756/3515
f 2087/2728/3516 3510/2756/3516 3494/2726/3516
f 3426/2581/3517 2137/2758/3517 3510/2756/3517
f 3494/2726/3518 2085/2604/3518 2068/2602/3518
f 3425/2584/3519 3513/2759/3519 2137/2758/3519
f 3512/2582/3520 2138/2760/3520 3513/2759/3520
f 3512/2582/3521 3513/2759/3521 3425/2584/3521
f 3425/2584/3522 2137/2758/3522 3426/2581/3522
f 3517/2761/3523 3512/2582/3523 3423/2583/3523
f 2137/2758/3524 2138/2760/3524 2086/2605/3524
f 2137/2758/3525 3513/2759/3525 2138/2760/3525
f 2056/2601/3526 3514/2735/3526 3516/2762/3526
f 3516/2762/3527 3512/2582/3527 3517/2761/3527
f 2055/2739/3528 3515/2763/3528 2139/2741/3528
f 3517/2761/3529 3515/2763/3529 3516/2762/3529
f 2056/2601/3530 3516/2762/3530 3432/2600/3530
f 3516/2762/3531 3515/2763/3531 3432/2600/3531
f 2140/2585/3532 3518/2764/3532 3517/2761/3532
f 2141/2570/3533 3519/2765/3533 3518/2764/3533
f 1334/2591/3534 2142/2753/3534 3507/2766/3534
f 2070/2607/3535 3507/2766/3535 2142/2753/3535
f 2144/2754/3536 2143/2578/3536 2145/2767/3536
f 3421/2572/3537 2143/2578/3537 1334/2591/3537
f 1334/2591/3538 2144/2754/3538 2142/2753/3538
f 2146/2576/3539 2145/2767/3539 2143/2578/3539
f 3428/2589/3540 2081/2567/3540 2057/2568/3540
f 2145/2767/3541 3428/2589/3541 2135/2588/3541
f 2081/2567/3542 2145/2767/3542 2146/2576/3542
f 2144/2754/3543 2145/2767/3543 2135/2588/3543
f 2063/2769/3544 2147/2768/3544 3431/2594/3544
f 2147/2768/3545 2080/2770/3545 2148/2569/3545
f 2079/2613/3546 2080/2770/3546 2063/2769/3546
f 3420/2573/3547 2083/2746/3547 2053/2577/3547
f 2053/2577/3548 2084/2747/3548 2146/2576/3548
f 2084/2747/3549 3504/2744/3549 3431/2594/3549
f 3618/2773/3550 3521/2772/3550 2152/2771/3550
f 2244/2774/3551 3521/2772/3551 3618/2773/3551
f 3521/2772/3552 1344/2775/3552 2152/2771/3552
f 3621/2776/3553 1344/2775/3553 3521/2772/3553
f 2149/2779/3554 2240/2778/3554 2239/2777/3554
f 2149/2779/3555 2156/2781/3555 3622/2780/3555
f 2244/2774/3556 2149/2779/3556 3622/2780/3556
f 1344/2775/3557 3522/2782/3557 2152/2771/3557
f 2151/2783/3558 2152/2771/3558 3522/2782/3558
f 3523/2784/3559 2152/2771/3559 2151/2783/3559
f 2233/2787/3560 3526/2786/3560 3525/2785/3560
f 3524/2788/3561 2233/2787/3561 3525/2785/3561
f 2231/2790/3562 3527/2789/3562 2239/2777/3562
f 2160/2793/3563 3620/2792/3563 3529/2791/3563
f 2161/2794/3564 3620/2792/3564 2160/2793/3564
f 3528/2796/3565 2161/2794/3565 2190/2795/3565
f 3529/2791/3566 3620/2792/3566 3600/2797/3566
f 3612/2800/3567 2228/2799/3567 2153/2798/3567
f 3531/2803/3568 2224/2802/3568 3607/2801/3568
f 3532/2806/3569 2221/2805/3569 2220/2804/3569
f 2157/2809/3570 3534/2808/3570 3535/2807/3570
f 2230/2810/3571 3534/2808/3571 3527/2789/3571
f 3534/2808/3572 2156/2781/3572 3527/2789/3572
f 2213/2811/3573 2161/2794/3573 2160/2793/3573
f 2190/2795/3574 2212/2813/3574 1347/2812/3574
f 3536/2816/3575 3530/2815/3575 2209/2814/3575
f 3536/2816/3576 2209/2814/3576 3537/2817/3576
f 2209/2814/3577 2228/2799/3577 2210/2818/3577
f 2209/2814/3578 3530/2815/3578 2228/2799/3578
f 3537/2817/3579 2209/2814/3579 2208/2819/3579
f 2206/2822/3580 2223/2821/3580 3578/2820/3580
f 3577/2824/3581 3538/2823/3581 2206/2822/3581
f 2206/2822/3582 3539/2825/3582 2223/2821/3582
f 3538/2823/3583 3577/2824/3583 3574/2826/3583
f 3541/2829/3584 3540/2828/3584 1346/2827/3584
f 2220/2804/3585 3540/2828/3585 3533/2830/3585
f 1346/2827/3586 3540/2828/3586 2205/2831/3586
f 2173/2834/3587 2166/2833/3587 3543/2832/3587
f 3568/2836/3588 3542/2835/3588 2166/2833/3588
f 3565/2838/3589 3543/2832/3589 2203/2837/3589
f 2175/2841/3590 2176/2840/3590 3544/2839/3590
f 3544/2839/3591 3562/2842/3591 2175/2841/3591
f 3584/2844/3592 2176/2840/3592 2177/2843/3592
f 2175/2841/3593 3562/2842/3593 3563/2845/3593
f 2170/2848/3594 2169/2847/3594 2191/2846/3594
f 1350/2850/3595 2169/2847/3595 2167/2849/3595
f 2191/2846/3596 2169/2847/3596 1350/2850/3596
f 3573/2853/3597 3546/2852/3597 2179/2851/3597
f 2174/2856/3598 3549/2855/3598 2198/2854/3598
f 2198/2854/3599 3549/2855/3599 2197/2857/3599
f 2171/2860/3600 3550/2859/3600 1349/2858/3600
f 3572/2863/3601 3551/2862/3601 1351/2861/3601
f 2200/2864/3602 1351/2861/3602 2179/2851/3602
f 2198/2854/3603 2197/2857/3603 2196/2865/3603
f 2200/2864/3604 3552/2866/3604 1351/2861/3604
f 2199/2868/3605 2178/2867/3605 1350/2850/3605
f 2195/2870/3606 2178/2867/3606 3554/2869/3606
f 2191/2846/3607 2178/2867/3607 2195/2870/3607
f 2178/2867/3608 2191/2846/3608 1350/2850/3608
f 3556/2872/3609 3555/2871/3609 1350/2850/3609
f 3560/2874/3610 2201/2873/3610 3563/2845/3610
f 2196/2865/3611 3556/2872/3611 3560/2874/3611
f 3557/2876/3612 3558/2875/3612 2201/2873/3612
f 3557/2876/3613 2201/2873/3613 3556/2872/3613
f 3557/2876/3614 3556/2872/3614 1350/2850/3614
f 3558/2875/3615 2167/2849/3615 1348/2877/3615
f 2201/2873/3616 2175/2841/3616 3563/2845/3616
f 3560/2874/3617 3561/2878/3617 2196/2865/3617
f 3565/2838/3618 3561/2878/3618 3563/2845/3618
f 2196/2865/3619 3561/2878/3619 3567/2879/3619
f 3565/2838/3620 3564/2880/3620 3562/2842/3620
f 2202/2881/3621 3562/2842/3621 3544/2839/3621
f 3563/2845/3622 3564/2880/3622 3565/2838/3622
f 3565/2838/3623 3566/2882/3623 3543/2832/3623
f 3566/2882/3624 3565/2838/3624 2202/2881/3624
f 2202/2881/3625 3565/2838/3625 3562/2842/3625
f 2203/2837/3626 3561/2878/3626 3565/2838/3626
f 2174/2856/3627 2204/2883/3627 1349/2858/3627
f 2174/2856/3628 3567/2879/3628 2204/2883/3628
f 3542/2835/3629 3568/2836/3629 2203/2837/3629
f 3568/2836/3630 2204/2883/3630 2203/2837/3630
f 3569/2884/3631 2204/2883/3631 3568/2836/3631
f 2203/2837/3632 2204/2883/3632 3567/2879/3632
f 2204/2883/3633 3569/2884/3633 1349/2858/3633
f 2217/2885/3634 3569/2884/3634 3568/2836/3634
f 2193/2886/3635 3569/2884/3635 2217/2885/3635
f 3548/2889/3636 3602/2888/3636 2159/2887/3636
f 1349/2858/3637 2193/2886/3637 3548/2889/3637
f 2171/2860/3638 2172/2891/3638 3570/2890/3638
f 3572/2863/3639 1346/2827/3639 3571/2892/3639
f 2171/2860/3640 3570/2890/3640 3572/2863/3640
f 3574/2826/3641 3575/2894/3641 3576/2893/3641
f 2165/2895/3642 3546/2852/3642 3573/2853/3642
f 3576/2893/3643 3546/2852/3643 2165/2895/3643
f 3578/2820/3644 3579/2897/3644 2207/2896/3644
f 2207/2896/3645 3579/2897/3645 2195/2870/3645
f 2195/2870/3646 3589/2898/3646 2191/2846/3646
f 2207/2896/3647 2195/2870/3647 3554/2869/3647
f 3580/2900/3648 2168/2899/3648 2170/2848/3648
f 2167/2849/3649 2208/2819/3649 1348/2877/3649
f 1348/2877/3650 2209/2814/3650 2210/2818/3650
f 2210/2818/3651 2194/2901/3651 1348/2877/3651
f 2214/2903/3652 2211/2902/3652 2212/2813/3652
f 2212/2813/3653 2211/2902/3653 1347/2812/3653
f 3585/2904/3654 2213/2811/3654 2160/2793/3654
f 2202/2881/3655 2188/2905/3655 3566/2882/3655
f 2214/2903/3656 2202/2881/3656 3544/2839/3656
f 2216/2908/3657 2163/2907/3657 2162/2906/3657
f 2163/2907/3658 2166/2833/3658 2173/2834/3658
f 2166/2833/3659 2215/2909/3659 3568/2836/3659
f 2218/2910/3660 2215/2909/3660 3534/2808/3660
f 3535/2807/3661 2215/2909/3661 2189/2911/3661
f 3534/2808/3662 2215/2909/3662 3535/2807/3662
f 2218/2910/3663 2230/2810/3663 2187/2912/3663
f 2215/2909/3664 2217/2885/3664 3568/2836/3664
f 2187/2912/3665 2217/2885/3665 2218/2910/3665
f 2219/2914/3666 3586/2913/3666 2165/2895/3666
f 2219/2914/3667 3587/2915/3667 3586/2913/3667
f 3576/2893/3668 3587/2915/3668 3574/2826/3668
f 3587/2915/3669 2219/2914/3669 2221/2805/3669
f 2220/2804/3670 2219/2914/3670 2205/2831/3670
f 3587/2915/3671 2192/2916/3671 3574/2826/3671
f 2192/2916/3672 3588/2918/3672 2154/2917/3672
f 2186/2919/3673 2154/2917/3673 3588/2918/3673
f 3581/2921/3674 3580/2900/3674 3592/2920/3674
f 3580/2900/3675 2225/2922/3675 3592/2920/3675
f 2170/2848/3676 2222/2923/3676 3580/2900/3676
f 2223/2821/3677 3589/2898/3677 3578/2820/3677
f 2223/2821/3678 2222/2923/3678 3589/2898/3678
f 2226/2925/3679 3590/2924/3679 2224/2802/3679
f 3591/2926/3680 3590/2924/3680 2226/2925/3680
f 3537/2817/3681 3592/2920/3681 3591/2926/3681
f 2225/2922/3682 3590/2924/3682 3592/2920/3682
f 2164/2927/3683 1347/2812/3683 2211/2902/3683
f 1347/2812/3684 3593/2929/3684 2227/2928/3684
f 2177/2843/3685 3583/2930/3685 2164/2927/3685
f 1347/2812/3686 2227/2928/3686 3594/2931/3686
f 2228/2799/3687 2227/2928/3687 2210/2818/3687
f 2228/2799/3688 3594/2931/3688 2227/2928/3688
f 2229/2932/3689 3594/2931/3689 3612/2800/3689
f 2190/2795/3690 3595/2934/3690 2185/2933/3690
f 3594/2931/3691 3595/2934/3691 1347/2812/3691
f 3597/2935/3692 3585/2904/3692 2160/2793/3692
f 3597/2935/3693 2163/2907/3693 2173/2834/3693
f 3600/2797/3694 3598/2936/3694 3529/2791/3694
f 2157/2809/3695 3599/2937/3695 3622/2780/3695
f 2159/2887/3696 3601/2939/3696 2158/2938/3696
f 2158/2938/3697 3604/2940/3697 1346/2827/3697
f 3603/2942/3698 3605/2941/3698 2231/2790/3698
f 3601/2939/3699 3605/2941/3699 3604/2940/3699
f 3603/2942/3700 3541/2829/3700 3604/2940/3700
f 3541/2829/3701 2180/2944/3701 2155/2943/3701
f 2150/2946/3702 2232/2945/3702 2155/2943/3702
f 2232/2945/3703 2150/2946/3703 2183/2947/3703
f 2221/2805/3704 2232/2945/3704 2186/2919/3704
f 2155/2943/3705 2232/2945/3705 2221/2805/3705
f 2234/2948/3706 3607/2801/3706 2186/2919/3706
f 3609/2949/3707 3531/2803/3707 3607/2801/3707
f 3524/2788/3708 3608/2951/3708 2235/2950/3708
f 3610/2953/3709 2236/2952/3709 3524/2788/3709
f 3524/2788/3710 2236/2952/3710 3608/2951/3710
f 3611/2954/3711 2151/2783/3711 3522/2782/3711
f 3611/2954/3712 2184/2955/3712 3610/2953/3712
f 2184/2955/3713 2153/2798/3713 3537/2817/3713
f 3612/2800/3714 3614/2957/3714 3613/2956/3714
f 2237/2958/3715 3611/2954/3715 3522/2782/3715
f 3613/2956/3716 3614/2957/3716 2237/2958/3716
f 3614/2957/3717 2184/2955/3717 3611/2954/3717
f 2229/2932/3718 3612/2800/3718 3613/2956/3718
f 2184/2955/3719 3614/2957/3719 2153/2798/3719
f 2237/2958/3720 3615/2959/3720 3613/2956/3720
f 3615/2959/3721 2238/2960/3721 2229/2932/3721
f 2238/2960/3722 3615/2959/3722 1344/2775/3722
f 3616/2962/3723 2238/2960/3723 2242/2961/3723
f 2180/2944/3724 2150/2946/3724 2155/2943/3724
f 3617/2964/3725 2240/2778/3725 2241/2963/3725
f 2240/2778/3726 2181/2965/3726 2239/2777/3726
f 2181/2965/3727 3617/2964/3727 2183/2947/3727
f 2183/2947/3728 3619/2967/3728 2182/2966/3728
f 2242/2961/3729 3620/2792/3729 3528/2796/3729
f 2242/2961/3730 2238/2960/3730 1344/2775/3730
f 2242/2961/3731 3528/2796/3731 3616/2962/3731
f 2185/2933/3732 3528/2796/3732 2190/2795/3732
f 3616/2962/3733 3528/2796/3733 2185/2933/3733
f 2243/2970/3734 2245/2969/3734 3623/2968/3734
f 2243/2970/3735 3621/2776/3735 2245/2969/3735
f 3622/2780/3736 3623/2968/3736 2245/2969/3736
f 3625/2973/3737 2354/2972/3737 2346/2971/3737
f 2346/2971/3738 2351/2975/3738 2348/2974/3738
f 2350/2978/3739 3626/2977/3739 3721/2976/3739
f 3721/2976/3740 3626/2977/3740 2248/2979/3740
f 3624/2980/3741 2350/2978/3741 3721/2976/3741
f 2346/2971/3742 2252/2981/3742 3625/2973/3742
f 2346/2971/3743 3627/2982/3743 2252/2981/3743
f 2251/2983/3744 3627/2982/3744 2346/2971/3744
f 3625/2973/3745 2252/2981/3745 3630/2984/3745
f 2252/2981/3746 3627/2982/3746 2251/2983/3746
f 2252/2981/3747 3628/2986/3747 3629/2985/3747
f 3629/2985/3748 3628/2986/3748 3711/2987/3748
f 2252/2981/3749 2343/2988/3749 3630/2984/3749
f 3719/2991/3750 2342/2990/3750 2349/2989/3750
f 3719/2991/3751 3630/2984/3751 2342/2990/3751
f 2248/2979/3752 3631/2993/3752 2258/2992/3752
f 3631/2993/3753 3626/2977/3753 2340/2994/3753
f 3683/2997/3754 2257/2996/3754 2339/2995/3754
f 2246/3000/3755 3633/2999/3755 3639/2998/3755
f 3632/3003/3756 2337/3002/3756 3697/3001/3756
f 3632/3003/3757 3633/2999/3757 2337/3002/3757
f 2247/3005/3758 3639/2998/3758 3638/3004/3758
f 2247/3005/3759 2246/3000/3759 3639/2998/3759
f 2337/3002/3760 2246/3000/3760 2338/3006/3760
f 2327/3007/3761 3632/3003/3761 3697/3001/3761
f 2253/3010/3762 3634/3009/3762 3713/3008/3762
f 3713/3008/3763 2260/3012/3763 2254/3011/3763
f 2335/3014/3764 2253/3010/3764 2281/3013/3764
f 3708/3017/3765 3635/3016/3765 2262/3015/3765
f 3635/3016/3766 2261/3018/3766 2262/3015/3766
f 2333/3021/3767 2344/3020/3767 1355/3019/3767
f 3691/3022/3768 2344/3020/3768 2333/3021/3768
f 2319/3023/3769 3635/3016/3769 3691/3022/3769
f 2263/3026/3770 2256/3025/3770 2330/3024/3770
f 2256/3025/3771 2255/3027/3771 2330/3024/3771
f 2341/3028/3772 2255/3027/3772 2256/3025/3772
f 2263/3026/3773 2330/3024/3773 2290/3029/3773
f 2258/2992/3774 3636/3031/3774 2286/3030/3774
f 2258/2992/3775 2257/2996/3775 3636/3031/3775
f 3639/2998/3776 2326/3033/3776 2282/3032/3776
f 3678/3034/3777 3639/2998/3777 3632/3003/3777
f 2323/3036/3778 3640/3035/3778 3634/3009/3778
f 3694/3038/3779 3640/3035/3779 2322/3037/3779
f 2260/3012/3780 3640/3035/3780 3694/3038/3780
f 3642/3040/3781 2261/3018/3781 2318/3039/3781
f 2263/3026/3782 3643/3042/3782 3644/3041/3782
f 2263/3026/3783 3703/3043/3783 2256/3025/3783
f 3661/3046/3784 3645/3045/3784 2271/3044/3784
f 2312/3049/3785 2329/3048/3785 1356/3047/3785
f 2329/3048/3786 3645/3045/3786 2264/3050/3786
f 2271/3044/3787 2311/3052/3787 2306/3051/3787
f 2271/3044/3788 3645/3045/3788 2311/3052/3788
f 2307/3055/3789 3646/3054/3789 2308/3053/3789
f 3656/3056/3790 3646/3054/3790 2307/3055/3790
f 2309/3058/3791 3646/3054/3791 3677/3057/3791
f 3656/3056/3792 2307/3055/3792 3658/3059/3792
f 2304/3062/3793 2266/3061/3793 2321/3060/3793
f 2267/3065/3794 3647/3064/3794 2274/3063/3794
f 2268/3068/3795 3648/3067/3795 2276/3066/3795
f 2275/3069/3796 2276/3066/3796 3648/3067/3796
f 2268/3068/3797 3650/3071/3797 1354/3070/3797
f 2317/3072/3798 3648/3067/3798 2268/3068/3798
f 2275/3069/3799 3648/3067/3799 2298/3073/3799
f 2300/3076/3800 2269/3075/3800 2315/3074/3800
f 2272/3079/3801 3649/3078/3801 2273/3077/3801
f 3664/3080/3802 2272/3079/3802 2273/3077/3802
f 2299/3082/3803 2298/3073/3803 2295/3081/3803
f 2298/3073/3804 2299/3082/3804 2300/3076/3804
f 2295/3081/3805 2298/3073/3805 2272/3079/3805
f 3650/3071/3806 2294/3083/3806 1354/3070/3806
f 2300/3076/3807 2275/3069/3807 2298/3073/3807
f 3651/3086/3808 2301/3085/3808 3653/3084/3808
f 2297/3087/3809 3651/3086/3809 3653/3084/3809
f 3653/3084/3810 2301/3085/3810 1357/3088/3810
f 2302/3089/3811 2274/3063/3811 3651/3086/3811
f 2274/3063/3812 2301/3085/3812 3651/3086/3812
f 3652/3091/3813 2296/3090/3813 3653/3084/3813
f 1357/3088/3814 3652/3091/3814 3653/3084/3814
f 2303/3093/3815 3654/3092/3815 1357/3088/3815
f 3654/3092/3816 2304/3062/3816 3655/3094/3816
f 2304/3062/3817 3654/3092/3817 2303/3093/3817
f 1357/3088/3818 3654/3092/3818 3652/3091/3818
f 3655/3094/3819 2304/3062/3819 2321/3060/3819
f 3658/3059/3820 3652/3091/3820 3654/3092/3820
f 2305/3095/3821 3655/3094/3821 3656/3056/3821
f 2292/3096/3822 3655/3094/3822 2321/3060/3822
f 3656/3056/3823 2292/3096/3823 2265/3097/3823
f 2305/3095/3824 3656/3056/3824 3658/3059/3824
f 3658/3059/3825 3663/3098/3825 2296/3090/3825
f 3658/3059/3826 3657/3099/3826 3663/3098/3826
f 3660/3100/3827 3657/3099/3827 3658/3059/3827
f 2310/3101/3828 2308/3053/3828 2309/3058/3828
f 3659/3102/3829 2308/3053/3829 2310/3101/3829
f 2306/3051/3830 3660/3100/3830 3659/3102/3830
f 3659/3102/3831 3660/3100/3831 2308/3053/3831
f 2307/3055/3832 3660/3100/3832 3658/3059/3832
f 2306/3051/3833 3659/3102/3833 2271/3044/3833
f 2271/3044/3834 3659/3102/3834 2310/3101/3834
f 2291/3103/3835 2310/3101/3835 2309/3058/3835
f 3662/3105/3836 3665/3104/3836 2295/3081/3836
f 3665/3104/3837 2313/3106/3837 2295/3081/3837
f 2270/3108/3838 2313/3106/3838 3666/3107/3838
f 2313/3106/3839 2270/3108/3839 2295/3081/3839
f 3684/3109/3840 2312/3049/3840 1356/3047/3840
f 3667/3110/3841 2269/3075/3841 2270/3108/3841
f 3668/3112/3842 2314/3111/3842 3643/3042/3842
f 2315/3074/3843 2294/3083/3843 2300/3076/3843
f 3668/3112/3844 2294/3083/3844 2315/3074/3844
f 1354/3070/3845 2294/3083/3845 3669/3113/3845
f 2268/3068/3846 3670/3114/3846 2317/3072/3846
f 2316/3116/3847 3670/3114/3847 2331/3115/3847
f 3671/3118/3848 3672/3117/3848 2316/3116/3848
f 3672/3117/3849 3671/3118/3849 2318/3039/3849
f 3642/3040/3850 3671/3118/3850 2316/3116/3850
f 3673/3119/3851 2318/3039/3851 2319/3023/3851
f 2318/3039/3852 3671/3118/3852 3642/3040/3852
f 3673/3119/3853 2293/3120/3853 2302/3089/3853
f 2293/3120/3854 3673/3119/3854 2267/3065/3854
f 3672/3117/3855 2302/3089/3855 2317/3072/3855
f 2320/3122/3856 2321/3060/3856 3674/3121/3856
f 3674/3121/3857 2266/3061/3857 2267/3065/3857
f 2322/3037/3858 2320/3122/3858 2332/3123/3858
f 2324/3124/3859 2323/3036/3859 3634/3009/3859
f 2321/3060/3860 2320/3122/3860 3675/3125/3860
f 2288/3127/3861 2287/3126/3861 2324/3124/3861
f 2292/3096/3862 2287/3126/3862 2265/3097/3862
f 3677/3057/3863 3676/3128/3863 2309/3058/3863
f 2265/3097/3864 3676/3128/3864 3677/3057/3864
f 3678/3034/3865 2325/3129/3865 2326/3033/3865
f 2291/3103/3866 3679/3130/3866 2327/3007/3866
f 2309/3058/3867 3679/3130/3867 2291/3103/3867
f 2291/3103/3868 1353/3131/3868 2310/3101/3868
f 2328/3133/3869 2264/3050/3869 3681/3132/3869
f 3637/3134/3870 2328/3133/3870 3681/3132/3870
f 3681/3132/3871 3661/3046/3871 1353/3131/3871
f 3661/3046/3872 3681/3132/3872 2264/3050/3872
f 3682/3135/3873 2257/2996/3873 3683/2997/3873
f 2329/3048/3874 2328/3133/3874 1356/3047/3874
f 3684/3109/3875 2284/3136/3875 3666/3107/3875
f 3685/3137/3876 3683/2997/3876 2284/3136/3876
f 3666/3107/3877 2284/3136/3877 2270/3108/3877
f 1356/3047/3878 3685/3137/3878 3684/3109/3878
f 3670/3114/3879 3686/3138/3879 2331/3115/3879
f 1354/3070/3880 3686/3138/3880 2268/3068/3880
f 2268/3068/3881 3686/3138/3881 3670/3114/3881
f 2331/3115/3882 3687/3139/3882 2255/3027/3882
f 3687/3139/3883 2330/3024/3883 2255/3027/3883
f 2330/3024/3884 3687/3139/3884 2290/3029/3884
f 2283/3141/3885 3688/3140/3885 2331/3115/3885
f 3688/3140/3886 2283/3141/3886 3641/3142/3886
f 2283/3141/3887 2331/3115/3887 2255/3027/3887
f 3641/3142/3888 3707/3143/3888 2262/3015/3888
f 2316/3116/3889 3688/3140/3889 3642/3040/3889
f 3689/3145/3890 3690/3144/3890 2319/3023/3890
f 3690/3144/3891 3673/3119/3891 2319/3023/3891
f 3692/3146/3892 3689/3145/3892 2319/3023/3892
f 2267/3065/3893 3690/3144/3893 3674/3121/3893
f 3691/3022/3894 3692/3146/3894 2319/3023/3894
f 3693/3147/3895 3692/3146/3895 2333/3021/3895
f 3692/3146/3896 2332/3123/3896 3689/3145/3896
f 3694/3038/3897 3693/3147/3897 3712/3148/3897
f 3693/3147/3898 3694/3038/3898 2322/3037/3898
f 2265/3097/3899 3696/3150/3899 3695/3149/3899
f 3676/3128/3900 3695/3149/3900 2289/3151/3900
f 2265/3097/3901 3695/3149/3901 3676/3128/3901
f 2287/3126/3902 3696/3150/3902 2265/3097/3902
f 2334/3152/3903 3695/3149/3903 2288/3127/3903
f 3634/3009/3904 2288/3127/3904 2324/3124/3904
f 2334/3152/3905 2288/3127/3905 3634/3009/3905
f 2335/3014/3906 2334/3152/3906 2253/3010/3906
f 2289/3151/3907 2282/3032/3907 2326/3033/3907
f 3699/3154/3908 2285/3153/3908 2327/3007/3908
f 3699/3154/3909 2327/3007/3909 3697/3001/3909
f 3681/3132/3910 2336/3155/3910 3637/3134/3910
f 2336/3155/3911 2285/3153/3911 3699/3154/3911
f 2337/3002/3912 3699/3154/3912 3697/3001/3912
f 2338/3006/3913 3698/3156/3913 2337/3002/3913
f 3698/3156/3914 3699/3154/3914 2337/3002/3914
f 2336/3155/3915 3699/3154/3915 3698/3156/3915
f 2338/3006/3916 2277/3158/3916 3700/3157/3916
f 3700/3157/3917 2277/3158/3917 2286/3030/3917
f 2339/2995/3918 3702/3159/3918 3683/2997/3918
f 3701/3160/3919 3702/3159/3919 2339/2995/3919
f 2340/2994/3920 3701/3160/3920 3631/2993/3920
f 2259/3162/3921 3704/3161/3921 2314/3111/3921
f 2278/3163/3922 3704/3161/3922 2340/2994/3922
f 3704/3161/3923 2278/3163/3923 3703/3043/3923
f 3704/3161/3924 3701/3160/3924 2340/2994/3924
f 2256/3025/3925 3703/3043/3925 2278/3163/3925
f 2314/3111/3926 3704/3161/3926 3644/3041/3926
f 2250/3165/3927 2249/3164/3927 2341/3028/3927
f 2250/3165/3928 2341/3028/3928 2256/3025/3928
f 2342/2990/3929 3705/3167/3929 3706/3166/3929
f 3706/3166/3930 3705/3167/3930 2283/3141/3930
f 2342/2990/3931 2249/3164/3931 2349/2989/3931
f 2283/3141/3932 3705/3167/3932 2343/2988/3932
f 2341/3028/3933 3706/3166/3933 2255/3027/3933
f 3707/3143/3934 3709/3168/3934 2262/3015/3934
f 3706/3166/3935 2283/3141/3935 2255/3027/3935
f 3635/3016/3936 3708/3017/3936 2344/3020/3936
f 2344/3020/3937 3711/2987/3937 3710/3169/3937
f 2251/2983/3938 3710/3169/3938 3628/2986/3938
f 2254/3011/3939 1352/3170/3939 1355/3019/3939
f 2280/3171/3940 2254/3011/3940 1355/3019/3940
f 2253/3010/3941 2345/3172/3941 2281/3013/3941
f 1352/3170/3942 2254/3011/3942 2260/3012/3942
f 3714/3174/3943 3715/3173/3943 2280/3171/3943
f 2346/2971/3944 3714/3174/3944 2251/2983/3944
f 2280/3171/3945 3715/3173/3945 2345/3172/3945
f 3638/3004/3946 2281/3013/3946 2348/2974/3946
f 3716/3176/3947 2279/3175/3947 2340/2994/3947
f 2349/2989/3948 2279/3175/3948 3716/3176/3948
f 2278/3163/3949 2250/3165/3949 2256/3025/3949
f 3717/3177/3950 3716/3176/3950 2340/2994/3950
f 3716/3176/3951 3717/3177/3951 2350/2978/3951
f 3716/3176/3952 3719/2991/3952 2349/2989/3952
f 3624/2980/3953 3718/3178/3953 2350/2978/3953
f 3718/3178/3954 3719/2991/3954 2350/2978/3954
f 3625/2973/3955 3718/3178/3955 3624/2980/3955
f 2246/3000/3956 2352/3180/3956 2353/3179/3956
f 2351/2975/3957 2352/3180/3957 2247/3005/3957
f 2246/3000/3958 2353/3179/3958 2338/3006/3958
f 2348/2974/3959 2247/3005/3959 3638/3004/3959
f 2352/3180/3960 2246/3000/3960 2247/3005/3960
f 3721/2976/3961 3720/3181/3961 3624/2980/3961
f 3720/3181/3962 2354/2972/3962 3624/2980/3962
f 2353/3179/3963 3720/3181/3963 2338/3006/3963
f 2277/3158/3964 3721/2976/3964 2248/2979/3964
f 3721/2976/3965 2277/3158/3965 2338/3006/3965
f 2286/3030/3966 2277/3158/3966 2248/2979/3966
f 2421/3184/3967 3722/3183/3967 3780/3182/3967
f 3783/3185/3968 3722/3183/3968 2421/3184/3968
f 2418/3187/3969 3722/3183/3969 2422/3186/3969
f 3723/3188/3970 3722/3183/3970 2418/3187/3970
f 2422/3186/3971 3722/3183/3971 3783/3185/3971
f 2357/3191/3972 2420/3190/3972 3779/3189/3972
f 3779/3189/3973 2420/3190/3973 2421/3184/3973
f 2417/3192/3974 3723/3188/3974 2418/3187/3974
f 2358/3194/3975 2417/3192/3975 2416/3193/3975
f 3723/3188/3976 2360/3196/3976 2355/3195/3976
f 3723/3188/3977 2358/3194/3977 2360/3196/3977
f 3780/3182/3978 2372/3198/3978 3773/3197/3978
f 3780/3182/3979 3773/3197/3979 3781/3199/3979
f 3762/3202/3980 3726/3201/3980 2409/3200/3980
f 3726/3201/3981 2410/3203/3981 2409/3200/3981
f 2371/3206/3982 2408/3205/3982 2362/3204/3982
f 1359/3207/3983 2362/3204/3983 2408/3205/3983
f 2375/3210/3984 2361/3209/3984 2364/3208/3984
f 2357/3191/3985 3725/3212/3985 2377/3211/3985
f 2377/3211/3986 3726/3201/3986 2407/3213/3986
f 2379/3216/3987 3727/3215/3987 3758/3214/3987
f 1359/3207/3988 3727/3215/3988 2362/3204/3988
f 3782/3218/3989 3727/3215/3989 3778/3217/3989
f 3778/3217/3990 3727/3215/3990 2379/3216/3990
f 3775/3221/3991 2404/3220/3991 2402/3219/3991
f 2384/3223/3992 2404/3220/3992 2396/3222/3992
f 2385/3226/3993 3728/3225/3993 3729/3224/3993
f 2385/3226/3994 3729/3224/3994 2368/3227/3994
f 2365/3230/3995 2399/3229/3995 2400/3228/3995
f 3731/3233/3996 3733/3232/3996 2393/3231/3996
f 2397/3235/3997 3733/3232/3997 3732/3234/3997
f 3754/3238/3998 2394/3237/3998 1358/3236/3998
f 3754/3238/3999 2366/3239/3999 2394/3237/3999
f 2392/3242/4000 3750/3241/4000 3734/3240/4000
f 3734/3240/4001 3750/3241/4001 2367/3243/4001
f 2392/3242/4002 3735/3245/4002 2369/3244/4002
f 3737/3247/4003 3734/3240/4003 2389/3246/4003
f 3736/3249/4004 3737/3247/4004 3739/3248/4004
f 2390/3252/4005 3738/3251/4005 3742/3250/4005
f 2388/3254/4006 2387/3253/4006 2393/3231/4006
f 2393/3231/4007 2387/3253/4007 3731/3233/4007
f 2393/3231/4008 3742/3250/4008 3738/3251/4008
f 2391/3256/4009 3742/3250/4009 3741/3255/4009
f 3741/3255/4010 2393/3231/4010 3743/3257/4010
f 3742/3250/4011 2391/3256/4011 2390/3252/4011
f 3743/3257/4012 3745/3258/4012 3741/3255/4012
f 3746/3259/4013 2391/3256/4013 3729/3224/4013
f 2391/3256/4014 3741/3255/4014 3747/3260/4014
f 2390/3252/4015 2369/3244/4015 3735/3245/4015
f 2390/3252/4016 3746/3259/4016 2369/3244/4016
f 3747/3260/4017 2395/3261/4017 2365/3230/4017
f 2386/3262/4018 2365/3230/4018 2400/3228/4018
f 2386/3262/4019 3747/3260/4019 2365/3230/4019
f 2391/3256/4020 2368/3227/4020 3729/3224/4020
f 2368/3227/4021 3747/3260/4021 2386/3262/4021
f 2385/3226/4022 3760/3264/4022 2363/3263/4022
f 2385/3226/4023 2368/3227/4023 2386/3262/4023
f 3728/3225/4024 3748/3265/4024 3729/3224/4024
f 2392/3242/4025 3749/3266/4025 3750/3241/4025
f 3749/3266/4026 2392/3242/4026 3748/3265/4026
f 3752/3269/4027 3751/3268/4027 3771/3267/4027
f 2367/3243/4028 3751/3268/4028 3752/3269/4028
f 3753/3271/4029 2364/3208/4029 2383/3270/4029
f 2389/3246/4030 3753/3271/4030 1358/3236/4030
f 3756/3272/4031 3754/3238/4031 2396/3222/4031
f 2366/3239/4032 3754/3238/4032 3756/3272/4032
f 2396/3222/4033 3755/3273/4033 3756/3272/4033
f 3755/3273/4034 2404/3220/4034 3757/3274/4034
f 3755/3273/4035 2396/3222/4035 2404/3220/4035
f 3731/3233/4036 3757/3274/4036 2380/3275/4036
f 3757/3274/4037 2387/3253/4037 2388/3254/4037
f 2380/3275/4038 3757/3274/4038 2404/3220/4038
f 2397/3235/4039 3766/3277/4039 2382/3276/4039
f 3766/3277/4040 3732/3234/4040 3731/3233/4040
f 3744/3280/4041 2378/3279/4041 2370/3278/4041
f 3724/3282/4042 2378/3279/4042 2398/3281/4042
f 2363/3263/4043 3760/3264/4043 2376/3283/4043
f 2385/3226/4044 2363/3263/4044 3728/3225/4044
f 3728/3225/4045 2363/3263/4045 3761/3284/4045
f 3728/3225/4046 3761/3284/4046 2401/3285/4046
f 1358/3236/4047 3764/3286/4047 3754/3238/4047
f 3754/3238/4048 3764/3286/4048 2396/3222/4048
f 2364/3208/4049 3765/3287/4049 2383/3270/4049
f 2383/3270/4050 3765/3287/4050 3764/3286/4050
f 2404/3220/4051 2384/3223/4051 2402/3219/4051
f 3766/3277/4052 2380/3275/4052 2403/3288/4052
f 3767/3289/4053 2403/3288/4053 3775/3221/4053
f 2382/3276/4054 2403/3288/4054 3767/3289/4054
f 2403/3288/4055 2382/3276/4055 3766/3277/4055
f 2405/3291/4056 3730/3290/4056 2378/3279/4056
f 3730/3290/4057 2405/3291/4057 3768/3292/4057
f 2405/3291/4058 2378/3279/4058 3724/3282/4058
f 3758/3214/4059 3730/3290/4059 3768/3292/4059
f 3768/3292/4060 2405/3291/4060 2406/3293/4060
f 2406/3293/4061 2379/3216/4061 3768/3292/4061
f 3768/3292/4062 2379/3216/4062 3758/3214/4062
f 2363/3263/4063 2376/3283/4063 2407/3213/4063
f 2407/3213/4064 2376/3283/4064 2408/3205/4064
f 2407/3213/4065 2408/3205/4065 3769/3294/4065
f 2377/3211/4066 2356/3295/4066 2357/3191/4066
f 3771/3267/4067 3751/3268/4067 2409/3200/4067
f 3751/3268/4068 3770/3296/4068 2409/3200/4068
f 3763/3297/4069 3770/3296/4069 2367/3243/4069
f 2367/3243/4070 3770/3296/4070 3751/3268/4070
f 3770/3296/4071 3763/3297/4071 2409/3200/4071
f 3763/3297/4072 2367/3243/4072 3750/3241/4072
f 3771/3267/4073 2411/3299/4073 3772/3298/4073
f 2375/3210/4074 3772/3298/4074 2373/3300/4074
f 2364/3208/4075 3772/3298/4075 2375/3210/4075
f 3771/3267/4076 3772/3298/4076 3752/3269/4076
f 2375/3210/4077 2419/3302/4077 2412/3301/4077
f 2402/3219/4078 2361/3209/4078 2412/3301/4078
f 3773/3197/4079 2419/3302/4079 3781/3199/4079
f 3773/3197/4080 2412/3301/4080 2419/3302/4080
f 2374/3304/4081 2414/3303/4081 3775/3221/4081
f 2413/3306/4082 3774/3305/4082 2360/3196/4082
f 2414/3303/4083 2374/3304/4083 2413/3306/4083
f 2416/3193/4084 2413/3306/4084 2358/3194/4084
f 2416/3193/4085 3776/3308/4085 2415/3307/4085
f 3778/3217/4086 2359/3310/4086 3777/3309/4086
f 3777/3309/4087 3782/3218/4087 3778/3217/4087
f 3777/3309/4088 2417/3192/4088 3782/3218/4088
f 3782/3218/4089 2417/3192/4089 2418/3187/4089
f 2357/3191/4090 2373/3300/4090 2411/3299/4090
f 3779/3189/4091 2373/3300/4091 2357/3191/4091
f 2371/3206/4092 3782/3218/4092 2418/3187/4092
f 2502/3313/4093 2445/3312/4093 2500/3311/4093
f 2428/3315/4094 2445/3312/4094 2423/3314/4094
f 2424/3318/4095 3784/3317/4095 2432/3316/4095
f 2499/3320/4096 3886/3319/4096 2500/3311/4096
f 3789/3322/4097 3784/3317/4097 2491/3321/4097
f 2432/3316/4098 3784/3317/4098 3789/3322/4098
f 2491/3321/4099 3784/3317/4099 2499/3320/4099
f 2426/3325/4100 2497/3324/4100 2425/3323/4100
f 2426/3325/4101 2423/3314/4101 2502/3313/4101
f 2494/3327/4102 3785/3326/4102 2425/3323/4102
f 3867/3329/4103 3788/3328/4103 2494/3327/4103
f 2432/3316/4104 3789/3322/4104 3797/3330/4104
f 3790/3333/4105 3791/3332/4105 2488/3331/4105
f 3880/3335/4106 3885/3334/4106 3791/3332/4106
f 3799/3338/4107 2487/3337/4107 2474/3336/4107
f 3799/3338/4108 3790/3333/4108 2487/3337/4108
f 2487/3337/4109 3790/3333/4109 2488/3331/4109
f 3876/3341/4110 3793/3340/4110 3872/3339/4110
f 3792/3343/4111 3793/3340/4111 2427/3342/4111
f 2451/3344/4112 3793/3340/4112 3792/3343/4112
f 3795/3347/4113 2429/3346/4113 2482/3345/4113
f 3794/3348/4114 2429/3346/4114 3795/3347/4114
f 3869/3349/4115 2429/3346/4115 3794/3348/4115
f 2430/3352/4116 3796/3351/4116 3868/3350/4116
f 2469/3355/4117 2479/3354/4117 3834/3353/4117
f 3804/3356/4118 3796/3351/4118 2479/3354/4118
f 2477/3358/4119 3798/3357/4119 3797/3330/4119
f 2432/3316/4120 3797/3330/4120 2446/3359/4120
f 2473/3361/4121 3799/3338/4121 3845/3360/4121
f 3858/3364/4122 3800/3363/4122 3801/3362/4122
f 3872/3339/4123 3800/3363/4123 3858/3364/4123
f 3844/3365/4124 3800/3363/4124 2451/3344/4124
f 3858/3364/4125 3801/3362/4125 1363/3366/4125
f 3796/3351/4126 3804/3356/4126 2431/3367/4126
f 2431/3367/4127 3804/3356/4127 3866/3368/4127
f 1361/3369/4128 3804/3356/4128 2469/3355/4128
f 2441/3372/4129 3805/3371/4129 2466/3370/4129
f 3828/3374/4130 3805/3371/4130 2436/3373/4130
f 3807/3377/4131 3806/3376/4131 3823/3375/4131
f 2438/3379/4132 3807/3377/4132 2439/3378/4132
f 3806/3376/4133 2438/3379/4133 2472/3380/4133
f 1365/3383/4134 2442/3382/4134 3808/3381/4134
f 2464/3386/4135 2440/3385/4135 2456/3384/4135
f 3810/3389/4136 3812/3388/4136 2458/3387/4136
f 3835/3392/4137 2460/3391/4137 3831/3390/4137
f 2458/3387/4138 3812/3388/4138 3829/3393/4138
f 2468/3396/4139 3811/3395/4139 3827/3394/4139
f 3816/3398/4140 2459/3397/4140 3811/3395/4140
f 3827/3394/4141 2459/3397/4141 3815/3399/4141
f 1364/3401/4142 3812/3388/4142 3813/3400/4142
f 2452/3402/4143 2460/3391/4143 3835/3392/4143
f 2460/3391/4144 3814/3403/4144 3813/3400/4144
f 2443/3405/4145 3809/3404/4145 3811/3395/4145
f 3815/3399/4146 3816/3398/4146 2461/3406/4146
f 1365/3383/4147 3815/3399/4147 2461/3406/4147
f 2462/3407/4148 2461/3406/4148 3816/3398/4148
f 3809/3404/4149 3816/3398/4149 3811/3395/4149
f 3809/3404/4150 2462/3407/4150 3816/3398/4150
f 3817/3409/4151 2462/3407/4151 3839/3408/4151
f 3840/3410/4152 3817/3409/4152 3839/3408/4152
f 2442/3382/4153 3817/3409/4153 2435/3411/4153
f 2463/3413/4154 2457/3412/4154 3815/3399/4154
f 2457/3412/4155 2463/3413/4155 3819/3414/4155
f 1365/3383/4156 2463/3413/4156 3815/3399/4156
f 3820/3415/4157 2463/3413/4157 1365/3383/4157
f 2463/3413/4158 3820/3415/4158 2464/3386/4158
f 3819/3414/4159 2463/3413/4159 3821/3416/4159
f 2456/3384/4160 3822/3417/4160 3821/3416/4160
f 3807/3377/4161 3822/3417/4161 2439/3378/4161
f 3822/3417/4162 2456/3384/4162 2439/3378/4162
f 3819/3414/4163 3821/3416/4163 3823/3375/4163
f 2466/3370/4164 3824/3419/4164 2465/3418/4164
f 3815/3399/4165 2457/3412/4165 3827/3394/4165
f 2465/3418/4166 3825/3420/4166 3806/3376/4166
f 3819/3414/4167 3825/3420/4167 2465/3418/4167
f 3848/3421/4168 3806/3376/4168 2472/3380/4168
f 2465/3418/4169 3806/3376/4169 3848/3421/4169
f 3848/3421/4170 3826/3422/4170 2465/3418/4170
f 2437/3424/4171 3848/3421/4171 3847/3423/4171
f 3826/3422/4172 2441/3372/4172 2466/3370/4172
f 2467/3425/4173 3824/3419/4173 2466/3370/4173
f 2457/3412/4174 2467/3425/4174 3827/3394/4174
f 3805/3371/4175 3828/3374/4175 2466/3370/4175
f 2454/3427/4176 3829/3393/4176 2455/3426/4176
f 2448/3428/4177 2454/3427/4177 2455/3426/4177
f 2455/3426/4178 3829/3393/4178 3828/3374/4178
f 3835/3392/4179 3831/3390/4179 1361/3369/4179
f 3832/3429/4180 3810/3389/4180 2454/3427/4180
f 3834/3353/4181 3833/3430/4181 2469/3355/4181
f 3835/3392/4182 3833/3430/4182 3834/3353/4182
f 3814/3403/4183 2452/3402/4183 3836/3431/4183
f 3837/3434/4184 2478/3433/4184 3838/3432/4184
f 3838/3432/4185 2478/3433/4185 3803/3435/4185
f 2444/3436/4186 3837/3434/4186 3839/3408/4186
f 2470/3439/4187 3802/3438/4187 1362/3437/4187
f 2435/3411/4188 3841/3440/4188 2440/3385/4188
f 2456/3384/4189 2440/3385/4189 3842/3441/4189
f 3842/3441/4190 3841/3440/4190 1363/3366/4190
f 3801/3362/4191 3842/3441/4191 1363/3366/4191
f 3800/3363/4192 3842/3441/4192 3801/3362/4192
f 3859/3443/4193 2456/3384/4193 3843/3442/4193
f 2450/3444/4194 3859/3443/4194 3843/3442/4194
f 2456/3384/4195 3859/3443/4195 2439/3378/4195
f 2438/3379/4196 2471/3445/4196 2472/3380/4196
f 2485/3446/4197 2438/3379/4197 2439/3378/4197
f 2472/3380/4198 3845/3360/4198 3846/3447/4198
f 3845/3360/4199 2472/3380/4199 2471/3445/4199
f 2475/3449/4200 2436/3373/4200 2434/3448/4200
f 2437/3424/4201 2436/3373/4201 3805/3371/4201
f 3849/3451/4202 2475/3449/4202 2476/3450/4202
f 2475/3449/4203 3849/3451/4203 2436/3373/4203
f 2455/3426/4204 3849/3451/4204 3850/3452/4204
f 3849/3451/4205 2455/3426/4205 3828/3374/4205
f 2452/3402/4206 2453/3454/4206 3851/3453/4206
f 3851/3453/4207 2478/3433/4207 3836/3431/4207
f 2453/3454/4208 3854/3455/4208 2478/3433/4208
f 2479/3354/4209 3854/3455/4209 3834/3353/4209
f 2478/3433/4210 2480/3456/4210 3803/3435/4210
f 3853/3458/4211 3854/3455/4211 3852/3457/4211
f 3853/3458/4212 2480/3456/4212 3854/3455/4212
f 3852/3457/4213 3854/3455/4213 2492/3459/4213
f 1360/3460/4214 2480/3456/4214 3853/3458/4214
f 2480/3456/4215 1360/3460/4215 3803/3435/4215
f 2481/3463/4216 3856/3462/4216 3855/3461/4216
f 2435/3411/4217 3856/3462/4217 3841/3440/4217
f 3795/3347/4218 2484/3465/4218 3857/3464/4218
f 3795/3347/4219 2481/3463/4219 1362/3437/4219
f 2484/3465/4220 3795/3347/4220 2482/3345/4220
f 2483/3466/4221 2484/3465/4221 3858/3364/4221
f 2483/3466/4222 3858/3364/4222 1363/3366/4222
f 2450/3444/4223 2451/3344/4223 2485/3446/4223
f 3792/3343/4224 2486/3467/4224 2451/3344/4224
f 2451/3344/4225 2486/3467/4225 2485/3446/4225
f 3881/3469/4226 3860/3468/4226 3792/3343/4226
f 3879/3470/4227 3792/3343/4227 2427/3342/4227
f 3881/3469/4228 3792/3343/4228 3879/3470/4228
f 3860/3468/4229 2486/3467/4229 3792/3343/4229
f 3799/3338/4230 3881/3469/4230 3791/3332/4230
f 2486/3467/4231 2473/3361/4231 2485/3446/4231
f 2449/3472/4232 3861/3471/4232 2434/3448/4232
f 2487/3337/4233 2449/3472/4233 2474/3336/4233
f 2487/3337/4234 3861/3471/4234 2449/3472/4234
f 2476/3450/4235 3861/3471/4235 3863/3473/4235
f 3863/3473/4236 3861/3471/4236 2487/3337/4236
f 2449/3472/4237 2434/3448/4237 2437/3424/4237
f 2488/3331/4238 3863/3473/4238 2487/3337/4238
f 3863/3473/4239 3862/3474/4239 2476/3450/4239
f 2476/3450/4240 3864/3475/4240 2446/3359/4240
f 3862/3474/4241 3864/3475/4241 2476/3450/4241
f 2488/3331/4242 3864/3475/4242 3862/3474/4242
f 2446/3359/4243 3864/3475/4243 2447/3476/4243
f 2448/3428/4244 2489/3477/4244 3832/3429/4244
f 2489/3477/4245 3850/3452/4245 2477/3358/4245
f 2433/3479/4246 2490/3478/4246 1361/3369/4246
f 2433/3479/4247 2489/3477/4247 3865/3480/4247
f 2454/3427/4248 2448/3428/4248 3832/3429/4248
f 3789/3322/4249 3865/3480/4249 2489/3477/4249
f 3789/3322/4250 2489/3477/4250 2477/3358/4250
f 2491/3321/4251 2490/3478/4251 3865/3480/4251
f 2433/3479/4252 3865/3480/4252 2490/3478/4252
f 3866/3368/4253 2490/3478/4253 2491/3321/4253
f 2431/3367/4254 3866/3368/4254 3883/3481/4254
f 3867/3329/4255 3868/3350/4255 3882/3482/4255
f 2493/3483/4256 2492/3459/4256 3868/3350/4256
f 2431/3367/4257 3868/3350/4257 3796/3351/4257
f 3869/3349/4258 2493/3483/4258 2494/3327/4258
f 2429/3346/4259 3870/3485/4259 2495/3484/4259
f 3870/3485/4260 3869/3349/4260 2494/3327/4260
f 3869/3349/4261 3870/3485/4261 2429/3346/4261
f 2495/3484/4262 3871/3487/4262 3873/3486/4262
f 3871/3487/4263 2425/3323/4263 2497/3324/4263
f 3877/3489/4264 3874/3488/4264 3871/3487/4264
f 3874/3488/4265 3877/3489/4265 3872/3339/4265
f 3877/3489/4266 3871/3487/4266 2497/3324/4266
f 3871/3487/4267 3874/3488/4267 3873/3486/4267
f 3876/3341/4268 3875/3490/4268 2427/3342/4268
f 2497/3324/4269 3875/3490/4269 3877/3489/4269
f 2497/3324/4270 3878/3491/4270 3875/3490/4270
f 3875/3490/4271 3878/3491/4271 2427/3342/4271
f 3881/3469/4272 3879/3470/4272 3880/3335/4272
f 2498/3492/4273 3879/3470/4273 3878/3491/4273
f 3878/3491/4274 3879/3470/4274 2427/3342/4274
f 2491/3321/4275 3882/3482/4275 3883/3481/4275
f 3883/3481/4276 3868/3350/4276 2431/3367/4276
f 3883/3481/4277 3882/3482/4277 3868/3350/4277
f 3882/3482/4278 3884/3493/4278 3867/3329/4278
f 2500/3311/4279 3884/3493/4279 2499/3320/4279
f 2428/3315/4280 3787/3494/4280 2445/3312/4280
f 3884/3493/4281 3786/3495/4281 3867/3329/4281
f 2500/3311/4282 3786/3495/4282 3884/3493/4282
f 3885/3334/4283 2504/3496/4283 2488/3331/4283
f 2502/3313/4284 2501/3497/4284 2498/3492/4284
f 3886/3319/4285 2504/3496/4285 2503/3498/4285
f 2504/3496/4286 2447/3476/4286 2488/3331/4286
f 3885/3334/4287 2501/3497/4287 2504/3496/4287
f 2424/3318/4288 2447/3476/4288 3886/3319/4288
f 3886/3319/4289 2503/3498/4289 2500/3311/4289
f 2432/3316/4290 2446/3359/4290 2424/3318/4290
f 2504/3496/4291 3886/3319/4291 2447/3476/4291
f 1367/3501/4292 2522/3500/4292 3887/3499/4292
f 2505/3504/4293 3888/3503/4293 2523/3502/4293
f 2577/3506/4294 2576/3505/4294 3888/3503/4294
f 2523/3502/4295 3888/3503/4295 3892/3507/4295
f 3960/3508/4296 3888/3503/4296 2505/3504/4296
f 3890/3510/4297 3889/3509/4297 1367/3501/4297
f 3890/3510/4298 3891/3511/4298 3889/3509/4298
f 2573/3512/4299 3891/3511/4299 3890/3510/4299
f 3891/3511/4300 2507/3514/4300 2570/3513/4300
f 2570/3513/4301 2507/3514/4301 3950/3515/4301
f 3950/3515/4302 2507/3514/4302 3953/3516/4302
f 2568/3517/4303 3892/3507/4303 2576/3505/4303
f 3897/3520/4304 3893/3519/4304 3945/3518/4304
f 3893/3519/4305 3897/3520/4305 3959/3521/4305
f 3893/3519/4306 3958/3523/4306 2524/3522/4306
f 3958/3523/4307 3893/3519/4307 3959/3521/4307
f 3943/3524/4308 3897/3520/4308 3945/3518/4308
f 2508/3527/4309 3895/3526/4309 2533/3525/4309
f 2562/3529/4310 3895/3526/4310 3939/3528/4310
f 2510/3532/4311 2509/3531/4311 1369/3530/4311
f 2515/3534/4312 2509/3531/4312 1370/3533/4312
f 2523/3502/4313 3896/3536/4313 2528/3535/4313
f 3896/3536/4314 3892/3507/4314 2567/3537/4314
f 2528/3535/4315 3896/3536/4315 2511/3538/4315
f 3959/3521/4316 3897/3520/4316 2520/3539/4316
f 3934/3540/4317 3897/3520/4317 3943/3524/4317
f 3898/3543/4318 2531/3542/4318 3894/3541/4318
f 1369/3530/4319 2515/3534/4319 3922/3544/4319
f 2550/3547/4320 2548/3546/4320 3899/3545/4320
f 2550/3547/4321 2559/3549/4321 2535/3548/4321
f 3900/3552/4322 3901/3551/4322 2564/3550/4322
f 3901/3551/4323 2519/3554/4323 3932/3553/4323
f 2546/3557/4324 2516/3556/4324 2545/3555/4324
f 1373/3559/4325 3914/3558/4325 2546/3557/4325
f 3903/3562/4326 3902/3561/4326 1374/3560/4326
f 3924/3564/4327 3903/3562/4327 3910/3563/4327
f 3905/3567/4328 3904/3566/4328 3908/3565/4328
f 3920/3568/4329 3904/3566/4329 3905/3567/4329
f 2540/3571/4330 3906/3570/4330 2543/3569/4330
f 3905/3567/4331 3906/3570/4331 3918/3572/4331
f 3918/3572/4332 3906/3570/4332 2540/3571/4332
f 3908/3565/4333 3907/3573/4333 3905/3567/4333
f 3907/3573/4334 2543/3569/4334 3905/3567/4334
f 3910/3563/4335 3908/3565/4335 2552/3574/4335
f 2543/3569/4336 3907/3573/4336 2544/3575/4336
f 3910/3563/4337 3909/3576/4337 2544/3575/4337
f 3908/3565/4338 3910/3563/4338 2544/3575/4338
f 3909/3576/4339 3910/3563/4339 3903/3562/4339
f 2540/3571/4340 2542/3578/4340 1366/3577/4340
f 3911/3581/4341 3913/3580/4341 3912/3579/4341
f 2538/3583/4342 3902/3561/4342 1371/3582/4342
f 2538/3583/4343 3913/3580/4343 3902/3561/4343
f 2546/3557/4344 3912/3579/4344 1373/3559/4344
f 3915/3584/4345 2542/3578/4345 3912/3579/4345
f 2545/3555/4346 3916/3585/4346 3915/3584/4346
f 2546/3557/4347 2545/3555/4347 3915/3584/4347
f 1372/3586/4348 3915/3584/4348 2519/3554/4348
f 3930/3587/4349 3916/3585/4349 2545/3555/4349
f 3932/3553/4350 3916/3585/4350 3930/3587/4350
f 3915/3584/4351 3916/3585/4351 2519/3554/4351
f 3915/3584/4352 3917/3588/4352 1366/3577/4352
f 1372/3586/4353 2547/3589/4353 3917/3588/4353
f 2557/3591/4354 2536/3590/4354 2547/3589/4354
f 3899/3545/4355 2536/3590/4355 2513/3592/4355
f 2536/3590/4356 2548/3546/4356 2547/3589/4356
f 2548/3546/4357 2536/3590/4357 3899/3545/4357
f 3918/3572/4358 2541/3594/4358 3919/3593/4358
f 2541/3594/4359 2540/3571/4359 3917/3588/4359
f 3905/3567/4360 3918/3572/4360 3920/3568/4360
f 2548/3546/4361 2549/3595/4361 3919/3593/4361
f 2550/3547/4362 2549/3595/4362 2548/3546/4362
f 2547/3589/4363 2548/3546/4363 2541/3594/4363
f 2534/3596/4364 2550/3547/4364 2535/3548/4364
f 2551/3599/4365 3921/3598/4365 3946/3597/4365
f 2552/3574/4366 3921/3598/4366 2551/3599/4366
f 1369/3530/4367 2551/3599/4367 3946/3597/4367
f 3946/3597/4368 3921/3598/4368 3947/3600/4368
f 3947/3600/4369 2517/3602/4369 2518/3601/4369
f 3921/3598/4370 2517/3602/4370 3947/3600/4370
f 3922/3544/4371 2539/3603/4371 2552/3574/4371
f 1369/3530/4372 3922/3544/4372 2551/3599/4372
f 2539/3603/4373 3922/3544/4373 2515/3534/4373
f 2551/3599/4374 3922/3544/4374 2552/3574/4374
f 2539/3603/4375 3910/3563/4375 2552/3574/4375
f 1371/3582/4376 3925/3605/4376 3926/3604/4376
f 3925/3605/4377 1371/3582/4377 3903/3562/4377
f 2553/3607/4378 3925/3605/4378 3937/3606/4378
f 3927/3609/4379 3926/3604/4379 2554/3608/4379
f 2538/3583/4380 3926/3604/4380 3927/3609/4380
f 3926/3604/4381 2538/3583/4381 1371/3582/4381
f 2538/3583/4382 3927/3609/4382 2530/3610/4382
f 2530/3610/4383 3927/3609/4383 2563/3611/4383
f 3928/3613/4384 3929/3612/4384 2530/3610/4384
f 2555/3614/4385 3928/3613/4385 2530/3610/4385
f 2516/3556/4386 3930/3587/4386 2545/3555/4386
f 3914/3558/4387 3929/3612/4387 2516/3556/4387
f 2516/3556/4388 3928/3613/4388 3930/3587/4388
f 2530/3610/4389 3929/3612/4389 3914/3558/4389
f 3898/3543/4390 3928/3613/4390 2555/3614/4390
f 3932/3553/4391 3931/3616/4391 3941/3615/4391
f 3930/3587/4392 3931/3616/4392 3932/3553/4392
f 3933/3617/4393 3900/3552/4393 2564/3550/4393
f 2537/3619/4394 2558/3618/4394 3934/3540/4394
f 2558/3618/4395 3933/3617/4395 2564/3550/4395
f 3934/3540/4396 2558/3618/4396 3897/3520/4396
f 3934/3540/4397 2536/3590/4397 2537/3619/4397
f 2559/3549/4398 2512/3620/4398 2511/3538/4398
f 3935/3622/4399 3936/3621/4399 2511/3538/4399
f 3896/3536/4400 3935/3622/4400 2511/3538/4400
f 2511/3538/4401 3936/3621/4401 2559/3549/4401
f 3896/3536/4402 2527/3623/4402 3935/3622/4402
f 3935/3622/4403 2535/3548/4403 3936/3621/4403
f 2532/3625/4404 2561/3624/4404 3937/3606/4404
f 3924/3564/4405 2532/3625/4405 3937/3606/4405
f 2509/3531/4406 2560/3626/4406 1370/3533/4406
f 3951/3628/4407 3938/3627/4407 2560/3626/4407
f 2561/3624/4408 3938/3627/4408 2533/3525/4408
f 3951/3628/4409 2560/3626/4409 1368/3629/4409
f 2533/3525/4410 3951/3628/4410 2508/3527/4410
f 2561/3624/4411 2533/3525/4411 3937/3606/4411
f 2563/3611/4412 3927/3609/4412 2562/3529/4412
f 2562/3529/4413 3939/3528/4413 2563/3611/4413
f 2563/3611/4414 3939/3528/4414 2555/3614/4414
f 2555/3614/4415 3939/3528/4415 3940/3630/4415
f 2531/3542/4416 3940/3630/4416 2514/3631/4416
f 2555/3614/4417 3940/3630/4417 2531/3542/4417
f 2564/3550/4418 3941/3615/4418 3942/3632/4418
f 3942/3632/4419 3931/3616/4419 2556/3633/4419
f 3932/3553/4420 3941/3615/4420 2564/3550/4420
f 2564/3550/4421 2566/3635/4421 2565/3634/4421
f 2564/3550/4422 2565/3634/4422 2529/3636/4422
f 3945/3518/4423 3893/3519/4423 2528/3535/4423
f 2528/3535/4424 3893/3519/4424 2524/3522/4424
f 2511/3538/4425 3945/3518/4425 2528/3535/4425
f 2567/3537/4426 3946/3597/4426 2527/3623/4426
f 3946/3597/4427 3947/3600/4427 2527/3623/4427
f 2567/3537/4428 2527/3623/4428 3896/3536/4428
f 3946/3597/4429 2569/3637/4429 1369/3530/4429
f 1369/3530/4430 2569/3637/4430 3948/3638/4430
f 2510/3532/4431 3949/3639/4431 1368/3629/4431
f 2572/3640/4432 1368/3629/4432 3949/3639/4432
f 2572/3640/4433 3951/3628/4433 1368/3629/4433
f 2572/3640/4434 3950/3515/4434 3951/3628/4434
f 3950/3515/4435 3952/3641/4435 2508/3527/4435
f 3955/3642/4436 2573/3512/4436 3890/3510/4436
f 3952/3641/4437 3953/3516/4437 3954/3643/4437
f 3955/3642/4438 2514/3631/4438 3940/3630/4438
f 3954/3643/4439 3955/3642/4439 3952/3641/4439
f 3955/3642/4440 3940/3630/4440 3952/3641/4440
f 2574/3645/4441 3956/3644/4441 3955/3642/4441
f 3955/3642/4442 3956/3644/4442 2514/3631/4442
f 3956/3644/4443 3957/3646/4443 2566/3635/4443
f 3956/3644/4444 2574/3645/4444 1367/3501/4444
f 3957/3646/4445 1367/3501/4445 2521/3647/4445
f 2520/3539/4446 2521/3647/4446 3959/3521/4446
f 3957/3646/4447 2520/3539/4447 2566/3635/4447
f 2576/3505/4448 2575/3649/4448 2525/3648/4448
f 2575/3649/4449 2578/3651/4449 2506/3650/4449
f 2522/3500/4450 2526/3652/4450 3887/3499/4450
f 3960/3508/4451 2526/3652/4451 2577/3506/4451
f 3958/3523/4452 2521/3647/4452 1367/3501/4452
f 2524/3522/4453 2505/3504/4453 2523/3502/4453
f 1375/3655/4454 3961/3654/4454 3964/3653/4454
f 1375/3655/4455 3964/3653/4455 2581/3656/4455
f 3962/3659/4456 2594/3658/4456 4048/3657/4456
f 3963/3661/4457 3964/3653/4457 2659/3660/4457
f 3967/3664/4458 2579/3663/4458 2656/3662/4458
f 2581/3656/4459 3964/3653/4459 3965/3665/4459
f 3965/3665/4460 2652/3667/4460 2650/3666/4460
f 2581/3656/4461 3965/3665/4461 3966/3668/4461
f 2649/3669/4462 3965/3665/4462 2650/3666/4462
f 2581/3656/4463 3966/3668/4463 2647/3670/4463
f 2648/3671/4464 3966/3668/4464 2649/3669/4464
f 2581/3656/4465 2647/3670/4465 1375/3655/4465
f 2584/3674/4466 2585/3673/4466 2644/3672/4466
f 2585/3673/4467 3967/3664/4467 2656/3662/4467
f 3969/3677/4468 3968/3676/4468 4029/3675/4468
f 4029/3675/4469 3968/3676/4469 3976/3678/4469
f 1377/3680/4470 3968/3676/4470 2642/3679/4470
f 2580/3683/4471 3970/3682/4471 2603/3681/4471
f 2654/3685/4472 2580/3683/4472 2653/3684/4472
f 3970/3682/4473 4027/3687/4473 2631/3686/4473
f 2604/3690/4474 3973/3689/4474 2637/3688/4474
f 4017/3692/4475 3974/3691/4475 2584/3674/4475
f 3974/3691/4476 2585/3673/4476 2584/3674/4476
f 3975/3694/4477 3974/3691/4477 2600/3693/4477
f 4030/3696/4478 3976/3678/4478 2634/3695/4478
f 2588/3699/4479 3977/3698/4479 3978/3697/4479
f 4020/3701/4480 2626/3700/4480 2637/3688/4480
f 2583/3704/4481 2625/3703/4481 2624/3702/4481
f 2625/3703/4482 2589/3705/4482 2604/3690/4482
f 2589/3705/4483 2625/3703/4483 2583/3704/4483
f 2590/3708/4484 3979/3707/4484 3980/3706/4484
f 1379/3709/4485 3979/3707/4485 2590/3708/4485
f 2619/3712/4486 3982/3711/4486 3981/3710/4486
f 2618/3713/4487 3982/3711/4487 2619/3712/4487
f 2632/3715/4488 3982/3711/4488 2587/3714/4488
f 3981/3710/4489 2632/3715/4489 2633/3716/4489
f 3995/3717/4490 3982/3711/4490 2618/3713/4490
f 2607/3720/4491 3983/3719/4491 3993/3718/4491
f 2629/3722/4492 3983/3719/4492 4023/3721/4492
f 4023/3721/4493 3983/3719/4493 3990/3723/4493
f 4003/3726/4494 3988/3725/4494 3985/3724/4494
f 2614/3727/4495 3988/3725/4495 4003/3726/4495
f 3984/3730/4496 3987/3729/4496 2613/3728/4496
f 2613/3728/4497 2614/3727/4497 2615/3731/4497
f 2613/3728/4498 2615/3731/4498 3984/3730/4498
f 3984/3730/4499 2615/3731/4499 2608/3732/4499
f 3987/3729/4500 2616/3734/4500 2612/3733/4500
f 2611/3736/4501 3989/3735/4501 3993/3718/4501
f 3989/3735/4502 2616/3734/4502 3984/3730/4502
f 2592/3737/4503 3989/3735/4503 3984/3730/4503
f 3994/3739/4504 3993/3718/4504 2591/3738/4504
f 3993/3718/4505 3994/3739/4505 2617/3740/4505
f 3991/3741/4506 3993/3718/4506 2617/3740/4506
f 2591/3738/4507 3993/3718/4507 3983/3719/4507
f 3994/3739/4508 3995/3717/4508 2617/3740/4508
f 3982/3711/4509 3995/3717/4509 2601/3742/4509
f 2617/3740/4510 3995/3717/4510 2618/3713/4510
f 3996/3744/4511 2609/3743/4511 2618/3713/4511
f 3999/3746/4512 3996/3744/4512 1380/3745/4512
f 3981/3710/4513 2620/3747/4513 2619/3712/4513
f 3996/3744/4514 2620/3747/4514 1380/3745/4514
f 2619/3712/4515 3996/3744/4515 2618/3713/4515
f 2635/3749/4516 3997/3748/4516 2620/3747/4516
f 2635/3749/4517 3981/3710/4517 2633/3716/4517
f 2635/3749/4518 2620/3747/4518 3981/3710/4518
f 2590/3708/4519 4014/3751/4519 4015/3750/4519
f 3980/3706/4520 4014/3751/4520 2590/3708/4520
f 2609/3743/4521 3999/3746/4521 3998/3752/4521
f 2621/3753/4522 3999/3746/4522 1380/3745/4522
f 3986/3755/4523 3999/3746/4523 4000/3754/4523
f 3998/3752/4524 3999/3746/4524 3986/3755/4524
f 2609/3743/4525 3998/3752/4525 2612/3733/4525
f 3980/3706/4526 2621/3753/4526 1380/3745/4526
f 3980/3706/4527 4000/3754/4527 2621/3753/4527
f 3999/3746/4528 2621/3753/4528 4000/3754/4528
f 2606/3758/4529 2605/3757/4529 2610/3756/4529
f 1379/3709/4530 2606/3758/4530 2622/3759/4530
f 3985/3724/4531 2610/3756/4531 2605/3757/4531
f 2605/3757/4532 2606/3758/4532 4018/3760/4532
f 4000/3754/4533 2610/3756/4533 3986/3755/4533
f 2622/3759/4534 2610/3756/4534 4000/3754/4534
f 1376/3762/4535 4001/3761/4535 3985/3724/4535
f 2623/3763/4536 4001/3761/4536 1376/3762/4536
f 2592/3737/4537 2627/3765/4537 4006/3764/4537
f 2627/3765/4538 2592/3737/4538 2608/3732/4538
f 2626/3700/4539 2627/3765/4539 2637/3688/4539
f 2628/3767/4540 3977/3698/4540 1378/3766/4540
f 2628/3767/4541 4006/3764/4541 3977/3698/4541
f 4006/3764/4542 2626/3700/4542 3977/3698/4542
f 2592/3737/4543 4006/3764/4543 2607/3720/4543
f 2628/3767/4544 4007/3768/4544 4006/3764/4544
f 4010/3770/4545 2629/3722/4545 4008/3769/4545
f 4010/3770/4546 4009/3771/4546 2629/3722/4546
f 2630/3773/4547 4008/3769/4547 4024/3772/4547
f 2630/3773/4548 4010/3770/4548 4008/3769/4548
f 4011/3774/4549 4009/3771/4549 2631/3686/4549
f 4009/3771/4550 4010/3770/4550 2630/3773/4550
f 2629/3722/4551 4009/3771/4551 2591/3738/4551
f 2602/3775/4552 4011/3774/4552 2631/3686/4552
f 2591/3738/4553 4011/3774/4553 2601/3742/4553
f 2587/3714/4554 2586/3776/4554 2632/3715/4554
f 2634/3695/4555 4012/3778/4555 4013/3777/4555
f 2634/3695/4556 4013/3777/4556 2639/3779/4556
f 2635/3749/4557 4015/3750/4557 4014/3751/4557
f 4031/3780/4558 4012/3778/4558 1377/3680/4558
f 4016/3781/4559 1379/3709/4559 2590/3708/4559
f 2641/3783/4560 4016/3781/4560 4032/3782/4560
f 4032/3782/4561 2590/3708/4561 4015/3750/4561
f 4016/3781/4562 2636/3784/4562 2606/3758/4562
f 4016/3781/4563 4017/3692/4563 2636/3784/4563
f 2600/3693/4564 4017/3692/4564 4016/3781/4564
f 2636/3784/4565 4018/3760/4565 2606/3758/4565
f 2599/3785/4566 4018/3760/4566 2636/3784/4566
f 2637/3688/4567 4019/3786/4567 2604/3690/4567
f 4019/3786/4568 2637/3688/4568 2627/3765/4568
f 2582/3788/4569 2638/3787/4569 2637/3688/4569
f 2637/3688/4570 2638/3787/4570 4020/3701/4570
f 2638/3787/4571 4021/3789/4571 4020/3701/4571
f 2588/3699/4572 4020/3701/4572 4021/3789/4572
f 2588/3699/4573 4021/3789/4573 4037/3790/4573
f 1378/3766/4574 4022/3791/4574 2628/3767/4574
f 1378/3766/4575 4008/3769/4575 4022/3791/4575
f 4008/3769/4576 1378/3766/4576 4024/3772/4576
f 4025/3793/4577 4024/3772/4577 3972/3792/4577
f 2630/3773/4578 4025/3793/4578 2603/3681/4578
f 4025/3793/4579 2630/3773/4579 4024/3772/4579
f 2639/3779/4580 4026/3794/4580 2602/3775/4580
f 4011/3774/4581 4026/3794/4581 2601/3742/4581
f 2631/3686/4582 4027/3687/4582 2602/3775/4582
f 2602/3775/4583 2640/3795/4583 2639/3779/4583
f 4027/3687/4584 2640/3795/4584 2602/3775/4584
f 4028/3796/4585 2640/3795/4585 2654/3685/4585
f 2593/3797/4586 4030/3696/4586 4028/3796/4586
f 2641/3783/4587 2643/3798/4587 2600/3693/4587
f 2642/3679/4588 2641/3783/4588 4031/3780/4588
f 4047/3801/4589 4033/3800/4589 2595/3799/4589
f 4033/3800/4590 3975/3694/4590 2600/3693/4590
f 1376/3762/4591 2599/3785/4591 4034/3802/4591
f 4034/3802/4592 2644/3672/4592 4042/3803/4592
f 4034/3802/4593 2645/3804/4593 1376/3762/4593
f 2596/3805/4594 2645/3804/4594 4042/3803/4594
f 2624/3702/4595 2596/3805/4595 2583/3704/4595
f 2589/3705/4596 4035/3807/4596 2646/3806/4596
f 2582/3788/4597 2646/3806/4597 2638/3787/4597
f 2582/3788/4598 2589/3705/4598 2646/3806/4598
f 2655/3808/4599 4035/3807/4599 2589/3705/4599
f 2646/3806/4600 4036/3810/4600 2598/3809/4600
f 2638/3787/4601 2646/3806/4601 2598/3809/4601
f 2648/3671/4602 4037/3790/4602 2598/3809/4602
f 2588/3699/4603 4037/3790/4603 2597/3811/4603
f 3972/3792/4604 2597/3811/4604 4025/3793/4604
f 2588/3699/4605 2597/3811/4605 3971/3812/4605
f 2650/3666/4606 2651/3813/4606 2649/3669/4606
f 2651/3813/4607 2597/3811/4607 2649/3669/4607
f 4039/3814/4608 2651/3813/4608 2650/3666/4608
f 2651/3813/4609 4039/3814/4609 4038/3815/4609
f 2651/3813/4610 4038/3815/4610 4025/3793/4610
f 2650/3666/4611 2653/3684/4611 4038/3815/4611
f 2653/3684/4612 2650/3666/4612 2652/3667/4612
f 4038/3815/4613 2580/3683/4613 2603/3681/4613
f 3963/3661/4614 4040/3816/4614 2652/3667/4614
f 2654/3685/4615 4040/3816/4615 4028/3796/4615
f 2593/3797/4616 4041/3818/4616 4045/3817/4616
f 3963/3661/4617 4041/3818/4617 4040/3816/4617
f 2655/3808/4618 2596/3805/4618 4042/3803/4618
f 4043/3819/4619 2655/3808/4619 4042/3803/4619
f 2656/3662/4620 4043/3819/4620 4042/3803/4620
f 2594/3658/4621 2657/3820/4621 2656/3662/4621
f 2593/3797/4622 4045/3817/4622 4029/3675/4622
f 3969/3677/4623 2658/3822/4623 4046/3821/4623
f 2659/3660/4624 4045/3817/4624 3963/3661/4624
f 4048/3657/4625 4046/3821/4625 3962/3659/4625
f 3969/3677/4626 4046/3821/4626 4047/3801/4626
f 4047/3801/4627 4048/3657/4627 4033/3800/4627
f 2662/3825/4628 2732/3824/4628 2669/3823/4628
f 2742/3828/4629 2738/3827/4629 4049/3826/4629
f 2742/3828/4630 4049/3826/4630 2665/3829/4630
f 2740/3830/4631 2738/3827/4631 2742/3828/4631
f 2664/3832/4632 2738/3827/4632 4114/3831/4632
f 2665/3829/4633 2664/3832/4633 2736/3833/4633
f 2736/3833/4634 4050/3834/4634 2665/3829/4634
f 1382/3835/4635 2669/3823/4635 2732/3824/4635
f 2661/3838/4636 4051/3837/4636 2670/3836/4636
f 2661/3838/4637 4054/3840/4637 2690/3839/4637
f 4051/3837/4638 2661/3838/4638 2683/3841/4638
f 2666/3844/4639 2673/3843/4639 4113/3842/4639
f 4084/3846/4640 2673/3843/4640 2672/3845/4640
f 2672/3845/4641 2673/3843/4641 2666/3844/4641
f 2676/3849/4642 4052/3848/4642 2691/3847/4642
f 2725/3852/4643 4107/3851/4643 2735/3850/4643
f 2722/3854/4644 4053/3853/4644 1382/3835/4644
f 1382/3835/4645 4053/3853/4645 2669/3823/4645
f 4105/3855/4646 4053/3853/4646 2722/3854/4646
f 2688/3858/4647 4055/3857/4647 2692/3856/4647
f 2674/3859/4648 4055/3857/4648 2688/3858/4648
f 2688/3858/4649 2692/3856/4649 4100/3860/4649
f 4056/3862/4650 4096/3861/4650 2676/3849/4650
f 2691/3847/4651 4056/3862/4651 2676/3849/4651
f 2711/3865/4652 4057/3864/4652 4079/3863/4652
f 2668/3867/4653 4057/3864/4653 2684/3866/4653
f 4079/3863/4654 4057/3864/4654 2724/3868/4654
f 2681/3871/4655 4091/3870/4655 2710/3869/4655
f 1385/3873/4656 2681/3871/4656 4077/3872/4656
f 4073/3876/4657 2709/3875/4657 2678/3874/4657
f 2696/3878/4658 2709/3875/4658 4068/3877/4658
f 4068/3877/4659 2709/3875/4659 1386/3879/4659
f 2717/3882/4660 2718/3881/4660 4058/3880/4660
f 2680/3885/4661 2679/3884/4661 2697/3883/4661
f 4060/3887/4662 2679/3884/4662 2705/3886/4662
f 2679/3884/4663 4060/3887/4663 2697/3883/4663
f 2705/3886/4664 2679/3884/4664 4080/3888/4664
f 4060/3887/4665 4061/3890/4665 4076/3889/4665
f 4061/3890/4666 4060/3887/4666 2705/3886/4666
f 2704/3892/4667 2702/3891/4667 4061/3890/4667
f 4064/3893/4668 2702/3891/4668 2704/3892/4668
f 2705/3886/4669 2703/3894/4669 4061/3890/4669
f 2704/3892/4670 4062/3896/4670 4059/3895/4670
f 4080/3888/4671 4062/3896/4671 2705/3886/4671
f 2704/3892/4672 4059/3895/4672 4064/3893/4672
f 2704/3892/4673 2705/3886/4673 4062/3896/4673
f 2701/3898/4674 4063/3897/4674 4058/3880/4674
f 4064/3893/4675 2707/3900/4675 4066/3899/4675
f 4064/3893/4676 4066/3899/4676 4063/3897/4676
f 1384/3902/4677 2707/3900/4677 2706/3901/4677
f 2707/3900/4678 4064/3893/4678 2706/3901/4678
f 2707/3900/4679 4065/3903/4679 4066/3899/4679
f 4065/3903/4680 2707/3900/4680 1384/3902/4680
f 2701/3898/4681 2698/3905/4681 2700/3904/4681
f 2708/3908/4682 2699/3907/4682 4067/3906/4682
f 2698/3905/4683 2701/3898/4683 2699/3907/4683
f 2699/3907/4684 2708/3908/4684 4068/3877/4684
f 1386/3879/4685 4070/3909/4685 2699/3907/4685
f 2700/3904/4686 4070/3909/4686 4075/3910/4686
f 1386/3879/4687 4069/3911/4687 4070/3909/4687
f 4069/3911/4688 1386/3879/4688 1385/3873/4688
f 4073/3876/4689 4071/3912/4689 2709/3875/4689
f 4073/3876/4690 4072/3913/4690 4071/3912/4690
f 4071/3912/4691 4072/3913/4691 1385/3873/4691
f 2681/3871/4692 2694/3915/4692 2671/3914/4692
f 1385/3873/4693 4072/3913/4693 2681/3871/4693
f 4074/3916/4694 4075/3910/4694 4070/3909/4694
f 4074/3916/4695 4077/3872/4695 4076/3889/4695
f 2710/3869/4696 2697/3883/4696 4077/3872/4696
f 2680/3885/4697 2697/3883/4697 4093/3917/4697
f 2679/3884/4698 4078/3918/4698 4080/3888/4698
f 4078/3918/4699 2679/3884/4699 2680/3885/4699
f 4080/3888/4700 4079/3863/4700 4081/3919/4700
f 4080/3888/4701 2693/3920/4701 4062/3896/4701
f 2713/3922/4702 1384/3902/4702 2677/3921/4702
f 4056/3862/4703 2713/3922/4703 4094/3923/4703
f 4056/3862/4704 4082/3924/4704 2713/3922/4704
f 2715/3926/4705 2714/3925/4705 2691/3847/4705
f 2691/3847/4706 1381/3927/4706 2715/3926/4706
f 2716/3929/4707 2717/3882/4707 4098/3928/4707
f 4084/3846/4708 4085/3930/4708 2692/3856/4708
f 2692/3856/4709 4083/3931/4709 2716/3929/4709
f 4085/3930/4710 4083/3931/4710 2692/3856/4710
f 4101/3933/4711 4086/3932/4711 4085/3930/4711
f 4085/3930/4712 4086/3932/4712 4087/3934/4712
f 4083/3931/4713 4087/3934/4713 2708/3908/4713
f 4085/3930/4714 4087/3934/4714 4083/3931/4714
f 4087/3934/4715 2696/3878/4715 2708/3908/4715
f 2675/3935/4716 2678/3874/4716 2696/3878/4716
f 2721/3937/4717 4089/3936/4717 2670/3836/4717
f 2720/3939/4718 4089/3936/4718 2695/3938/4718
f 2720/3939/4719 2695/3938/4719 4073/3876/4719
f 2710/3869/4720 4091/3870/4720 2723/3940/4720
f 2671/3914/4721 4091/3870/4721 2681/3871/4721
f 4092/3941/4722 2723/3940/4722 2722/3854/4722
f 1382/3835/4723 4092/3941/4723 2722/3854/4723
f 2731/3942/4724 4092/3941/4724 1382/3835/4724
f 2713/3922/4725 2677/3921/4725 4094/3923/4725
f 4062/3896/4726 2693/3920/4726 2677/3921/4726
f 4095/3943/4727 2725/3852/4727 2735/3850/4727
f 4094/3923/4728 4095/3943/4728 4056/3862/4728
f 2735/3850/4729 4109/3944/4729 4095/3943/4729
f 4096/3861/4730 4109/3944/4730 2687/3945/4730
f 4095/3943/4731 4096/3861/4731 4056/3862/4731
f 4099/3947/4732 4097/3946/4732 4098/3928/4732
f 2691/3847/4733 4099/3947/4733 1381/3927/4733
f 4099/3947/4734 4098/3928/4734 2717/3882/4734
f 4100/3860/4735 2727/3949/4735 2667/3948/4735
f 2667/3948/4736 2727/3949/4736 4052/3848/4736
f 2688/3858/4737 4100/3860/4737 2689/3950/4737
f 4086/3932/4738 4101/3933/4738 2675/3935/4738
f 2728/3951/4739 4101/3933/4739 2672/3845/4739
f 2728/3951/4740 2729/3953/4740 2719/3952/4740
f 4086/3932/4741 2675/3935/4741 2696/3878/4741
f 2666/3844/4742 4102/3954/4742 2672/3845/4742
f 2661/3838/4743 2690/3839/4743 4103/3955/4743
f 1383/3957/4744 2671/3914/4744 2730/3956/4744
f 4051/3837/4745 2730/3956/4745 2721/3937/4745
f 4105/3855/4746 4104/3958/4746 4051/3837/4746
f 4078/3918/4747 2733/3959/4747 2711/3865/4747
f 2680/3885/4748 2733/3959/4748 4078/3918/4748
f 2732/3824/4749 4106/3960/4749 2731/3942/4749
f 2733/3959/4750 4106/3960/4750 2711/3865/4750
f 2733/3959/4751 2731/3942/4751 4106/3960/4751
f 2663/3961/4752 2711/3865/4752 2732/3824/4752
f 2668/3867/4753 2743/3962/4753 4107/3851/4753
f 2686/3964/4754 2734/3963/4754 2743/3962/4754
f 2743/3962/4755 2734/3963/4755 4107/3851/4755
f 2735/3850/4756 4108/3965/4756 4109/3944/4756
f 2667/3948/4757 4111/3967/4757 4110/3966/4757
f 4110/3966/4758 4112/3969/4758 2737/3968/4758
f 2736/3833/4759 4110/3966/4759 4111/3967/4759
f 2736/3833/4760 4112/3969/4760 4110/3966/4760
f 2737/3968/4761 4112/3969/4761 2689/3950/4761
f 2689/3950/4762 4114/3831/4762 2674/3859/4762
f 2737/3968/4763 2689/3950/4763 2667/3948/4763
f 2666/3844/4764 4113/3842/4764 2739/3970/4764
f 2739/3970/4765 2740/3830/4765 2741/3971/4765
f 2666/3844/4766 2739/3970/4766 2741/3971/4766
f 2666/3844/4767 2741/3971/4767 4103/3955/4767
f 2682/3972/4768 4103/3955/4768 2741/3971/4768
f 2683/3841/4769 2682/3972/4769 2742/3828/4769
f 2684/3866/4770 2663/3961/4770 2668/3867/4770
f 2660/3973/4771 2686/3964/4771 2663/3961/4771
f 4115/3974/4772 2686/3964/4772 2660/3973/4772
f 2685/3975/4773 2686/3964/4773 4115/3974/4773
f 2682/3972/4774 2683/3841/4774 2661/3838/4774
f 4105/3855/4775 2683/3841/4775 4117/3976/4775
f 2683/3841/4776 4116/3977/4776 4117/3976/4776
f 4117/3976/4777 4116/3977/4777 2745/3978/4777
f 2660/3973/4778 2745/3978/4778 4115/3974/4778
f 2822/3981/4779 2820/3980/4779 2823/3979/4779
f 2822/3981/4780 2746/3982/4780 2820/3980/4780
f 2747/3985/4781 2748/3984/4781 4179/3983/4781
f 2748/3984/4782 2747/3985/4782 2823/3979/4782
f 4118/3987/4783 4119/3986/4783 2746/3982/4783
f 2818/3990/4784 2817/3989/4784 4120/3988/4784
f 2751/3993/4785 4121/3992/4785 4187/3991/4785
f 4187/3991/4786 4121/3992/4786 2816/3994/4786
f 2771/3995/4787 2751/3993/4787 4187/3991/4787
f 2746/3982/4788 2751/3993/4788 4196/3996/4788
f 2814/3997/4789 2771/3995/4789 4187/3991/4789
f 2748/3984/4790 4122/3998/4790 4179/3983/4790
f 4179/3983/4791 4122/3998/4791 4180/3999/4791
f 2770/4000/4792 4122/3998/4792 2748/3984/4792
f 4180/3999/4793 4122/3998/4793 4126/4001/4793
f 2821/4004/4794 2810/4003/4794 2768/4002/4794
f 2810/4003/4795 2756/4005/4795 2768/4002/4795
f 2750/4008/4796 4123/4007/4796 2758/4006/4796
f 4175/4011/4797 4191/4010/4797 4176/4009/4797
f 2752/4014/4798 4169/4013/4798 1388/4012/4798
f 2752/4014/4799 1388/4012/4799 2759/4015/4799
f 4125/4018/4800 4124/4017/4800 2753/4016/4800
f 2768/4002/4801 4127/4020/4801 2773/4019/4801
f 2768/4002/4802 2756/4005/4802 4127/4020/4802
f 4162/4022/4803 2756/4005/4803 2801/4021/4803
f 2773/4019/4804 4127/4020/4804 4177/4023/4804
f 4128/4025/4805 4123/4007/4805 1387/4024/4805
f 2758/4006/4806 4128/4025/4806 4173/4026/4806
f 4159/4027/4807 4128/4025/4807 1387/4024/4807
f 2795/4029/4808 4129/4028/4808 1388/4012/4808
f 2795/4029/4809 4168/4030/4809 4129/4028/4809
f 2793/4032/4810 2754/4031/4810 4125/4018/4810
f 2765/4035/4811 2760/4034/4811 4131/4033/4811
f 1389/4036/4812 2765/4035/4812 4131/4033/4812
f 2790/4039/4813 4132/4038/4813 2800/4037/4813
f 2800/4037/4814 4132/4038/4814 4161/4040/4814
f 1390/4042/4815 4132/4038/4815 2784/4041/4815
f 2761/4045/4816 4133/4044/4816 2767/4043/4816
f 2767/4043/4817 4133/4044/4817 2788/4046/4817
f 2788/4046/4818 4133/4044/4818 4144/4047/4818
f 4135/4050/4819 2762/4049/4819 1391/4048/4819
f 4135/4050/4820 2763/4051/4820 2762/4049/4820
f 4140/4052/4821 4135/4050/4821 1391/4048/4821
f 1391/4048/4822 2762/4049/4822 2787/4053/4822
f 4153/4056/4823 2785/4055/4823 2782/4054/4823
f 2782/4054/4824 2785/4055/4824 4164/4057/4824
f 4164/4057/4825 2785/4055/4825 2783/4058/4825
f 2783/4058/4826 2785/4055/4826 4137/4059/4826
f 2786/4062/4827 4136/4061/4827 4139/4060/4827
f 4138/4063/4828 4137/4059/4828 4153/4056/4828
f 4153/4056/4829 4137/4059/4829 2785/4055/4829
f 4139/4060/4830 4137/4059/4830 1391/4048/4830
f 4137/4059/4831 4138/4063/4831 1391/4048/4831
f 2786/4062/4832 4139/4060/4832 1391/4048/4832
f 2766/4065/4833 2786/4062/4833 4141/4064/4833
f 2762/4049/4834 4142/4066/4834 2787/4053/4834
f 4158/4067/4835 2767/4043/4835 4142/4066/4835
f 4144/4047/4836 4143/4068/4836 4141/4064/4836
f 4143/4068/4837 4144/4047/4837 2789/4069/4837
f 2784/4041/4838 2789/4069/4838 1390/4042/4838
f 4141/4064/4839 4143/4068/4839 2766/4065/4839
f 4145/4070/4840 2789/4069/4840 4144/4047/4840
f 2781/4072/4841 4146/4071/4841 1390/4042/4841
f 4132/4038/4842 4146/4071/4842 2779/4073/4842
f 2784/4041/4843 4147/4074/4843 4143/4068/4843
f 4151/4076/4844 4149/4075/4844 1389/4036/4844
f 4148/4077/4845 2784/4041/4845 2790/4039/4845
f 2784/4041/4846 4148/4077/4846 4149/4075/4846
f 4149/4075/4847 2764/4078/4847 1389/4036/4847
f 2765/4035/4848 2764/4078/4848 2780/4079/4848
f 4151/4076/4849 4150/4080/4849 2766/4065/4849
f 4131/4033/4850 2791/4081/4850 1389/4036/4850
f 2755/4082/4851 4153/4056/4851 2782/4054/4851
f 4153/4056/4852 2792/4084/4852 4156/4083/4852
f 4130/4086/4853 2755/4082/4853 4181/4085/4853
f 4154/4087/4854 2792/4084/4854 2755/4082/4854
f 4155/4088/4855 2793/4032/4855 4125/4018/4855
f 4154/4087/4856 4130/4086/4856 2793/4032/4856
f 4156/4083/4857 4155/4088/4857 4140/4052/4857
f 4154/4087/4858 4156/4083/4858 2792/4084/4858
f 2794/4090/4859 2763/4051/4859 4166/4089/4859
f 4168/4030/4860 2794/4090/4860 2805/4091/4860
f 4166/4089/4861 2763/4051/4861 4140/4052/4861
f 4168/4030/4862 4157/4092/4862 2794/4090/4862
f 2762/4049/4863 4157/4092/4863 4158/4067/4863
f 4158/4067/4864 4157/4092/4864 2795/4029/4864
f 2761/4045/4865 4158/4067/4865 4170/4093/4865
f 2798/4096/4866 2797/4095/4866 2796/4094/4866
f 2796/4094/4867 2797/4095/4867 2761/4045/4867
f 2798/4096/4868 2796/4094/4868 2807/4097/4868
f 2779/4073/4869 4159/4027/4869 1387/4024/4869
f 2779/4073/4870 4160/4098/4870 4159/4027/4870
f 2781/4072/4871 4160/4098/4871 4146/4071/4871
f 2798/4096/4872 4160/4098/4872 2781/4072/4872
f 4161/4040/4873 2799/4099/4873 2800/4037/4873
f 4127/4020/4874 4162/4022/4874 2799/4099/4874
f 2802/4100/4875 4162/4022/4875 2801/4021/4875
f 2757/4102/4876 2803/4101/4876 2760/4034/4876
f 4180/3999/4877 2803/4101/4877 2809/4103/4877
f 4165/4106/4878 4163/4105/4878 2804/4104/4878
f 2760/4034/4879 4163/4105/4879 4131/4033/4879
f 4165/4106/4880 4164/4057/4880 4163/4105/4880
f 2776/4107/4881 2804/4104/4881 4126/4001/4881
f 2782/4054/4882 4165/4106/4882 2776/4107/4882
f 4163/4105/4883 4164/4057/4883 4131/4033/4883
f 2805/4091/4884 4155/4088/4884 4125/4018/4884
f 2775/4110/4885 2806/4109/4885 4167/4108/4885
f 2775/4110/4886 4167/4108/4886 2753/4016/4886
f 2805/4091/4887 2806/4109/4887 4168/4030/4887
f 2796/4094/4888 4169/4013/4888 2807/4097/4888
f 4170/4093/4889 4169/4013/4889 2796/4094/4889
f 4169/4013/4890 2795/4029/4890 1388/4012/4890
f 4169/4013/4891 4170/4093/4891 2795/4029/4891
f 2807/4097/4892 4169/4013/4892 4171/4111/4892
f 4172/4112/4893 4171/4111/4893 4169/4013/4893
f 4190/4113/4894 4173/4026/4894 4172/4112/4894
f 4175/4011/4895 2779/4073/4895 1387/4024/4895
f 4174/4114/4896 2779/4073/4896 4175/4011/4896
f 4174/4114/4897 2808/4115/4897 2799/4099/4897
f 2779/4073/4898 4161/4040/4898 4132/4038/4898
f 4174/4114/4899 4175/4011/4899 2808/4115/4899
f 4177/4023/4900 2808/4115/4900 4176/4009/4900
f 4176/4009/4901 2808/4115/4901 4175/4011/4901
f 2773/4019/4902 4177/4023/4902 4176/4009/4902
f 2757/4102/4903 2778/4116/4903 2803/4101/4903
f 2778/4116/4904 2757/4102/4904 2765/4035/4904
f 2811/4118/4905 2810/4003/4905 2812/4117/4905
f 2801/4021/4906 2811/4118/4906 2778/4116/4906
f 4179/3983/4907 4178/4119/4907 2747/3985/4907
f 2811/4118/4908 4178/4119/4908 4180/3999/4908
f 4181/4085/4909 2813/4121/4909 4183/4120/4909
f 4122/3998/4910 2813/4121/4910 4126/4001/4910
f 2770/4000/4911 4183/4120/4911 2813/4121/4911
f 2777/4123/4912 2769/4122/4912 2754/4031/4912
f 2777/4123/4913 4184/4124/4913 2769/4122/4913
f 2753/4016/4914 4185/4126/4914 4186/4125/4914
f 4186/4125/4915 2771/3995/4915 2814/3997/4915
f 4188/4127/4916 2814/3997/4916 4187/3991/4916
f 2814/3997/4917 4188/4127/4917 4186/4125/4917
f 4188/4127/4918 2759/4015/4918 4129/4028/4918
f 4186/4125/4919 2775/4110/4919 2753/4016/4919
f 2816/3994/4920 2815/4128/4920 4187/3991/4920
f 2772/4130/4921 4189/4129/4921 4190/4113/4921
f 2772/4130/4922 4190/4113/4922 2816/3994/4922
f 2772/4130/4923 2816/3994/4923 4120/3988/4923
f 4173/4026/4924 4189/4129/4924 2758/4006/4924
f 4191/4010/4925 2817/3989/4925 4192/4131/4925
f 2758/4006/4926 4189/4129/4926 2750/4008/4926
f 4191/4010/4927 4192/4131/4927 4176/4009/4927
f 2818/3990/4928 4193/4132/4928 4192/4131/4928
f 2773/4019/4929 4193/4132/4929 2768/4002/4929
f 4194/4133/4930 2769/4122/4930 2770/4000/4930
f 4194/4133/4931 2749/4134/4931 2769/4122/4931
f 4185/4126/4932 4194/4133/4932 2771/3995/4932
f 2820/3980/4933 4195/4135/4933 2748/3984/4933
f 4194/4133/4934 4195/4135/4934 2819/4136/4934
f 2770/4000/4935 4195/4135/4935 4194/4133/4935
f 2820/3980/4936 2748/3984/4936 2823/3979/4936
f 4194/4133/4937 2819/4136/4937 2771/3995/4937
f 2820/3980/4938 4196/3996/4938 2819/4136/4938
f 2771/3995/4939 2819/4136/4939 4196/3996/4939
f 4197/4137/4940 2821/4004/4940 2768/4002/4940
f 2810/4003/4941 2821/4004/4941 2812/4117/4941
f 4193/4132/4942 4197/4137/4942 2768/4002/4942
f 4198/4139/4943 4199/4138/4943 2812/4117/4943
f 4118/3987/4944 4198/4139/4944 4197/4137/4944
f 2822/3981/4945 4198/4139/4945 4118/3987/4945
f 2821/4004/4946 4198/4139/4946 2812/4117/4946
f 1481/1294/4947 2825/1299/4947 1507/1292/4947
f 1393/1301/4948 1508/1305/4948 2826/1303/4948
f 1508/1305/4949 2910/1318/4949 2826/1303/4949
f 2828/1309/4950 2827/1307/4950 1509/1308/4950
f 2919/1509/4951 1509/1308/4951 1482/1306/4951
f 1482/1306/4952 2827/1307/4952 1394/1304/4952
f 1505/1353/4953 1395/1312/4953 2829/1313/4953
f 1480/1314/4954 1505/1353/4954 2829/1313/4954
f 1296/1351/4955 1479/1315/4955 1504/1349/4955
f 2829/1313/4956 1504/1349/4956 1479/1315/4956
f 2826/1303/4957 1397/1317/4957 1399/1319/4957
f 2837/1346/4958 2836/1343/4958 1417/1344/4958 1404/1345/4958
f 1412/1325/4959 1396/1326/4959 2830/1328/4959
f 1398/1322/4960 1399/1319/4960 2831/1320/4960
f 2832/1321/4961 2831/1320/4961 1396/1326/4961
f 1396/1326/4962 2831/1320/4962 2830/1328/4962
f 1412/1325/4963 2909/1331/4963 2833/1327/4963
f 1400/1333/4964 1478/1330/4964 2834/4140/4964
f 2834/4140/4965 1478/1330/4965 2832/1321/4965
f 2853/1389/4966 2834/4140/4966 1477/1329/4966
f 2834/4140/4967 2832/1321/4967 1477/1329/4967
f 1400/1333/4968 2834/4140/4968 1474/1335/4968
f 1400/1333/4969 1402/1334/4969 1401/1323/4969
f 1500/1341/4970 1475/1332/4970 1474/1335/4970
f 2835/1338/4971 2836/1343/4971 1403/1340/4971
f 1472/1400/4972 1473/1342/4972 2835/1338/4972
f 2836/1343/4973 2835/1338/4973 1473/1342/4973
f 1502/1339/4974 2837/1346/4974 1404/1345/4974
f 1502/1339/4975 1403/1340/4975 2837/1346/4975
f 1480/1314/4976 1468/1447/4976 1405/1358/4976 1406/1357/4976
f 1504/1349/4977 1404/1345/4977 2838/1348/4977
f 1468/1447/4978 1480/1314/4978 2839/1316/4978
f 2902/1498/4979 2839/1316/4979 1296/1351/4979
f 1296/1351/4980 2839/1316/4980 1479/1315/4980
f 1459/1401/4981 1294/1437/4981 2859/1403/4981 2858/4141/4981
f 1480/1314/4982 1406/1357/4982 2841/1352/4982
f 1405/1358/4983 2842/1359/4983 1471/1355/4983
f 2842/1359/4984 1469/1412/4984 1470/1411/4984
f 1471/1355/4985 2842/1359/4985 1470/1411/4985
f 1469/1412/4986 2842/1359/4986 1488/1360/4986
f 1481/1294/4987 2843/1361/4987 2844/1366/4987
f 2844/1366/4988 2843/1361/4988 1466/1363/4988
f 1408/1364/4989 2846/1365/4989 1409/1369/4989
f 1481/1294/4990 2844/1366/4990 2845/1297/4990
f 2846/1365/4991 2844/1366/4991 1466/1363/4991
f 2864/1371/4992 2847/1368/4992 2846/1365/4992
f 2863/1373/4993 1467/1372/4993 2847/1368/4993
f 2830/1328/4994 1476/1374/4994 2848/1375/4994
f 2830/1328/4995 2848/1375/4995 1412/1325/4995
f 2905/1376/4996 1476/1374/4996 2830/1328/4996
f 1464/1380/4997 1410/1381/4997 2849/1382/4997
f 1410/1381/4998 1411/1383/4998 2849/1382/4998
f 1413/1378/4999 2849/1382/4999 1411/1383/4999
f 2848/1375/5000 1413/1378/5000 1411/1383/5000
f 1495/1386/5001 2850/1384/5001 1464/1380/5001
f 2852/1387/5002 1464/1380/5002 2850/1384/5002
f 1495/1386/5003 1464/1380/5003 1413/1378/5003
f 1491/1422/5004 2852/1387/5004 2851/1385/5004
f 1414/1391/5005 2853/1389/5005 1462/1501/5005
f 1414/1391/5006 1415/1388/5006 2853/1389/5006
f 2834/4140/5007 2853/1389/5007 1474/1335/5007
f 1500/1341/5008 1415/1388/5008 1416/1390/5008
f 2854/1392/5009 1416/1390/5009 1414/1391/5009
f 2872/1431/5010 2855/1394/5010 1414/1391/5010
f 2872/1431/5011 2856/1393/5011 2855/1394/5011
f 1414/1391/5012 2855/1394/5012 1463/1397/5012
f 2854/1392/5013 1414/1391/5013 1463/1397/5013
f 1459/1401/5014 2857/1399/5014 1473/1342/5014
f 1458/1336/5015 1472/1400/5015 2835/1338/5015
f 1417/1344/5016 2857/1399/5016 2858/4141/5016
f 1417/1344/5017 2858/4141/5017 2908/1405/5017
f 2908/1405/5018 2858/4141/5018 2859/1403/5018
f 1457/1464/5019 2882/1467/5019 2867/1417/5019 2866/1418/5019
f 2858/4141/5020 2857/1399/5020 1459/1401/5020
f 2908/1405/5021 1460/1404/5021 1461/1441/5021
f 1294/1437/5022 1493/1402/5022 2859/1403/5022
f 1470/1411/5023 1469/1412/5023 1418/1410/5023
f 1418/1410/5024 1469/1412/5024 2860/1408/5024
f 1418/1410/5025 2860/1408/5025 2861/1409/5025
f 1293/1416/5026 2861/1409/5026 1432/1407/5026
f 1293/1416/5027 1419/1415/5027 2861/1409/5027
f 2862/1413/5028 2861/1409/5028 1419/1415/5028
f 2872/1431/5029 1414/1391/5029 1462/1501/5029 1423/1428/5029
f 1457/1464/5030 2866/1418/5030 1467/1372/5030
f 1421/1421/5031 2867/1417/5031 2882/1467/5031
f 1421/1421/5032 2869/1420/5032 2868/1419/5032
f 1495/1386/5033 2869/1420/5033 1491/1422/5033
f 1490/1423/5034 2869/1420/5034 1421/1421/5034
f 1490/1423/5035 1491/1422/5035 2869/1420/5035
f 1486/1425/5036 2870/1424/5036 2852/1387/5036
f 1440/1427/5037 2870/1424/5037 1456/1426/5037
f 1440/1427/5038 1424/1429/5038 2871/1430/5038
f 2873/1433/5039 2874/1435/5039 1426/1396/5039 1463/1397/5039
f 1423/1428/5040 1424/1429/5040 2872/1431/5040
f 2856/1393/5041 2872/1431/5041 1485/1398/5041
f 1485/1398/5042 2872/1431/5042 2898/1432/5042
f 2855/1394/5043 1455/1395/5043 1463/1397/5043
f 1492/1414/5044 1293/1416/5044 1432/1407/5044 2879/1453/5044
f 2889/1482/5045 2873/1433/5045 1455/1395/5045
f 1445/1440/5046 1425/1434/5046 2873/1433/5046
f 2897/1438/5047 1294/1437/5047 1428/1439/5047
f 1493/1402/5048 1294/1437/5048 1489/1406/5048
f 2877/1446/5049 2875/1442/5049 2876/1445/5049
f 1429/1444/5050 1431/1448/5050 1430/1449/5050
f 1487/1495/5051 1431/1448/5051 1429/1444/5051
f 1405/1358/5052 1468/1447/5052 1431/1448/5052
f 1488/1360/5053 1405/1358/5053 1431/1448/5053
f 2879/1453/5054 1432/1407/5054 2878/1450/5054
f 1469/1412/5055 2878/1450/5055 1432/1407/5055
f 1433/1454/5056 2880/1455/5056 1434/1457/5056
f 1457/1464/5057 1467/1372/5057 2863/1373/5057 2901/1468/5057
f 1492/1414/5058 2879/1453/5058 1433/1454/5058
f 1292/1458/5059 1435/1459/5059 2880/1455/5059
f 1435/1459/5060 1453/1460/5060 1434/1457/5060
f 1449/1494/5061 2881/1462/5061 1453/1460/5061
f 2882/1467/5062 1457/1464/5062 1437/1466/5062
f 1454/1456/5063 1436/1465/5063 2883/1463/5063
f 1291/1476/5064 1445/1440/5064 2889/1482/5064 2890/1483/5064
f 2900/1497/5065 1454/1456/5065 2883/1463/5065
f 1436/1465/5066 2884/1469/5066 1437/1466/5066
f 1490/1423/5067 1437/1466/5067 2884/1469/5067
f 1436/1465/5068 1437/1466/5068 1457/1464/5068
f 1452/1461/5069 2888/1472/5069 2886/1473/5069
f 1454/1456/5070 1453/1460/5070 2886/1473/5070
f 1452/1461/5071 2886/1473/5071 1453/1460/5071
f 1441/1478/5072 2887/1474/5072 1443/1479/5072
f 1440/1427/5073 1439/1475/5073 2887/1474/5073
f 1441/1478/5074 1443/1479/5074 1442/1477/5074
f 1448/1481/5075 1442/1477/5075 1452/1461/5075
f 1291/1476/5076 2890/1483/5076 1484/1484/5076
f 2873/1433/5077 2889/1482/5077 1445/1440/5077
f 2905/1376/5078 1295/1370/5078 2868/1419/5078 1420/1377/5078
f 1455/1395/5079 1484/1484/5079 2889/1482/5079
f 2891/1485/5080 1445/1440/5080 1291/1476/5080
f 1444/1488/5081 2891/1485/5081 1446/1486/5081
f 1448/1481/5082 1446/1486/5082 1291/1476/5082
f 1446/1486/5083 1448/1481/5083 1449/1494/5083
f 1446/1486/5084 1449/1494/5084 2895/1489/5084
f 1291/1476/5085 1450/1480/5085 1448/1481/5085
f 1290/1487/5086 2892/1491/5086 1483/1443/5086
f 2875/1442/5087 2892/1491/5087 2876/1445/5087
f 1489/1406/5088 1483/1443/5088 1460/1404/5088
f 1483/1443/5089 2892/1491/5089 2875/1442/5089
f 1444/1488/5090 1290/1487/5090 1483/1443/5090
f 2894/1492/5091 2893/1493/5091 1447/1490/5091
f 2895/1489/5092 2894/1492/5092 1290/1487/5092
f 2881/1462/5093 1449/1494/5093 1448/1481/5093
f 1453/1460/5094 1435/1459/5094 1449/1494/5094
f 1447/1490/5095 1292/1458/5095 2896/1451/5095
f 1447/1490/5096 2896/1451/5096 1487/1495/5096
f 1431/1448/5097 1487/1495/5097 1488/1360/5097
f 1451/1452/5098 2878/1450/5098 2896/1451/5098
f 1483/1443/5099 2897/1438/5099 1444/1488/5099
f 1485/1398/5100 2898/1432/5100 1484/1484/5100
f 1440/1427/5101 2898/1432/5101 1424/1429/5101
f 2884/1469/5102 2899/1496/5102 1490/1423/5102
f 1438/1471/5103 2899/1496/5103 2884/1469/5103
f 2863/1373/5104 1492/1414/5104 2901/1468/5104
f 1433/1454/5105 2900/1497/5105 1492/1414/5105
f 1296/1351/5106 1494/1499/5106 2902/1498/5106
f 1468/1447/5107 2902/1498/5107 1430/1449/5107
f 1427/1436/5108 2903/1500/5108 1426/1396/5108
f 1426/1396/5109 2903/1500/5109 1458/1336/5109
f 1459/1401/5110 2903/1500/5110 1427/1436/5110
f 2853/1389/5111 1496/1505/5111 2904/1502/5111
f 1423/1428/5112 2904/1502/5112 1496/1505/5112
f 1410/1381/5113 1423/1428/5113 1496/1505/5113
f 2830/1328/5114 1497/1503/5114 2905/1376/5114
f 2867/1417/5115 2868/1419/5115 1295/1370/5115
f 1496/1505/5116 2909/1331/5116 1412/1325/5116 1411/1383/5116
f 2912/1291/5117 2906/1504/5117 1465/1293/5117
f 2907/1362/5118 2906/1504/5118 1418/1410/5118
f 1465/1293/5119 2906/1504/5119 2907/1362/5119
f 1466/1363/5120 2907/1362/5120 1419/1415/5120
f 2908/1405/5121 1494/1499/5121 1499/1347/5121
f 1461/1441/5122 1430/1449/5122 2908/1405/5122
f 1500/1341/5123 1458/1336/5123 1501/1337/5123
f 1426/1396/5124 1500/1341/5124 2854/1392/5124
f 1496/1505/5125 1477/1329/5125 2909/1331/5125
f 2932/4142/5126 1597/1682/5126 1550/1659/5126 2933/1567/5126
f 2912/1291/5127 1506/1295/5127 1407/1354/5127
f 2912/1291/5128 1507/1292/5128 1506/1295/5128
f 2840/1356/5129 1407/1354/5129 2911/1506/5129
f 2906/1504/5130 2912/1291/5130 1407/1354/5130
f 1502/1339/5131 1503/1507/5131 2914/4143/5131
f 1401/1323/5132 2914/4143/5132 2915/1508/5132
f 2916/1311/5133 2915/1508/5133 2828/1309/5133
f 2915/1508/5134 2914/4143/5134 1503/1507/5134
f 1401/1323/5135 2915/1508/5135 1398/1322/5135
f 1502/1339/5136 2914/4143/5136 1401/1323/5136
f 1399/1319/5137 2916/1311/5137 2920/1324/5137
f 1505/1353/5138 1506/1295/5138 2917/1296/5138
f 1395/1312/5139 2917/1296/5139 1507/1292/5139
f 1482/1306/5140 2918/1300/5140 2919/1509/5140
f 2826/1303/5141 2920/1324/5141 2919/1509/5141
f 1509/1308/5142 2919/1509/5142 2916/1311/5142
f 1535/1523/5143 2921/1524/5143 1623/1513/5143
f 3019/1512/5144 2921/1524/5144 1510/1511/5144
f 1623/1513/5145 2921/1524/5145 3019/1512/5145
f 1608/1533/5146 2924/1516/5146 1619/1724/5146
f 1619/1724/5147 2924/1516/5147 1620/1519/5147
f 3012/1525/5148 2925/1521/5148 1510/1511/5148
f 1618/1718/5149 1617/1522/5149 2925/1521/5149
f 1537/1510/5150 2926/1520/5150 2928/1526/5150
f 2927/1527/5151 2926/1520/5151 1617/1522/5151
f 1611/1723/5152 1538/1531/5152 2929/1532/5152
f 1608/1533/5153 2930/1558/5153 1518/1515/5153
f 1518/1515/5154 2930/1558/5154 2936/1555/5154
f 1511/1698/5155 1603/1534/5155 1512/1535/5155
f 1523/1543/5156 1515/1539/5156 2931/1540/5156
f 1600/1538/5157 1515/1539/5157 1514/1542/5157
f 1590/1565/5158 1522/1544/5158 2931/1540/5158
f 1600/1538/5159 1590/1565/5159 2931/1540/5159
f 2933/1567/5160 2939/1568/5160 2932/4142/5160
f 1516/1711/5161 2939/1568/5161 1553/1681/5161
f 2939/1568/5162 1516/1711/5162 2932/4142/5162
f 1598/1685/5163 2989/4144/5163 1614/1714/5163
f 2989/4144/5164 2932/4142/5164 1614/1714/5164
f 1533/1588/5165 1525/1633/5165 1524/1669/5165 1529/1589/5165
f 2934/1548/5166 1596/1553/5166 2935/1546/5166
f 1517/1545/5167 2935/1546/5167 2940/1550/5167
f 1512/1535/5168 1520/1536/5168 2937/1561/5168
f 1593/1564/5169 2937/1561/5169 1520/1536/5169
f 1297/1687/5170 1522/1544/5170 1551/1663/5170
f 1551/1663/5171 1522/1544/5171 1588/1566/5171
f 1297/1687/5172 1523/1543/5172 1522/1544/5172
f 1553/1681/5173 2939/1568/5173 2938/1569/5173
f 1553/1681/5174 2938/1569/5174 1584/1572/5174
f 1526/1574/5175 2940/1550/5175 2935/1546/5175
f 2941/1580/5176 1532/1581/5176 2980/1579/5176
f 2947/4145/5177 1561/1618/5177 2963/1614/5177 2946/1615/5177
f 2942/1586/5178 1529/1589/5178 1528/1585/5178
f 1573/1587/5179 2958/1631/5179 2942/1586/5179
f 1569/1594/5180 1534/1598/5180 2943/1595/5180
f 1534/1598/5181 2954/1623/5181 2943/1595/5181
f 2988/1625/5182 1530/1660/5182 2943/1595/5182
f 1531/1601/5183 1583/1603/5183 2944/1600/5183
f 1563/1607/5184 2967/1608/5184 2945/1611/5184
f 1561/1618/5185 2947/4145/5185 1562/1616/5185
f 1562/1616/5186 2947/4145/5186 2946/1615/5186
f 1580/1576/5187 1559/1653/5187 2948/1619/5187 2968/1610/5187
f 1562/1616/5188 2946/1615/5188 1563/1607/5188
f 1302/1609/5189 1563/1607/5189 2946/1615/5189
f 1559/1653/5190 1558/1599/5190 2948/1619/5190
f 2944/1600/5191 1565/1604/5191 1558/1599/5191
f 1564/1612/5192 2948/1619/5192 2949/1605/5192
f 1565/1604/5193 2949/1605/5193 2948/1619/5193
f 2953/1620/5194 2951/1617/5194 1562/1616/5194
f 1566/1596/5195 1568/1597/5195 2951/1617/5195
f 2952/1602/5196 1303/1606/5196 1565/1604/5196
f 2953/1620/5197 1567/1622/5197 1566/1596/5197
f 2972/1658/5198 1557/1624/5198 2952/1602/5198
f 1566/1596/5199 1567/1622/5199 2954/1623/5199
f 1566/1596/5200 2954/1623/5200 1534/1598/5200
f 2950/1621/5201 1568/1597/5201 2955/1626/5201
f 1298/1629/5202 2950/1621/5202 2955/1626/5202
f 1569/1594/5203 2957/1627/5203 1568/1597/5203
f 1569/1594/5204 2956/1630/5204 2957/1627/5204
f 2957/1627/5205 2956/1630/5205 1570/1632/5205
f 2974/1592/5206 1570/1632/5206 2956/1630/5206
f 2955/1626/5207 2957/1627/5207 2958/1631/5207
f 2958/1631/5208 1570/1632/5208 1533/1588/5208
f 1525/1633/5209 1533/1588/5209 1570/1632/5209
f 1298/1629/5210 2960/1628/5210 1560/1637/5210
f 1572/1639/5211 2959/1635/5211 1571/1634/5211
f 2961/1591/5212 2962/1638/5212 1572/1639/5212
f 1573/1587/5213 2961/1591/5213 2960/1628/5213
f 2960/1628/5214 2961/1591/5214 1571/1634/5214
f 1571/1634/5215 2961/1591/5215 1572/1639/5215
f 1301/1636/5216 2962/1638/5216 1544/1583/5216
f 2977/1640/5217 1544/1583/5217 2962/1638/5217
f 1301/1636/5218 1572/1639/5218 2962/1638/5218
f 1575/1582/5219 1301/1636/5219 1532/1581/5219
f 1561/1618/5220 1560/1637/5220 2963/1614/5220
f 1574/1643/5221 2964/1641/5221 1560/1637/5221
f 2963/1614/5222 2964/1641/5222 2965/1642/5222
f 1298/1629/5223 1560/1637/5223 1561/1618/5223
f 1527/1578/5224 2965/1642/5224 1574/1643/5224
f 2941/1580/5225 1527/1578/5225 1574/1643/5225
f 2964/1641/5226 1574/1643/5226 2965/1642/5226
f 1576/1644/5227 2982/1647/5227 2966/1645/5227
f 1543/1648/5228 2967/1608/5228 2966/1645/5228
f 1555/1646/5229 1576/1644/5229 1527/1578/5229
f 1302/1609/5230 2965/1642/5230 2966/1645/5230
f 1577/1577/5231 3001/1649/5231 1606/1650/5231
f 2968/1610/5232 1578/1613/5232 1580/1576/5232
f 2969/1652/5233 1580/1576/5233 1526/1574/5233
f 1592/1671/5234 2975/1563/5234 1593/1564/5234 1591/1672/5234
f 1526/1574/5235 1552/1651/5235 2969/1652/5235
f 1531/1601/5236 1558/1599/5236 2969/1652/5236
f 1583/1603/5237 1581/1654/5237 1582/1656/5237
f 1531/1601/5238 2970/1655/5238 1583/1603/5238
f 1581/1654/5239 1584/1572/5239 1582/1656/5239
f 1550/1659/5240 2971/1570/5240 2933/1567/5240
f 2952/1602/5241 1583/1603/5241 1582/1656/5241
f 1585/1661/5242 1587/1593/5242 1530/1660/5242
f 1587/1593/5243 1585/1661/5243 1586/1664/5243
f 1530/1660/5244 1587/1593/5244 2943/1595/5244
f 1588/1566/5245 1589/1666/5245 1586/1664/5245
f 1551/1663/5246 1586/1664/5246 1585/1661/5246
f 2974/1592/5247 1587/1593/5247 1589/1666/5247
f 1589/1666/5248 2973/1665/5248 2974/1592/5248
f 2975/1563/5249 1592/1671/5249 2976/1670/5249
f 1528/1585/5250 2976/1670/5250 1592/1671/5250
f 1524/1669/5251 2975/1563/5251 2976/1670/5251
f 1524/1669/5252 1528/1585/5252 1529/1589/5252
f 1552/1651/5253 1526/1574/5253 2935/1546/5253 2985/1552/5253
f 1556/1590/5254 1592/1671/5254 1591/1672/5254
f 1556/1590/5255 1591/1672/5255 1594/1537/5255
f 1594/1537/5256 1593/1564/5256 1520/1536/5256
f 2980/1579/5257 2978/1675/5257 2979/1677/5257
f 1521/1584/5258 2978/1675/5258 2980/1579/5258
f 1595/1554/5259 2981/1559/5259 1300/1676/5259
f 1300/1676/5260 2981/1559/5260 2978/1675/5260
f 2936/1555/5261 2983/1557/5261 2981/1559/5261
f 1555/1646/5262 2979/1677/5262 2981/1559/5262
f 1543/1648/5263 2982/1647/5263 2983/1557/5263
f 2985/1552/5264 2984/1678/5264 1552/1651/5264
f 2986/1573/5265 2985/1552/5265 1596/1553/5265
f 2934/1548/5266 1542/1679/5266 2987/1680/5266 1596/1553/5266
f 1547/1667/5267 1600/1538/5267 2994/1691/5267 2992/1668/5267
f 1542/1679/5268 3008/4146/5268 2987/1680/5268
f 1553/1681/5269 2987/1680/5269 3008/4146/5269
f 1584/1572/5270 2986/1573/5270 2987/1680/5270
f 1550/1659/5271 1597/1682/5271 1549/1657/5271
f 2988/1625/5272 1549/1657/5272 1597/1682/5272
f 2989/4144/5273 1598/1685/5273 1599/1684/5273
f 2989/4144/5274 1599/1684/5274 1597/1682/5274
f 2932/4142/5275 2989/4144/5275 1597/1682/5275
f 2991/1683/5276 1541/1686/5276 1551/1663/5276
f 1598/1685/5277 2991/1683/5277 1599/1684/5277
f 3016/1707/5278 1517/1545/5278 3003/1549/5278 3017/1705/5278
f 1524/1669/5279 2992/1668/5279 1601/1688/5279
f 1525/1633/5280 2992/1668/5280 1524/1669/5280
f 1600/1538/5281 2993/1689/5281 2994/1691/5281
f 2992/1668/5282 2994/1691/5282 1601/1688/5282
f 1548/1560/5283 2996/1562/5283 2995/1692/5283
f 2996/1562/5284 1601/1688/5284 2995/1692/5284
f 2995/1692/5285 1601/1688/5285 2993/1689/5285
f 1601/1688/5286 2996/1562/5286 2937/1561/5286
f 1603/1534/5287 1545/1673/5287 1594/1537/5287
f 1300/1676/5288 2998/1674/5288 2999/1696/5288
f 1603/1534/5289 2999/1696/5289 2998/1674/5289
f 1622/1695/5290 2999/1696/5290 1511/1698/5290
f 1546/1556/5291 1536/1729/5291 1519/1518/5291
f 1546/1556/5292 3000/1697/5292 1536/1729/5292
f 1622/1695/5293 1536/1729/5293 3000/1697/5293
f 3001/1649/5294 1604/1699/5294 1606/1650/5294
f 3001/1649/5295 1543/1648/5295 1604/1699/5295
f 1605/1700/5296 1606/1650/5296 1604/1699/5296
f 1608/1533/5297 1607/1701/5297 1605/1700/5297
f 1609/1702/5298 1605/1700/5298 1607/1701/5298
f 1606/1650/5299 1609/1702/5299 1579/1575/5299
f 3017/1705/5300 3002/1704/5300 1610/1703/5300
f 1517/1545/5301 3004/1708/5301 3005/1547/5301
f 1611/1723/5302 3007/1706/5302 3016/1707/5302
f 1611/1723/5303 3006/1709/5303 3007/1706/5303
f 1612/1530/5304 3007/1706/5304 3006/1709/5304
f 2929/1532/5305 3006/1709/5305 1611/1723/5305
f 1612/1530/5306 1299/1551/5306 3007/1706/5306
f 1299/1551/5307 3008/4146/5307 1542/1679/5307
f 1540/1710/5308 3008/4146/5308 1299/1551/5308
f 1553/1681/5309 3008/4146/5309 1540/1710/5309
f 1614/1714/5310 1516/1711/5310 1613/1712/5310
f 2932/4142/5311 1516/1711/5311 1614/1714/5311
f 1613/1712/5312 2927/1527/5312 3009/1713/5312
f 1598/1685/5313 1614/1714/5313 3009/1713/5313
f 1539/1528/5314 3010/1715/5314 1615/1529/5314
f 1615/1529/5315 3010/1715/5315 1598/1685/5315
f 1541/1686/5316 3010/1715/5316 1297/1687/5316
f 1523/1543/5317 1297/1687/5317 1539/1528/5317
f 3009/1713/5318 1615/1529/5318 1598/1685/5318
f 1539/1528/5319 3011/1716/5319 1515/1539/5319
f 1514/1542/5320 3011/1716/5320 1616/1541/5320
f 1523/1543/5321 1539/1528/5321 1515/1539/5321
f 3013/1717/5322 1618/1718/5322 3012/1525/5322
f 1617/1522/5323 3011/1716/5323 1539/1528/5323
f 1618/1718/5324 2925/1521/5324 3012/1525/5324
f 1535/1523/5325 3013/1717/5325 3012/1525/5325
f 1602/1690/5326 3013/1717/5326 3014/1719/5326
f 3013/1717/5327 1513/1693/5327 3014/1719/5327
f 1548/1560/5328 3014/1719/5328 1513/1693/5328
f 1610/1703/5329 3015/1721/5329 3017/1705/5329
f 1621/1722/5330 3015/1721/5330 3018/1720/5330
f 3016/1707/5331 3015/1721/5331 1621/1722/5331
f 3034/1936/5332 3116/1934/5332 3115/1769/5332 3035/1770/5332
f 1620/1519/5333 3019/1512/5333 1611/1723/5333
f 1621/1722/5334 1620/1519/5334 1611/1723/5334
f 1625/1726/5335 3020/1725/5335 1535/1523/5335
f 1535/1523/5336 3020/1725/5336 1513/1693/5336
f 1513/1693/5337 3020/1725/5337 1512/1535/5337
f 1623/1513/5338 3021/1728/5338 1625/1726/5338
f 1535/1523/5339 1623/1513/5339 1625/1726/5339
f 1624/1727/5340 3021/1728/5340 1536/1729/5340
f 2923/1514/5341 2922/1517/5341 1623/1513/5341
f 1519/1518/5342 1536/1729/5342 3021/1728/5342
f 1519/1518/5343 3021/1728/5343 2922/1517/5343
f 1625/1726/5344 3021/1728/5344 1624/1727/5344
f 3022/1730/5345 1728/1731/5345 1626/1736/5345
f 3122/1734/5346 1626/1736/5346 1728/1731/5346
f 3027/4147/5347 3022/1730/5347 1632/1735/5347
f 1629/1740/5348 1636/1749/5348 1627/1738/5348
f 1660/1747/5349 3025/1745/5349 3024/1746/5349
f 1632/1735/5350 3025/1745/5350 3027/4147/5350
f 1657/1947/5351 3027/4147/5351 1305/1927/5351
f 3026/1748/5352 3027/4147/5352 3025/1745/5352
f 1305/1927/5353 3027/4147/5353 3026/1748/5353
f 1636/1749/5354 3028/1750/5354 3037/1781/5354
f 1629/1740/5355 1718/1751/5355 3028/1750/5355
f 1707/1753/5356 3028/1750/5356 1717/1752/5356
f 3030/1760/5357 3031/1756/5357 3029/1757/5357
f 1308/1767/5358 3033/1763/5358 3032/1764/5358
f 1631/1766/5359 3120/1762/5359 3033/1763/5359
f 1639/1774/5360 3034/1936/5360 3035/1770/5360
f 1640/1792/5361 3034/1936/5361 1639/1774/5361
f 1683/1824/5362 1684/1831/5362 1698/1867/5362 3050/1832/5362
f 3037/1781/5363 3028/1750/5363 1635/1754/5363
f 1307/1780/5364 3037/1781/5364 1635/1754/5364
f 1705/1784/5365 1309/1889/5365 1637/1758/5365
f 1670/1783/5366 1637/1758/5366 1309/1889/5366
f 1671/1914/5367 1670/1783/5367 1309/1889/5367
f 1308/1767/5368 3039/1787/5368 3038/1765/5368
f 3039/1787/5369 1673/1786/5369 3038/1765/5369
f 1631/1766/5370 3038/1765/5370 1672/1785/5370
f 1640/1792/5371 3040/1789/5371 1304/1935/5371
f 1304/1935/5372 3040/1789/5372 3113/1793/5372
f 1310/1778/5373 1697/1798/5373 3036/1775/5373
f 1644/1895/5374 3043/1862/5374 1650/1858/5374
f 3086/1896/5375 3066/1801/5375 3043/1862/5375
f 1680/1854/5376 3042/1855/5376 3043/1862/5376
f 1652/1807/5377 3044/1803/5377 3046/1804/5377
f 1311/1806/5378 3046/1804/5378 1692/1853/5378
f 1647/1808/5379 1646/1809/5379 3047/1812/5379
f 3059/1814/5380 3047/1812/5380 1646/1809/5380
f 1690/1815/5381 3047/1812/5381 3059/1814/5381
f 1653/1818/5382 3048/1819/5382 1648/1817/5382
f 1684/1831/5383 1681/1866/5383 1698/1867/5383
f 3068/1830/5384 1683/1824/5384 3049/1825/5384
f 3053/1829/5385 3049/1825/5385 1685/1826/5385
f 1685/1826/5386 1683/1824/5386 3050/1832/5386
f 3051/1833/5387 1653/1818/5387 1312/1816/5387 1685/1826/5387
f 1685/1826/5388 3050/1832/5388 3051/1833/5388
f 3073/1835/5389 1653/1818/5389 1679/1834/5389
f 3048/1819/5390 1653/1818/5390 3073/1835/5390
f 3067/1865/5391 1664/1899/5391 3069/1869/5391 1681/1866/5391
f 3057/1838/5392 3053/1829/5392 1686/1837/5392
f 3054/1839/5393 1312/1816/5393 1687/1823/5393
f 1688/1821/5394 1687/1823/5394 1648/1817/5394
f 1686/1837/5395 3052/1836/5395 1312/1816/5395
f 1690/1815/5396 3054/1839/5396 3055/1811/5396
f 1647/1808/5397 3055/1811/5397 3077/1841/5397
f 1686/1837/5398 3054/1839/5398 1690/1815/5398
f 1686/1837/5399 3056/1843/5399 3057/1838/5399
f 3057/1838/5400 3056/1843/5400 1689/1848/5400
f 1682/1842/5401 3057/1838/5401 1689/1848/5401
f 1645/1813/5402 3058/1844/5402 3059/1814/5402
f 1691/1847/5403 1689/1848/5403 3058/1844/5403
f 3056/1843/5404 3058/1844/5404 1689/1848/5404
f 1691/1847/5405 3058/1844/5405 1645/1813/5405
f 1311/1806/5406 1689/1848/5406 1691/1847/5406
f 1691/1847/5407 1677/1845/5407 1311/1806/5407
f 1680/1854/5408 3060/1849/5408 3061/1850/5408
f 1693/1852/5409 1692/1853/5409 3046/1804/5409
f 1689/1848/5410 1692/1853/5410 3061/1850/5410
f 3062/1857/5411 1693/1852/5411 3045/1805/5411
f 1651/1827/5412 3064/1851/5412 1695/1828/5412
f 1680/1854/5413 3064/1851/5413 3060/1849/5413
f 3066/1801/5414 3065/1802/5414 1694/1864/5414
f 1680/1854/5415 1694/1864/5415 3063/1863/5415
f 3088/1800/5416 3068/1830/5416 3065/1802/5416
f 1695/1828/5417 3063/1863/5417 3068/1830/5417
f 3063/1863/5418 3065/1802/5418 3068/1830/5418
f 1675/1901/5419 3068/1830/5419 3088/1800/5419
f 1675/1901/5420 3067/1865/5420 3068/1830/5420
f 3081/1846/5421 1677/1845/5421 1703/1881/5421 3080/1882/5421
f 1664/1899/5422 3067/1865/5422 1675/1901/5422
f 3069/1869/5423 1716/1871/5423 3070/1870/5423
f 3041/1796/5424 1697/1798/5424 3071/1795/5424
f 1306/1868/5425 3071/1795/5425 3072/1872/5425
f 1699/1873/5426 3072/1872/5426 1697/1798/5426
f 3072/1872/5427 1699/1873/5427 3073/1835/5427
f 1649/1820/5428 3073/1835/5428 1699/1873/5428
f 1698/1867/5429 3072/1872/5429 1679/1834/5429
f 1649/1820/5430 1700/1822/5430 1648/1817/5430
f 1702/1878/5431 3074/1790/5431 1701/1772/5431
f 1642/1877/5432 3074/1790/5432 3075/1875/5432
f 3099/1773/5433 3076/1879/5433 1701/1772/5433
f 1701/1772/5434 3076/1879/5434 1678/1840/5434
f 1646/1809/5435 3078/1810/5435 1641/1883/5435
f 1703/1881/5436 1646/1809/5436 1641/1883/5436
f 3079/1884/5437 1703/1881/5437 1641/1883/5437
f 1703/1881/5438 3079/1884/5438 3080/1882/5438
f 3039/1787/5439 3080/1882/5439 3079/1884/5439
f 3102/1886/5440 3081/1846/5440 3080/1882/5440
f 3102/1886/5441 1652/1807/5441 3081/1846/5441
f 3084/1860/5442 1676/1859/5442 3083/1893/5442 3085/1892/5442
f 1652/1807/5443 3102/1886/5443 3101/1888/5443
f 1704/1891/5444 3082/1887/5444 1710/1890/5444
f 3045/1805/5445 3044/1803/5445 3082/1887/5445
f 3101/1888/5446 3044/1803/5446 1652/1807/5446
f 1704/1891/5447 1705/1784/5447 3083/1893/5447
f 3082/1887/5448 1704/1891/5448 1676/1859/5448
f 3085/1892/5449 3106/1918/5449 3084/1860/5449
f 1668/1894/5450 3106/1918/5450 3085/1892/5450
f 1706/1897/5451 1307/1780/5451 1635/1754/5451 3087/1898/5451
f 1667/1856/5452 3084/1860/5452 3106/1918/5452
f 3086/1896/5453 1706/1897/5453 3088/1800/5453
f 3105/1861/5454 1644/1895/5454 1650/1858/5454
f 1658/1917/5455 1711/1768/5455 3120/1762/5455 3123/1939/5455
f 1707/1753/5456 3089/1900/5456 3087/1898/5456
f 3088/1800/5457 3089/1900/5457 1675/1901/5457
f 1697/1798/5458 1708/1903/5458 3090/1874/5458
f 1699/1873/5459 3090/1874/5459 1643/1876/5459
f 1310/1778/5460 3092/1906/5460 1708/1903/5460
f 1633/1776/5461 3091/1904/5461 3092/1906/5461
f 3094/1907/5462 3091/1904/5462 3093/1905/5462
f 3111/1929/5463 3093/1905/5463 1633/1776/5463
f 3093/1905/5464 1663/1931/5464 3094/1907/5464
f 1663/1931/5465 3113/1793/5465 3094/1907/5465
f 3095/1791/5466 3094/1907/5466 3113/1793/5466
f 3099/1773/5467 1709/1788/5467 3096/1908/5467
f 1709/1788/5468 3097/1880/5468 3096/1908/5468
f 1641/1883/5469 3097/1880/5469 1709/1788/5469
f 3076/1879/5470 3097/1880/5470 3078/1810/5470
f 3099/1773/5471 3035/1770/5471 3098/1909/5471
f 3099/1773/5472 3098/1909/5472 1709/1788/5472
f 1709/1788/5473 3098/1909/5473 3100/1911/5473
f 1661/1912/5474 1672/1785/5474 1662/1910/5474
f 1709/1788/5475 3100/1911/5475 1662/1910/5475
f 1710/1890/5476 3101/1888/5476 1669/1885/5476
f 1710/1890/5477 3082/1887/5477 3101/1888/5477
f 1669/1885/5478 3032/1764/5478 3103/1913/5478
f 1711/1768/5479 3103/1913/5479 3032/1764/5479
f 1710/1890/5480 3103/1913/5480 1671/1914/5480
f 1638/1759/5481 1670/1783/5481 3104/1916/5481
f 1671/1914/5482 3104/1916/5482 1670/1783/5482
f 3104/1916/5483 1671/1914/5483 1711/1768/5483
f 1644/1895/5484 1712/1919/5484 1713/1920/5484
f 1644/1895/5485 3105/1861/5485 1712/1919/5485
f 1712/1919/5486 3105/1861/5486 3106/1918/5486
f 3029/1757/5487 1713/1920/5487 1668/1894/5487
f 1715/1921/5488 1713/1920/5488 3029/1757/5488
f 3030/1760/5489 3029/1757/5489 1668/1894/5489
f 1713/1920/5490 1712/1919/5490 1668/1894/5490
f 1655/1923/5491 1636/1749/5491 3107/1782/5491
f 1665/1902/5492 3108/1924/5492 1664/1899/5492
f 1664/1899/5493 3108/1924/5493 1716/1871/5493
f 1696/1799/5494 3108/1924/5494 1665/1902/5494
f 1664/1899/5495 1716/1871/5495 3069/1869/5495
f 1718/1751/5496 1696/1799/5496 1717/1752/5496
f 1707/1753/5497 1717/1752/5497 1665/1902/5497
f 1718/1751/5498 1656/1925/5498 3109/1797/5498
f 1696/1799/5499 1718/1751/5499 3109/1797/5499
f 1634/1779/5500 3110/1926/5500 3111/1929/5500
f 1724/1944/5501 1305/1927/5501 1634/1779/5501
f 1305/1927/5502 1719/1930/5502 3110/1926/5502
f 3114/1932/5503 3026/1748/5503 1660/1747/5503
f 3110/1926/5504 1719/1930/5504 3112/1928/5504
f 1659/1933/5505 1304/1935/5505 3114/1932/5505
f 1304/1935/5506 3113/1793/5506 3114/1932/5506
f 3112/1928/5507 1663/1931/5507 3093/1905/5507
f 3116/1934/5508 1659/1933/5508 3115/1769/5508
f 1304/1935/5509 3116/1934/5509 1640/1792/5509
f 3117/1743/5510 1721/1937/5510 3115/1769/5510
f 1720/1771/5511 1721/1937/5511 3118/1938/5511
f 1720/1771/5512 3118/1938/5512 1661/1912/5512
f 3124/1940/5513 3119/4148/5513 3118/1938/5513
f 3124/1940/5514 3120/1762/5514 3119/4148/5514
f 1631/1766/5515 3119/4148/5515 3120/1762/5515
f 1631/1766/5516 3118/1938/5516 3119/4148/5516
f 1722/1942/5517 3123/1939/5517 3122/1734/5517
f 1628/1761/5518 3031/1756/5518 1638/1759/5518 1654/1941/5518
f 1722/1942/5519 3125/1915/5519 3123/1939/5519
f 1723/1943/5520 1629/1740/5520 3126/1945/5520
f 1723/1943/5521 3126/1945/5521 1724/1944/5521
f 3131/1737/5522 3126/1945/5522 3127/1739/5522
f 1724/1944/5523 1725/1946/5523 1657/1947/5523
f 1657/1947/5524 3022/1730/5524 3027/4147/5524
f 1305/1927/5525 1724/1944/5525 1657/1947/5525
f 1740/1984/5526 1739/1978/5526 1737/1980/5526 3141/1983/5526
f 1729/1732/5527 3128/1949/5527 1727/1948/5527
f 1728/1731/5528 1727/1948/5528 1726/1733/5528
f 1715/1921/5529 3129/1755/5529 3128/1949/5529
f 3131/1737/5530 3130/1950/5530 1714/1922/5530
f 1636/1749/5531 3130/1950/5531 1627/1738/5531
f 1715/1921/5532 3131/1737/5532 1714/1922/5532
f 1714/1922/5533 3130/1950/5533 1655/1923/5533
f 3150/1955/5534 1730/1953/5534 1833/4149/5534
f 3151/2007/5535 3150/1955/5535 1833/4149/5535
f 1833/4149/5536 1730/1953/5536 1832/2142/5536
f 1731/1951/5537 3132/1952/5537 3220/1956/5537
f 3132/1952/5538 3135/1960/5538 3133/1957/5538
f 3220/1956/5539 3133/1957/5539 1736/1972/5539
f 1831/2014/5540 3135/1960/5540 3132/1952/5540
f 1831/2014/5541 3134/1959/5541 3135/1960/5541
f 3138/1966/5542 3136/1961/5542 3216/2144/5542
f 3216/2144/5543 3136/1961/5543 1321/1962/5543
f 1810/1965/5544 3138/1966/5544 3216/2144/5544
f 1811/1969/5545 1732/2143/5545 3137/1964/5545
f 1734/1970/5546 3137/1964/5546 1810/1965/5546
f 1734/1970/5547 1829/1968/5547 1811/1969/5547
f 1810/1965/5548 1829/1968/5548 1734/1970/5548
f 1735/1975/5549 1736/1972/5549 3139/1971/5549
f 1735/1975/5550 3140/1977/5550 1736/1972/5550
f 1736/1972/5551 3140/1977/5551 1834/1979/5551
f 1737/1980/5552 1828/1981/5552 3141/1983/5552
f 1320/2025/5553 3141/1983/5553 1828/1981/5553
f 1320/2025/5554 3158/1982/5554 3141/1983/5554
f 1831/2014/5555 3132/1952/5555 1748/2008/5555 3153/2013/5555
f 3158/1982/5556 1742/1986/5556 1741/1985/5556
f 1744/1988/5557 1741/1985/5557 1742/1986/5557
f 1740/1984/5558 1741/1985/5558 3218/2147/5558
f 1809/1989/5559 3142/1987/5559 1825/2130/5559
f 3161/1991/5560 1743/1990/5560 1809/1989/5560
f 1319/2129/5561 1809/1989/5561 1825/2130/5561
f 3144/1993/5562 3143/1994/5562 1743/1990/5562
f 1744/1988/5563 1743/1990/5563 3143/1994/5563
f 1317/1992/5564 3146/4150/5564 1829/1968/5564
f 1830/1967/5565 1829/1968/5565 3146/4150/5565
f 1830/1967/5566 3146/4150/5566 3145/2135/5566
f 3145/2135/5567 3146/4150/5567 1317/1992/5567
f 3144/1993/5568 1317/1992/5568 1829/1968/5568
f 1811/1969/5569 3147/1996/5569 1746/1999/5569
f 1811/1969/5570 1746/1999/5570 3148/2001/5570
f 3202/2126/5571 3147/1996/5571 1830/1967/5571
f 1745/1998/5572 1746/1999/5572 3147/1996/5572
f 1770/1997/5573 3147/1996/5573 3202/2126/5573
f 1815/2006/5574 1807/2004/5574 3149/2000/5574
f 1745/1998/5575 1747/2005/5575 3149/2000/5575
f 3150/1955/5576 3151/2007/5576 1748/2008/5576
f 1750/2009/5577 3153/2013/5577 1748/2008/5577
f 3152/2012/5578 3153/2013/5578 1760/2047/5578
f 1756/2036/5579 3161/1991/5579 3162/2034/5579 1757/2137/5579
f 1750/2009/5580 1749/2046/5580 3153/2013/5580
f 1749/2046/5581 1821/2125/5581 1760/2047/5581
f 1821/2125/5582 3167/2049/5582 1760/2047/5582
f 1760/2047/5583 3153/2013/5583 1749/2046/5583
f 1315/2010/5584 1749/2046/5584 1750/2009/5584
f 1751/2017/5585 3154/1974/5585 1803/2015/5585
f 1751/2017/5586 3156/2019/5586 3155/2021/5586
f 3154/1974/5587 3155/2021/5587 1752/1973/5587
f 3154/1974/5588 1751/2017/5588 3155/2021/5588
f 1805/2022/5589 3156/2019/5589 1751/2017/5589
f 1314/2016/5590 3157/2100/5590 1805/2022/5590
f 3157/2100/5591 1804/2058/5591 1805/2022/5591
f 1314/2016/5592 3169/2054/5592 3157/2100/5592
f 1751/2017/5593 1314/2016/5593 1805/2022/5593
f 1320/2025/5594 1754/2023/5594 3158/1982/5594
f 3207/2031/5595 1754/2023/5595 3209/2027/5595
f 1318/2066/5596 3159/2032/5596 1813/2108/5596
f 1318/2066/5597 1801/2030/5597 3159/2032/5597
f 3161/1991/5598 1809/1989/5598 3160/2035/5598
f 1767/2037/5599 3160/2035/5599 1319/2129/5599
f 1809/1989/5600 1319/2129/5600 3160/2035/5600
f 3162/2034/5601 3160/2035/5601 1767/2037/5601
f 1757/2137/5602 3162/2034/5602 3175/2038/5602 3163/2039/5602
f 3177/4151/5603 1757/2137/5603 3163/2039/5603
f 1820/2123/5604 1821/2125/5604 1749/2046/5604 3166/2045/5604
f 1817/2040/5605 3176/2117/5605 3163/2039/5605
f 1808/2003/5606 3164/2041/5606 3165/2042/5606
f 1795/2080/5607 1807/2004/5607 1815/2006/5607
f 1758/2044/5608 3165/2042/5608 3164/2041/5608
f 1315/2010/5609 3205/2133/5609 3165/2042/5609
f 1822/2127/5610 1757/2137/5610 3177/4151/5610 1771/2128/5610
f 1821/2125/5611 1800/2048/5611 3167/2049/5611
f 1821/2125/5612 1799/2088/5612 1800/2048/5612
f 1800/2048/5613 3168/2052/5613 1762/2050/5613
f 1819/2055/5614 1761/2053/5614 1779/2051/5614
f 1761/2053/5615 1819/2055/5615 1314/2016/5615
f 3157/2100/5616 3169/2054/5616 3199/2056/5616
f 1826/2139/5617 1764/2018/5617 3170/2062/5617
f 1763/2059/5618 3171/2061/5618 1764/2018/5618
f 1823/2033/5619 3171/2061/5619 3172/2063/5619
f 1818/4152/5620 3172/2063/5620 3171/2061/5620
f 1813/2108/5621 3159/2032/5621 3172/2063/5621
f 1813/2108/5622 3172/2063/5622 1818/4152/5622
f 1766/2064/5623 3173/2065/5623 3189/2067/5623
f 1766/2064/5624 3174/2070/5624 1768/2029/5624
f 1766/2064/5625 1769/2069/5625 3174/2070/5625
f 1786/2068/5626 1769/2069/5626 1766/2064/5626
f 1769/2069/5627 1816/2072/5627 3175/2038/5627
f 3177/4151/5628 3176/2117/5628 1798/2074/5628
f 3177/4151/5629 3163/2039/5629 3176/2117/5629
f 3178/2075/5630 3177/4151/5630 1798/2074/5630
f 1771/2128/5631 3178/2075/5631 1772/2076/5631
f 1770/1997/5632 1771/2128/5632 1772/2076/5632
f 1777/2091/5633 1313/2089/5633 1776/2083/5633 1797/2084/5633
f 3177/4151/5634 3178/2075/5634 1771/2128/5634
f 1773/2073/5635 1772/2076/5635 3178/2075/5635
f 1747/2005/5636 1772/2076/5636 3179/2077/5636
f 3196/2122/5637 3179/2077/5637 1773/2073/5637
f 1815/2006/5638 3179/2077/5638 3196/2122/5638
f 1807/2004/5639 1795/2080/5639 1774/2078/5639
f 1775/2081/5640 3180/2082/5640 1776/2083/5640
f 1776/2083/5641 3180/2082/5641 1774/2078/5641
f 1792/2111/5642 1793/2097/5642 1791/2086/5642 3195/2121/5642
f 1814/2119/5643 1791/2086/5643 1776/2083/5643
f 1313/2089/5644 1778/2090/5644 3182/2087/5644
f 1779/2051/5645 1778/2090/5645 3183/2094/5645
f 1777/2091/5646 3184/2095/5646 3188/2096/5646
f 1793/2097/5647 3184/2095/5647 1797/2084/5647
f 1781/2101/5648 1782/2057/5648 3185/2098/5648
f 3157/2100/5649 3199/2056/5649 3185/2098/5649
f 1804/2058/5650 3185/2098/5650 1782/2057/5650
f 1794/2092/5651 1781/2101/5651 3185/2098/5651
f 1783/4153/5652 3186/2102/5652 1784/2103/5652
f 1787/2105/5653 1783/4153/5653 1784/2103/5653
f 1763/2059/5654 1782/2057/5654 3186/2102/5654
f 1782/2057/5655 1781/2101/5655 3186/2102/5655
f 1783/4153/5656 1763/2059/5656 3186/2102/5656
f 1784/2103/5657 3187/2104/5657 1787/2105/5657
f 3188/2096/5658 3187/2104/5658 1784/2103/5658
f 1794/2092/5659 3188/2096/5659 1781/2101/5659
f 3198/2109/5660 3190/2107/5660 1318/2066/5660
f 1786/2068/5661 3189/2067/5661 1785/2106/5661
f 1785/2106/5662 3190/2107/5662 3198/2109/5662
f 3191/2110/5663 3192/2113/5663 1792/2111/5663
f 1787/2105/5664 1793/2097/5664 3192/2113/5664
f 3171/2061/5665 1763/2059/5665 1783/4153/5665 1818/4152/5665
f 1788/2112/5666 1789/2114/5666 3193/2115/5666
f 1812/2116/5667 1788/2112/5667 3193/2115/5667
f 1788/2112/5668 1790/2120/5668 3194/2118/5668
f 1773/2073/5669 1789/2114/5669 3194/2118/5669
f 1814/2119/5670 1790/2120/5670 3195/2121/5670
f 1792/2111/5671 1790/2120/5671 1788/2112/5671
f 1796/2079/5672 1795/2080/5672 3196/2122/5672
f 1815/2006/5673 3196/2122/5673 1795/2080/5673
f 3194/2118/5674 3196/2122/5674 1773/2073/5674
f 1817/2040/5675 1816/2072/5675 3197/4154/5675
f 1786/2068/5676 3197/4154/5676 1816/2072/5676
f 1786/2068/5677 1812/2116/5677 3197/4154/5677
f 1812/2116/5678 1817/2040/5678 3197/4154/5678
f 1818/4152/5679 3198/2109/5679 1813/2108/5679
f 3201/2124/5680 1775/2081/5680 1776/2083/5680 1313/2089/5680
f 1783/4153/5681 3198/2109/5681 1818/4152/5681
f 1787/2105/5682 3198/2109/5682 1783/4153/5682
f 3183/2094/5683 3200/2099/5683 1819/2055/5683
f 1819/2055/5684 3200/2099/5684 3199/2056/5684
f 1313/2089/5685 1799/2088/5685 3201/2124/5685
f 1821/2125/5686 1820/2123/5686 3201/2124/5686
f 1775/2081/5687 1820/2123/5687 3166/2045/5687
f 3210/2138/5688 1828/1981/5688 1738/1976/5688 1752/1973/5688
f 1772/2076/5689 1745/1998/5689 1770/1997/5689
f 1319/2129/5690 3208/2131/5690 1824/2071/5690
f 1768/2029/5691 1824/2071/5691 3208/2131/5691
f 3203/2024/5692 1827/2132/5692 1765/2060/5692
f 1826/2139/5693 3170/2062/5693 1827/2132/5693
f 3204/2141/5694 1803/2015/5694 1802/1958/5694
f 3204/2141/5695 1762/2050/5695 1803/2015/5695
f 1760/2047/5696 1762/2050/5696 3204/2141/5696
f 1315/2010/5697 1806/2011/5697 3205/2133/5697
f 1830/1967/5698 1822/2127/5698 3202/2126/5698
f 3209/2027/5699 3208/2131/5699 3207/2031/5699
f 1825/2130/2860 3142/1987/5700 3207/2031/2860
f 3211/2020/5701 3210/2138/5701 1752/1973/5701
f 1828/1981/5702 3210/2138/5702 1320/2025/5702
f 1752/1973/5703 3155/2021/5703 3211/2020/5703
f 3212/2140/5704 3204/2141/5704 1802/1958/5704 3134/1959/5704
f 1732/2143/5705 1811/1969/5705 3148/2001/5705 3213/2134/5705
f 1832/2142/5706 3213/2134/5706 1806/2011/5706
f 3301/2342/5707 1324/2290/5707 1862/2252/5707 1861/2247/5707
f 3148/2001/5708 1316/2002/5708 3213/2134/5708
f 3214/2145/5709 3215/1995/5709 3216/2144/5709
f 1744/1988/5710 3143/1994/5710 3214/2145/5710
f 1739/1978/5711 3218/2147/5711 1321/1962/5711
f 1321/1962/5712 3218/2147/5712 3214/2145/5712
f 3214/2145/5713 3218/2147/5713 1741/1985/5713
f 1739/1978/5714 3217/2146/5714 1834/1979/5714
f 1733/1954/5715 1732/2143/5715 1730/1953/5715
f 3151/2007/5716 1833/4149/5716 1832/2142/5716
f 1732/2143/5717 1733/1954/5717 3137/1964/5717
f 3220/1956/5718 1834/1979/5718 3219/1963/5718
f 1731/1951/5719 3220/1956/5719 3219/1963/5719
f 1731/1951/5720 3219/1963/5720 3136/1961/5720
f 1837/2155/5721 1835/2151/5721 3221/2149/5721
f 3221/2149/5722 1835/2151/5722 1946/2148/5722
f 3310/2354/5723 3222/2158/5723 1838/2156/5723
f 1853/2153/5724 3310/2354/5724 1838/2156/5724
f 1917/2172/5725 3222/2158/5725 1936/2345/5725
f 1936/2345/5726 3222/2158/5726 3310/2354/5726
f 1948/2359/5727 1941/2164/5727 3223/2161/5727
f 3315/2165/5728 1915/2160/5728 3223/2161/5728
f 3224/2162/5729 3225/2166/5729 1839/2163/5729
f 3224/2162/5730 1915/2160/5730 3225/2166/5730
f 1916/4155/5731 3225/2166/5731 1840/2167/5731
f 1840/2167/5732 1943/2169/5732 1916/4155/5732
f 3225/2166/5733 1916/4155/5733 1847/2205/5733
f 1918/2157/5734 1841/2171/5734 1842/2170/5734
f 1918/2157/5735 3222/2158/5735 1841/2171/5735
f 1843/2159/5736 3226/2177/5736 1914/2175/5736
f 1842/2170/5737 3226/2177/5737 1843/2159/5737
f 1939/2173/5738 3226/2177/5738 1841/2171/5738
f 1914/2175/5739 3227/2352/5739 1844/2181/5739
f 1939/2173/5740 3227/2352/5740 1914/2175/5740
f 1940/2179/5741 1913/2180/5741 3227/2352/5741
f 1913/2180/5742 3228/2182/5742 1844/2181/5742
f 3227/2352/5743 1913/2180/5743 1844/2181/5743
f 1326/2186/5744 3228/2182/5744 3250/2234/5744
f 1845/2176/5745 1844/2181/5745 3230/2184/5745
f 3229/2185/5746 3230/2184/5746 3231/2187/5746
f 1859/2244/5747 3308/2350/5747 1326/2186/5747
f 3232/2188/5748 1326/2186/5748 3308/2350/5748
f 1910/2195/5749 1846/2196/5749 1911/2189/5749
f 1909/2194/5750 1910/2195/5750 3233/2193/5750
f 1910/2195/5751 1911/2189/5751 3233/2193/5751
f 1911/2189/5752 3232/2188/5752 3233/2193/5752
f 1908/2192/5753 3233/2193/5753 3232/2188/5753
f 1911/2189/5754 1846/2196/5754 3314/2198/5754
f 3235/2199/5755 3234/2197/5755 1910/2195/5755
f 1942/2168/5756 3236/2200/5756 1943/2169/5756
f 1938/2202/5757 3236/2200/5757 3235/2199/5757
f 1916/4155/5758 3238/2204/5758 1847/2205/5758
f 3239/2212/5759 1847/2205/5759 3237/2203/5759
f 3298/4156/5760 3238/2204/5760 1943/2169/5760
f 1943/2169/5761 3238/2204/5761 1916/4155/5761
f 1847/2205/5762 3239/2212/5762 1849/2207/5762
f 1944/2208/5763 1847/2205/5763 1849/2207/5763
f 3312/2206/5764 1849/2207/5764 1848/4157/5764
f 1848/4157/5765 1906/2210/5765 1907/2255/5765
f 1848/4157/5766 3240/2209/5766 1906/2210/5766
f 1848/4157/5767 1849/2207/5767 3240/2209/5767
f 1937/2213/5768 3240/2209/5768 3239/2212/5768
f 1947/2150/5769 3242/2215/5769 1851/2154/5769
f 1947/2150/5770 1903/2348/5770 3242/2215/5770
f 1904/2349/5771 1850/2214/5771 3242/2215/5771
f 1864/2220/5772 3243/2218/5772 3244/2217/5772
f 1850/2214/5773 3244/2217/5773 1851/2154/5773
f 3244/2217/5774 3245/2222/5774 1864/2220/5774
f 1864/2220/5775 3245/2222/5775 1905/2264/5775
f 1328/2224/5776 1905/2264/5776 3245/2222/5776
f 1856/4158/5777 1939/2173/5777 1912/2174/5777
f 1856/4158/5778 1912/2174/5778 1900/2226/5778
f 3246/2353/5779 1855/2230/5779 1902/2229/5779
f 1856/4158/5780 1855/2230/5780 3246/2353/5780
f 1900/2226/5781 1855/2230/5781 1856/4158/5781
f 1902/2229/5782 3248/2227/5782 1867/2231/5782
f 1933/2233/5783 3247/2228/5783 1855/2230/5783
f 1928/2272/5784 3248/2227/5784 3247/2228/5784
f 1860/2239/5785 3251/2240/5785 3252/2236/5785
f 1930/2246/5786 3253/2243/5786 1860/2239/5786
f 1930/2246/5787 1931/2245/5787 3253/2243/5787
f 1908/2192/5788 3301/2342/5788 1861/2247/5788
f 1910/2195/5789 1909/2194/5789 3255/2248/5789
f 1861/2247/5790 3254/2250/5790 3255/2248/5790
f 3260/2268/5791 1880/2266/5791 1927/2271/5791 1866/2269/5791
f 3254/2250/5792 3256/2251/5792 1898/2249/5792
f 3272/2258/5793 3257/2254/5793 1906/2210/5793
f 1863/2256/5794 3257/2254/5794 1876/2259/5794
f 3258/2257/5795 1907/2255/5795 3257/2254/5795
f 1863/2256/5796 1325/2216/5796 3258/2257/5796
f 1907/2255/5797 3258/2257/5797 3306/2260/5797
f 3306/2260/5798 1325/2216/5798 1904/2349/5798
f 1325/2216/5799 3259/2262/5799 1854/2221/5799
f 1863/2256/5800 3296/2261/5800 3259/2262/5800
f 1854/2221/5801 3259/2262/5801 1935/2223/5801
f 1880/2266/5802 1905/2264/5802 1879/2265/5802
f 3261/2267/5803 1864/2220/5803 1880/2266/5803
f 1865/2270/5804 3260/2268/5804 1866/2269/5804
f 1865/2270/5805 3261/2267/5805 3260/2268/5805
f 1864/2220/5806 3261/2267/5806 1865/2270/5806
f 1900/2226/5807 1865/2270/5807 1933/2233/5807
f 3267/2291/5808 1895/2293/5808 3269/2295/5808 1873/2341/5808
f 3247/2228/5809 1933/2233/5809 1928/2272/5809
f 1901/2232/5810 1896/2273/5810 1867/2231/5810
f 1867/2231/5811 3262/2274/5811 1868/2276/5811
f 1867/2231/5812 1868/2276/5812 1934/2277/5812
f 1934/2277/5813 1868/2276/5813 3302/2344/5813
f 1868/2276/5814 3262/2274/5814 1869/2279/5814
f 1896/2273/5815 1869/2279/5815 3262/2274/5815
f 1931/2245/5816 3263/2280/5816 3284/2323/5816
f 3283/2284/5817 1871/2242/5817 3264/2322/5817
f 1931/2245/5818 3264/2322/5818 1871/2242/5818
f 1872/2285/5819 3265/2281/5819 1870/2282/5819
f 3301/2342/5820 1872/2285/5820 1324/2290/5820
f 3300/2286/5821 1871/2242/5821 3265/2281/5821
f 3266/2288/5822 1872/2285/5822 1870/2282/5822
f 1926/2289/5823 1862/2252/5823 3266/2288/5823
f 1862/2252/5824 1926/2289/5824 1897/2253/5824
f 1926/2289/5825 1924/2287/5825 1925/2283/5825
f 1873/2341/5826 1898/2249/5826 3267/2291/5826
f 1885/4159/5827 1322/2318/5827 1887/2328/5827 3285/2324/5827
f 3237/2203/5828 3268/2296/5828 1937/2213/5828
f 1873/2341/5829 3269/2295/5829 3268/2296/5829
f 1863/2256/5830 1876/2259/5830 3296/2261/5830
f 1876/2259/5831 3271/2299/5831 1875/2301/5831
f 3274/2304/5832 1877/2305/5832 3273/2303/5832
f 1875/2301/5833 3274/2304/5833 3273/2303/5833
f 3275/2307/5834 3274/2304/5834 1875/2301/5834
f 1876/2259/5835 1875/2301/5835 3296/2261/5835
f 1922/2308/5836 3275/2307/5836 1921/4160/5836
f 1894/2302/5837 1921/4160/5837 3275/2307/5837
f 1922/2308/5838 1921/4160/5838 3290/2330/5838
f 1323/2306/5839 3276/2309/5839 1328/2224/5839
f 1879/2265/5840 3276/2309/5840 1878/2310/5840
f 1881/2337/5841 3277/2312/5841 1882/2311/5841
f 1878/2310/5842 1883/2313/5842 1882/2311/5842
f 1880/2266/5843 1879/2265/5843 1878/2310/5843
f 1922/2308/5844 1883/2313/5844 1878/2310/5844
f 1882/2311/5845 3278/2314/5845 1892/2316/5845
f 1896/2273/5846 3279/2275/5846 3280/2278/5846
f 3279/2275/5847 1920/2338/5847 1919/2317/5847
f 1884/2315/5848 3279/2275/5848 1919/2317/5848
f 1885/4159/5849 3294/2336/5849 1322/2318/5849
f 3278/2314/5850 3282/2319/5850 3281/2320/5850
f 1884/2315/5851 1892/2316/5851 3282/2319/5851
f 3283/2284/5852 3284/2323/5852 1885/4159/5852
f 3285/2324/5853 3283/2284/5853 1885/4159/5853
f 3290/2330/5854 1891/2321/5854 3278/2314/5854 1922/2308/5854
f 1890/2325/5855 1886/2326/5855 1891/2321/5855
f 1891/2321/5856 1886/2326/5856 3282/2319/5856
f 3288/2333/5857 3287/2292/5857 3286/2331/5857
f 1895/2293/5858 3287/2292/5858 3289/2332/5858
f 3293/2335/5859 3286/2331/5859 1926/2289/5859
f 3291/2334/5860 3289/2332/5860 1894/2302/5860
f 1888/4161/5861 1894/2302/5861 1889/2329/5861
f 1889/2329/5862 3289/2332/5862 3287/2292/5862
f 1890/2325/5863 1888/4161/5863 1889/2329/5863
f 1890/2325/5864 3290/2330/5864 1888/4161/5864
f 3290/2330/5865 1921/4160/5865 1888/4161/5865
f 1894/2302/5866 1888/4161/5866 1921/4160/5866
f 3320/2360/5867 1836/2152/5867 1837/2155/5867 1843/2159/5867
f 1894/2302/5868 1893/2300/5868 3291/2334/5868
f 3241/2211/5869 1923/2298/5869 3291/2334/5869
f 1885/4159/5870 3284/2323/5870 3294/2336/5870
f 3263/2280/5871 3294/2336/5871 3284/2323/5871
f 3280/2278/5872 3294/2336/5872 3263/2280/5872
f 1881/2337/5873 1920/2338/5873 1927/2271/5873
f 1882/2311/5874 1920/2338/5874 1881/2337/5874
f 1928/2272/5875 1927/2271/5875 1920/2338/5875
f 3296/2261/5876 1877/2305/5876 3297/2339/5876
f 1328/2224/5877 3297/2339/5877 1323/2306/5877
f 3268/2296/5878 3298/4156/5878 1929/2201/5878
f 3238/2204/5879 3298/4156/5879 3268/2296/5879
f 1943/2169/5880 1929/2201/5880 3298/4156/5880
f 1873/2341/5881 3268/2296/5881 3307/2340/5881
f 3301/2342/5882 3299/2343/5882 3300/2286/5882
f 1932/2191/5883 3299/2343/5883 1908/2192/5883
f 1872/2285/5884 3301/2342/5884 3300/2286/5884
f 3252/2236/5885 3302/2344/5885 1868/2276/5885
f 1865/2270/5886 1936/2345/5886 3311/2346/5886
f 3305/2225/5887 1936/2345/5887 3304/2347/5887
f 1864/2220/5888 3311/2346/5888 1852/2219/5888
f 1865/2270/5889 3304/2347/5889 1936/2345/5889
f 3306/2260/5890 1904/2349/5890 1903/2348/5890
f 3312/2206/5891 3306/2260/5891 1903/2348/5891
f 3255/2248/5892 3307/2340/5892 1938/2202/5892
f 1910/2195/5893 3255/2248/5893 1938/2202/5893
f 1932/2191/5894 3232/2188/5894 3308/2350/5894
f 1859/2244/5895 3251/2240/5895 3308/2350/5895
f 1858/2241/5896 3308/2350/5896 3251/2240/5896
f 1940/2179/5897 3309/2351/5897 1934/2277/5897
f 1934/2277/5898 3309/2351/5898 3246/2353/5898
f 1939/2173/5899 1856/4158/5899 3309/2351/5899
f 1856/4158/5900 3246/2353/5900 3309/2351/5900
f 3311/2346/5901 3310/2354/5901 1852/2219/5901
f 1947/2150/5902 1945/2356/5902 3312/2206/5902
f 1848/4157/5903 1907/2255/5903 3312/2206/5903
f 3314/2198/5904 3313/4162/5904 3315/2165/5904
f 1327/2190/5905 3315/2165/5905 1941/2164/5905
f 1915/2160/5906 3313/4162/5906 1942/2168/5906
f 1915/2160/5907 3315/2165/5907 3313/4162/5907
f 1942/2168/5908 3313/4162/5908 3314/2198/5908
f 1941/2164/5909 3316/2357/5909 3317/2183/5909
f 1327/2190/5910 3317/2183/5910 3229/2185/5910
f 3316/2357/5911 3318/2358/5911 1843/2159/5911
f 1941/2164/5912 3318/2358/5912 3316/2357/5912
f 1946/2148/5913 1839/2163/5913 3319/2355/5913
f 3223/2161/5914 3320/2360/5914 1948/2359/5914
f 3224/2162/5915 1836/2152/5915 3320/2360/5915
f 3324/2376/5916 3325/2378/5916 1976/2380/5916 1950/2374/5916
f 1973/2361/5917 2050/2362/5917 3321/2562/5917
f 1949/2365/5918 3321/2562/5918 2050/2362/5918
f 1950/2374/5919 3321/2562/5919 1949/2365/5919
f 3322/2370/5920 3323/2367/5920 1953/2383/5920
f 3323/2367/5921 3322/2370/5921 1951/2366/5921
f 1953/2383/5922 3323/2367/5922 1952/2373/5922
f 1949/2365/5923 2046/2557/5923 2045/2375/5923
f 1950/2374/5924 2045/2375/5924 3324/2376/5924
f 1964/2511/5925 2007/2484/5925 3361/4163/5925 3338/2430/5925
f 1978/2554/5926 2044/2377/5926 2045/2375/5926
f 1331/2545/5927 3325/2378/5927 1954/2382/5927
f 1331/2545/5928 3326/2381/5928 3325/2378/5928
f 1977/2561/5929 3326/2381/5929 1331/2545/5929
f 2040/2386/5930 3327/2385/5930 1952/2373/5930
f 3322/2370/5931 1953/2383/5931 3333/2384/5931
f 2036/2391/5932 3328/2389/5932 2049/2536/5932
f 3408/2394/5933 3329/2396/5933 1958/2393/5933
f 2033/2532/5934 3329/2396/5934 3407/2555/5934
f 3330/2401/5935 2026/2402/5935 1955/2399/5935
f 1961/2398/5936 1955/2399/5936 2026/2402/5936
f 1960/2423/5937 1961/2398/5937 2026/2402/5937
f 2024/2408/5938 3332/2409/5938 2025/2407/5938
f 3397/2405/5939 3332/2409/5939 1963/2404/5939
f 2017/2515/5940 3334/2411/5940 2018/2413/5940
f 2016/2417/5941 3335/2416/5941 1983/2388/5941
f 2036/2391/5942 2016/2417/5942 1983/2388/5942
f 2028/2422/5943 3386/2420/5943 3336/2419/5943
f 2013/2421/5944 3336/2419/5944 1958/2393/5944
f 3382/2425/5945 1961/2398/5945 2012/2424/5945
f 1988/2501/5946 3382/2425/5946 2012/2424/5946
f 1962/2410/5947 3337/2426/5947 3332/2409/5947
f 2010/2491/5948 1962/2410/5948 2024/2408/5948
f 2009/2427/5949 3337/2426/5949 1962/2410/5949
f 1970/2512/5950 1964/2511/5950 3338/2430/5950
f 1970/2512/5951 3338/2430/5951 1969/2482/5951
f 3349/2461/5952 3344/2457/5952 3345/2449/5952 3347/2441/5952
f 1965/2481/5953 3339/2432/5953 1966/2433/5953
f 1991/2473/5954 1967/2434/5954 3339/2432/5954
f 2003/2470/5955 3340/2439/5955 2014/2438/5955
f 2000/2458/5956 3350/2436/5956 3341/2437/5956
f 1972/2452/5957 3367/2454/5957 3342/2462/5957
f 1972/2452/5958 3342/2462/5958 3346/2442/5958
f 1998/2451/5959 1997/2445/5959 2008/2443/5959
f 1996/2456/5960 3345/2449/5960 3343/2450/5960
f 1996/2456/5961 3343/2450/5961 1995/2447/5961
f 1995/2447/5962 3343/2450/5962 3360/2483/5962
f 1996/2456/5963 1995/2447/5963 1333/2440/5963
f 1971/2464/5964 3343/2450/5964 1330/2448/5964
f 1997/2445/5965 1998/2451/5965 1995/2447/5965
f 1999/2492/5966 1998/2451/5966 2008/2443/5966
f 1986/2455/5967 1972/2452/5967 1994/2453/5967
f 1333/2440/5968 1994/2453/5968 3346/2442/5968
f 1999/2492/5969 1994/2453/5969 1998/2451/5969
f 3351/2466/5970 1330/2448/5970 3344/2457/5970
f 3346/2442/5971 3348/2460/5971 3347/2441/5971
f 3347/2441/5972 3348/2460/5972 3349/2461/5972
f 2001/2459/5973 3348/2460/5973 3342/2462/5973
f 3344/2457/5974 3349/2461/5974 2000/2458/5974
f 2009/2427/5975 3364/2490/5975 2008/2443/5975 3363/2489/5975
f 1984/2463/5976 3350/2436/5976 2001/2459/5976
f 2002/2467/5977 3352/2465/5977 3351/2466/5977
f 2002/2467/5978 3351/2466/5978 3344/2457/5978
f 3357/2476/5979 2002/2467/5979 3354/2468/5979
f 3357/2476/5980 3352/2465/5980 2002/2467/5980
f 3340/2439/5981 3353/2469/5981 2002/2467/5981
f 3354/2468/5982 1992/2472/5982 1991/2473/5982
f 2003/2470/5983 1993/2471/5983 1992/2472/5983
f 3354/2468/5984 3353/2469/5984 1992/2472/5984
f 2004/2478/5985 3356/2431/5985 3355/2475/5985
f 2004/2478/5986 3355/2475/5986 3357/2476/5986
f 3339/2432/5987 3358/2479/5987 3359/2477/5987
f 3357/2476/5988 3359/2477/5988 2004/2478/5988
f 2004/2478/5989 3358/2479/5989 1965/2481/5989
f 3375/2509/5990 1969/2482/5990 2005/2480/5990
f 1957/2508/5991 1970/2512/5991 1969/2482/5991
f 3356/2431/5992 2006/2429/5992 3360/2483/5992
f 1971/2464/5993 3356/2431/5993 3360/2483/5993
f 1332/2446/5994 2006/2429/5994 3361/4163/5994
f 3338/2430/5995 3361/4163/5995 2006/2429/5995
f 2007/2484/5996 1332/2446/5996 3361/4163/5996
f 1332/2446/5997 1990/2485/5997 3362/2487/5997
f 1968/2444/5998 1989/2486/5998 3379/2518/5998
f 1968/2444/5999 3362/2487/5999 1989/2486/5999
f 1332/2446/6000 3362/2487/6000 1997/2445/6000
f 2041/2428/6001 2009/2427/6001 3363/2489/6001
f 3365/2494/6002 2010/2491/6002 2024/2408/6002 1987/2493/6002
f 3363/2489/6003 2008/2443/6003 1968/2444/6003
f 1999/2492/6004 3364/2490/6004 2010/2491/6004
f 1999/2492/6005 3365/2494/6005 1994/2453/6005
f 1999/2492/6006 2010/2491/6006 3365/2494/6006
f 1985/2521/6007 2001/2459/6007 3342/2462/6007 3369/2496/6007
f 2011/2499/6008 3366/2497/6008 2023/2498/6008
f 1985/2521/6009 3369/2496/6009 3368/2500/6009
f 2011/2499/6010 3368/2500/6010 3369/2496/6010
f 1985/2521/6011 3368/2500/6011 1960/2423/6011
f 2001/2459/6012 1985/2521/6012 1984/2463/6012
f 3374/2506/6013 2005/2480/6013 1965/2481/6013 1966/2433/6013
f 3384/2502/6014 2014/2438/6014 3370/2435/6014
f 2032/2395/6015 2015/2503/6015 2013/2421/6015
f 1993/2471/6016 2014/2438/6016 2015/2503/6016
f 1992/2472/6017 3371/2504/6017 1982/2474/6017
f 1993/2471/6018 2015/2503/6018 3371/2504/6018
f 1992/2472/6019 1993/2471/6019 3371/2504/6019
f 2031/2529/6020 3372/2505/6020 1967/2434/6020
f 1987/2493/6021 2024/2408/6021 2022/2406/6021 3380/2519/6021
f 2016/2417/6022 3374/2506/6022 3372/2505/6022
f 2016/2417/6023 3373/2507/6023 3374/2506/6023
f 3374/2506/6024 3373/2507/6024 2005/2480/6024
f 3390/2418/6025 3375/2509/6025 3373/2507/6025
f 3373/2507/6026 3375/2509/6026 2005/2480/6026
f 2018/2413/6027 2019/2510/6027 3376/2513/6027
f 1964/2511/6028 3376/2513/6028 2019/2510/6028
f 1957/2508/6029 1956/2514/6029 1970/2512/6029
f 2007/2484/6030 2019/2510/6030 3377/2516/6030
f 2018/2413/6031 2020/2412/6031 3377/2516/6031
f 2017/2515/6032 2018/2413/6032 3376/2513/6032
f 3378/2414/6033 3377/2516/6033 2020/2412/6033
f 2021/2517/6034 2007/2484/6034 3377/2516/6034
f 3378/2414/6035 1981/2539/6035 3379/2518/6035
f 3378/2414/6036 3379/2518/6036 2021/2517/6036
f 3380/2519/6037 3381/2495/6037 1987/2493/6037
f 3409/2556/6038 2046/2557/6038 1949/2365/6038 3410/2364/6038
f 2025/2407/6039 3402/2520/6039 2022/2406/6039
f 1988/2501/6040 2023/2498/6040 2022/2406/6040
f 2027/2522/6041 3383/2523/6041 1985/2521/6041
f 2027/2522/6042 3384/2502/6042 3383/2523/6042
f 3370/2435/6043 1984/2463/6043 3384/2502/6043
f 3331/2400/6044 2029/2527/6044 2027/2522/6044
f 2027/2522/6045 2029/2527/6045 3387/2524/6045
f 2026/2402/6046 3331/2400/6046 2027/2522/6046
f 2028/2422/6047 3387/2524/6047 3386/2420/6047
f 1980/2525/6048 3387/2524/6048 2029/2527/6048
f 1959/2392/6049 3386/2420/6049 3385/2526/6049
f 2030/2528/6050 2031/2529/6050 1982/2474/6050
f 1967/2434/6051 1982/2474/6051 2031/2529/6051
f 2030/2528/6052 3388/2530/6052 2031/2529/6052
f 2032/2395/6053 3388/2530/6053 2030/2528/6053
f 2033/2532/6054 3388/2530/6054 3329/2396/6054
f 3390/2418/6055 2035/2534/6055 1956/2514/6055
f 1957/2508/6056 3390/2418/6056 1956/2514/6056
f 2036/2391/6057 2038/2535/6057 3390/2418/6057
f 3390/2418/6058 2038/2535/6058 2035/2534/6058
f 2035/2534/6059 2038/2535/6059 2037/4164/6059
f 3391/2537/6060 2037/4164/6060 2049/2536/6060
f 2049/2536/6061 2037/4164/6061 2038/2535/6061
f 3334/2411/6062 3391/2537/6062 1974/2369/6062
f 2017/2515/6063 2037/4164/6063 3391/2537/6063
f 2049/2536/6064 1975/2538/6064 3391/2537/6064
f 2017/2515/6065 2035/2534/6065 2037/4164/6065
f 1981/2539/6066 3394/2540/6066 3392/2488/6066
f 3393/2372/6067 2039/2387/6067 2040/2386/6067
f 1981/2539/6068 2039/2387/6068 3394/2540/6068
f 3392/2488/6069 3394/2540/6069 2041/2428/6069
f 1963/2404/6070 3395/2541/6070 3398/2403/6070
f 3398/2403/6071 3395/2541/6071 3396/2542/6071
f 2041/2428/6072 3394/2540/6072 3395/2541/6072
f 3337/2426/6073 2041/2428/6073 3395/2541/6073
f 2025/2407/6074 3397/2405/6074 2043/2544/6074
f 3332/2409/6075 3397/2405/6075 2025/2407/6075
f 1331/2545/6076 3399/2547/6076 2042/2543/6076
f 3399/2547/6077 3401/2548/6077 2043/2544/6077
f 2042/2543/6078 3399/2547/6078 2043/2544/6078
f 1979/2551/6079 3401/2548/6079 1954/2382/6079
f 1979/2551/6080 3400/2549/6080 3401/2548/6080
f 3402/2520/6081 3401/2548/6081 3400/2549/6081
f 2025/2407/6082 2043/2544/6082 3402/2520/6082
f 3400/2549/6083 3403/2550/6083 1955/2399/6083
f 1955/2399/6084 3403/2550/6084 3330/2401/6084
f 3404/2379/6085 2044/2377/6085 3405/2552/6085
f 2044/2377/6086 1980/2525/6086 3405/2552/6086
f 1978/2554/6087 3406/2553/6087 2044/2377/6087
f 1959/2392/6088 1978/2554/6088 3408/2394/6088
f 3409/2556/6089 3407/2555/6089 1978/2554/6089
f 3385/2526/6090 3406/2553/6090 1959/2392/6090
f 3441/2640/6091 2071/2696/6091 3471/2698/6091 3440/2639/6091
f 3412/2533/6092 3411/2565/6092 3413/2390/6092
f 3414/2558/6093 3410/2364/6093 3411/2565/6093
f 3412/2533/6094 3414/2558/6094 3411/2565/6094
f 2033/2532/6095 3414/2558/6095 3412/2533/6095
f 3415/2559/6096 3398/2403/6096 3396/2542/6096
f 3393/2372/6097 3415/2559/6097 3396/2542/6097
f 3415/2559/6098 3416/2560/6098 2048/2546/6098
f 2047/2368/6099 1977/2561/6099 3416/2560/6099
f 2047/2368/6100 1976/2380/6100 1977/2561/6100
f 3326/2381/6101 1977/2561/6101 1976/2380/6101
f 3411/2565/6102 3417/2563/6102 3418/2564/6102
f 2050/2362/6103 3417/2563/6103 3410/2364/6103
f 3410/2364/6104 3417/2563/6104 3411/2565/6104
f 2049/2536/6105 2051/2363/6105 1975/2538/6105
f 3322/2370/6106 3419/2371/6106 1951/2366/6106
f 2148/2569/6107 2081/2567/6107 2146/2576/6107
f 2148/2569/6108 2052/2566/6108 2081/2567/6108
f 2143/2578/6109 3420/2573/6109 2053/2577/6109
f 2052/2566/6110 2140/2585/6110 3422/2580/6110
f 2052/2566/6111 3518/2764/6111 2140/2585/6111
f 3426/2581/6112 3424/2579/6112 3423/2583/6112
f 3517/2761/6113 3423/2583/6113 2140/2585/6113
f 3423/2583/6114 3424/2579/6114 3422/2580/6114
f 3425/2584/6115 3426/2581/6115 3423/2583/6115
f 2135/2588/6116 3427/2586/6116 2136/2587/6116
f 3430/2590/6117 2132/2749/6117 2129/2592/6117
f 2063/2769/6118 3431/2594/6118 3435/2598/6118
f 3435/2598/6119 3431/2594/6119 2128/2595/6119
f 2055/2739/6120 3432/2600/6120 3515/2763/6120
f 3501/2738/6121 3433/2599/6121 3432/2600/6121
f 3501/2738/6122 3432/2600/6122 2055/2739/6122
f 2067/2619/6123 2058/2603/6123 1337/2606/6123
f 2068/2602/6124 2058/2603/6124 2067/2619/6124
f 3493/2689/6125 2069/2608/6125 2059/2609/6125
f 2134/2727/6126 3493/2689/6126 2059/2609/6126
f 2088/2593/6127 2118/2721/6127 3434/2610/6127
f 3505/2745/6128 2060/2574/6128 3434/2610/6128
f 2088/2593/6129 2060/2574/6129 3430/2590/6129
f 3505/2745/6130 3434/2610/6130 1336/2718/6130
f 1336/2718/6131 3434/2610/6131 2118/2721/6131
f 3435/2598/6132 3436/2611/6132 2079/2613/6132
f 2063/2769/6133 3435/2598/6133 2079/2613/6133
f 3485/2712/6134 3436/2611/6134 1335/2597/6134
f 2114/2616/6135 2066/2615/6135 3481/2707/6135
f 2093/2614/6136 2114/2616/6136 2094/2734/6136
f 2094/2734/6137 2114/2616/6137 1338/2703/6137
f 2068/2602/6138 2067/2619/6138 3437/2618/6138
f 2095/2617/6139 3437/2618/6139 1339/2700/6139
f 2070/2607/6140 2069/2608/6140 3438/2622/6140
f 2131/2623/6141 2070/2607/6141 3438/2622/6141
f 2115/2636/6142 2110/2630/6142 2072/2631/6142
f 3451/2658/6143 1340/2669/6143 2106/2659/6143
f 3451/2658/6144 2073/2660/6144 1340/2669/6144
f 1340/2669/6145 3453/2665/6145 2106/2659/6145
f 1340/2669/6146 2073/2660/6146 3479/2704/6146
f 1343/4165/6147 3441/2640/6147 3449/2638/6147
f 2071/2696/6148 3441/2640/6148 2098/2693/6148
f 3446/2653/6149 2104/2651/6149 1343/4165/6149 3449/2638/6149
f 2097/2657/6150 3440/2639/6150 2113/2699/6150
f 3471/2698/6151 2113/2699/6151 3440/2639/6151
f 3443/2645/6152 3444/2642/6152 3442/2643/6152
f 2104/2651/6153 2103/2647/6153 1343/4165/6153
f 2077/2649/6154 2103/2647/6154 2104/2651/6154
f 3452/2664/6155 2077/2649/6155 2104/2651/6155
f 1343/4165/6156 2103/2647/6156 3445/2650/6156
f 3469/2694/6157 3445/2650/6157 2105/2644/6157
f 3469/2694/6158 1343/4165/6158 3445/2650/6158
f 1343/4165/6159 2098/2693/6159 3441/2640/6159
f 3469/2694/6160 2098/2693/6160 1343/4165/6160
f 2090/2633/6161 2078/2634/6161 2107/2667/6161 3482/2708/6161
f 3440/2639/6162 2097/2657/6162 3450/2656/6162
f 3446/2653/6163 3450/2656/6163 1342/2655/6163
f 3476/2662/6164 3451/2658/6164 2097/2657/6164
f 3454/2663/6165 2102/2675/6165 3447/2654/6165
f 3447/2654/6166 2102/2675/6166 3452/2664/6166
f 1341/2666/6167 2102/2675/6167 3454/2663/6167
f 3457/2671/6168 2102/2675/6168 1341/2666/6168
f 2107/2667/6169 3453/2665/6169 1340/2669/6169
f 2107/2667/6170 3455/2668/6170 3453/2665/6170
f 1341/2666/6171 3455/2668/6171 2078/2634/6171
f 3453/2665/6172 3455/2668/6172 1341/2666/6172
f 1341/2666/6173 2078/2634/6173 2109/2632/6173
f 2108/2672/6174 3456/2673/6174 3457/2671/6174
f 3457/2671/6175 3456/2673/6175 2099/2674/6175
f 2102/2675/6176 3457/2671/6176 2099/2674/6176
f 2099/2674/6177 3456/2673/6177 2100/2680/6177
f 2111/2676/6178 3458/2637/6178 2110/2630/6178
f 2109/2632/6179 2108/2672/6179 1341/2666/6179
f 2109/2632/6180 3458/2637/6180 2108/2672/6180
f 2074/2629/6181 3458/2637/6181 2111/2676/6181
f 2111/2676/6182 3486/2677/6182 2074/2629/6182
f 2099/2674/6183 2100/2680/6183 2077/2649/6183
f 2077/2649/6184 2100/2680/6184 3461/2646/6184
f 2101/2626/6185 2100/2680/6185 3456/2673/6185
f 3460/2681/6186 2112/2624/6186 3462/2682/6186
f 2101/2626/6187 2112/2624/6187 3460/2681/6187
f 3439/2627/6188 3463/2684/6188 3462/2682/6188
f 2062/2641/6189 3444/2642/6189 3463/2684/6189
f 2096/2683/6190 3463/2684/6190 3439/2627/6190
f 3466/2621/6191 2061/2686/6191 3491/2722/6191
f 3466/2621/6192 3465/2690/6192 3467/2688/6192
f 3467/2688/6193 3465/2690/6193 3470/2692/6193
f 2098/2693/6194 3468/2691/6194 2071/2696/6194
f 2105/2644/6195 3467/2688/6195 3470/2692/6195
f 2113/2699/6196 3474/2620/6196 3473/2701/6196
f 3437/2618/6197 3474/2620/6197 1339/2700/6197
f 3472/2697/6198 1339/2700/6198 3474/2620/6198
f 2113/2699/6199 3472/2697/6199 3474/2620/6199
f 3496/2732/6200 3475/2661/6200 3473/2701/6200
f 3475/2661/6201 3476/2662/6201 3477/2702/6201
f 2113/2699/6202 3477/2702/6202 2097/2657/6202
f 2113/2699/6203 3473/2701/6203 3477/2702/6203
f 2073/2660/6204 3496/2732/6204 3479/2704/6204
f 1338/2703/6205 3481/2707/6205 3480/2706/6205
f 1338/2703/6206 2114/2616/6206 3481/2707/6206
f 3483/2670/6207 3480/2706/6207 3481/2707/6207
f 3495/2731/6208 1338/2703/6208 3479/2704/6208 3496/2732/6208
f 2090/2633/6209 3482/2708/6209 2091/2709/6209
f 2107/2667/6210 3483/2670/6210 3482/2708/6210
f 2123/2710/6211 2115/2636/6211 3484/4166/6211
f 3500/2711/6212 3484/4166/6212 2072/2631/6212
f 2072/2631/6213 3484/4166/6213 2115/2636/6213
f 2092/2612/6214 2116/2713/6214 2115/2636/6214
f 3487/2715/6215 3485/2712/6215 2089/2714/6215
f 3436/2611/6216 3485/2712/6216 2116/2713/6216
f 2117/2635/6217 2115/2636/6217 2116/2713/6217
f 2111/2676/6218 2117/2635/6218 3485/2712/6218
f 2065/2678/6219 3486/2677/6219 3487/2715/6219
f 3459/2625/6220 3488/2717/6220 2119/2628/6220
f 3491/2722/6221 3490/2685/6221 3489/2720/6221
f 2071/2696/6222 3492/2724/6222 2120/2695/6222
f 3468/2691/6223 3492/2724/6223 2071/2696/6223
f 3493/2689/6224 3492/2724/6224 3465/2690/6224
f 3493/2689/6225 2122/2729/6225 2121/2725/6225
f 2087/2728/6226 3494/2726/6226 2122/2729/6226
f 2121/2725/6227 3494/2726/6227 2095/2617/6227
f 1337/2606/6228 3495/2731/6228 3496/2732/6228
f 3473/2701/6229 1337/2606/6229 3496/2732/6229
f 2091/2709/6230 3433/2599/6230 3501/2738/6230 3499/2736/6230
f 3498/2730/6231 1338/2703/6231 3495/2731/6231
f 2094/2734/6232 3498/2730/6232 3497/2733/6232
f 2086/2605/6233 2093/2614/6233 2094/2734/6233
f 2123/2710/6234 3500/2711/6234 3499/2736/6234
f 2090/2633/6235 2091/2709/6235 3499/2736/6235
f 2085/2604/6236 2137/2758/6236 2086/2605/6236 2058/2603/6236
f 3484/4166/6237 3500/2711/6237 2123/2710/6237
f 3499/2736/6238 2125/2737/6238 2123/2710/6238
f 2055/2739/6239 2125/2737/6239 3501/2738/6239
f 2055/2739/6240 2126/2740/6240 2125/2737/6240
f 2123/2710/6241 2125/2737/6241 2124/2742/6241
f 3519/2765/6242 2124/2742/6242 2126/2740/6242
f 3519/2765/6243 2079/2613/6243 2124/2742/6243
f 2126/2740/6244 2124/2742/6244 2125/2737/6244
f 2092/2612/6245 2124/2742/6245 2079/2613/6245
f 2089/2714/6246 3502/2719/6246 2065/2678/6246
f 2064/2716/6247 2065/2678/6247 3502/2719/6247
f 2128/2595/6248 3503/2596/6248 1335/2597/6248
f 1335/2597/6249 2127/2743/6249 2089/2714/6249
f 3505/2745/6250 2127/2743/6250 3503/2596/6250
f 2083/2746/6251 2082/2575/6251 3504/2744/6251
f 2060/2574/6252 3505/2745/6252 2082/2575/6252
f 3503/2596/6253 3504/2744/6253 3505/2745/6253
f 2130/2748/6254 3491/2722/6254 3506/2723/6254
f 2129/2592/6255 3506/2723/6255 2088/2593/6255
f 2129/2592/6256 2132/2749/6256 2130/2748/6256
f 2129/2592/6257 2130/2748/6257 3506/2723/6257
f 3508/2750/6258 3507/2766/6258 2070/2607/6258
f 2132/2749/6259 3508/2750/6259 2131/2623/6259
f 2054/2755/6260 2133/2752/6260 3509/2751/6260
f 2059/2609/6261 3509/2751/6261 2134/2727/6261
f 2054/2755/6262 3509/2751/6262 2142/2753/6262
f 2087/2728/6263 2133/2752/6263 2136/2587/6263
f 2135/2588/6264 2133/2752/6264 2054/2755/6264
f 2134/2727/6265 2133/2752/6265 2087/2728/6265
f 3511/2757/6266 2087/2728/6266 2136/2587/6266
f 3511/2757/6267 3510/2756/6267 2087/2728/6267
f 3494/2726/6268 3510/2756/6268 2085/2604/6268
f 2137/2758/6269 2085/2604/6269 3510/2756/6269
f 3523/2784/6270 2151/2783/6270 3610/2953/6270 3524/2788/6270
f 3516/2762/6271 3514/2735/6271 3512/2582/6271
f 2093/2614/6272 3514/2735/6272 2056/2601/6272
f 2138/2760/6273 3512/2582/6273 3514/2735/6273
f 2138/2760/6274 3514/2735/6274 2086/2605/6274
f 2139/2741/6275 3515/2763/6275 3518/2764/6275
f 3517/2761/6276 3518/2764/6276 3515/2763/6276
f 2141/2570/6277 3518/2764/6277 2052/2566/6277
f 2141/2570/6278 2080/2770/6278 3519/2765/6278
f 2079/2613/6279 3519/2765/6279 2080/2770/6279
f 3518/2764/6280 3519/2765/6280 2139/2741/6280
f 2139/2741/6281 3519/2765/6281 2126/2740/6281
f 1334/2591/6282 3507/2766/6282 3508/2750/6282
f 2054/2755/6283 2142/2753/6283 2144/2754/6283
f 1334/2591/6284 2143/2578/6284 2144/2754/6284
f 3428/2589/6285 2145/2767/6285 2081/2567/6285
f 2080/2770/6286 2147/2768/6286 2063/2769/6286
f 2148/2569/6287 2080/2770/6287 2141/2570/6287
f 2084/2747/6288 3431/2594/6288 2147/2768/6288
f 2084/2747/6289 2148/2569/6289 3520/4167/6289
f 2146/2576/6290 3520/4167/6290 2148/2569/6290
f 2084/2747/6291 3520/4167/6291 2146/2576/6291
f 2147/2768/6292 2148/2569/6292 2084/2747/6292
f 2053/2577/6293 2083/2746/6293 2084/2747/6293
f 2082/2575/6294 2083/2746/6294 3420/2573/6294
f 3429/2571/6295 2082/2575/6295 3420/2573/6295
f 2244/2774/6296 3621/2776/6296 3521/2772/6296
f 2241/2963/6297 2240/2778/6297 2149/2779/6297
f 2244/2774/6298 2241/2963/6298 2149/2779/6298
f 3615/2959/6299 3522/2782/6299 1344/2775/6299
f 2237/2958/6300 3522/2782/6300 3615/2959/6300
f 3525/2785/6301 3523/2784/6301 3524/2788/6301
f 3525/2785/6302 2152/2771/6302 3523/2784/6302
f 3539/2825/6303 2154/2917/6303 3607/2801/6303 2224/2802/6303
f 3525/2785/6304 3526/2786/6304 2182/2966/6304
f 2183/2947/6305 3526/2786/6305 1345/4168/6305
f 1345/4168/6306 3526/2786/6306 2233/2787/6306
f 3622/2780/6307 2156/2781/6307 2157/2809/6307
f 2156/2781/6308 2149/2779/6308 3527/2789/6308
f 2239/2777/6309 3527/2789/6309 2149/2779/6309
f 2161/2794/6310 3528/2796/6310 3620/2792/6310
f 2153/2798/6311 2228/2799/6311 3530/2815/6311
f 3594/2931/6312 2228/2799/6312 3612/2800/6312
f 2224/2802/6313 3531/2803/6313 2236/2952/6313
f 3541/2829/6314 2155/2943/6314 3533/2830/6314 3540/2828/6314
f 2226/2925/6315 2224/2802/6315 2236/2952/6315
f 2223/2821/6316 3539/2825/6316 2224/2802/6316
f 2155/2943/6317 3532/2806/6317 3533/2830/6317
f 2221/2805/6318 3532/2806/6318 2155/2943/6318
f 2220/2804/6319 3533/2830/6319 3532/2806/6319
f 2156/2781/6320 3534/2808/6320 2157/2809/6320
f 2218/2910/6321 3534/2808/6321 2230/2810/6321
f 2190/2795/6322 2213/2811/6322 2212/2813/6322
f 2190/2795/6323 2161/2794/6323 2213/2811/6323
f 3537/2817/6324 3530/2815/6324 3536/2816/6324
f 2206/2822/6325 3538/2823/6325 3539/2825/6325
f 3539/2825/6326 3538/2823/6326 2192/2916/6326
f 2192/2916/6327 3538/2823/6327 3574/2826/6327
f 3550/2859/6328 1351/2861/6328 3552/2866/6328 3549/2855/6328
f 2220/2804/6329 2205/2831/6329 3540/2828/6329
f 3604/2940/6330 3541/2829/6330 1346/2827/6330
f 2166/2833/6331 3542/2835/6331 3543/2832/6331
f 2203/2837/6332 3543/2832/6332 3542/2835/6332
f 3584/2844/6333 3544/2839/6333 2176/2840/6333
f 3557/2876/6334 1350/2850/6334 2167/2849/6334
f 2167/2849/6335 2169/2847/6335 2168/2899/6335
f 3546/2852/6336 3575/2894/6336 3545/4169/6336
f 2179/2851/6337 3546/2852/6337 2200/2864/6337
f 2200/2864/6338 3546/2852/6338 3545/4169/6338
f 3548/2889/6339 2172/2891/6339 3547/4170/6339
f 2172/2891/6340 2171/2860/6340 3547/4170/6340
f 1349/2858/6341 3548/2889/6341 3547/4170/6341
f 2159/2887/6342 2172/2891/6342 3548/2889/6342
f 1349/2858/6343 3547/4170/6343 2171/2860/6343
f 2174/2856/6344 1349/2858/6344 3549/2855/6344
f 2175/2841/6345 2201/2873/6345 3558/2875/6345 3559/4171/6345
f 2171/2860/6346 1351/2861/6346 3550/2859/6346
f 1349/2858/6347 3550/2859/6347 3549/2855/6347
f 1351/2861/6348 3551/2862/6348 2179/2851/6348
f 2171/2860/6349 3572/2863/6349 1351/2861/6349
f 2179/2851/6350 3551/2862/6350 3573/2853/6350
f 3573/2853/6351 3551/2862/6351 3572/2863/6351
f 3549/2855/6352 3552/2866/6352 2197/2857/6352
f 2199/2868/6353 3555/2871/6353 3552/2866/6353
f 2199/2868/6354 3552/2866/6354 2200/2864/6354
f 2197/2857/6355 3552/2866/6355 3555/2871/6355
f 3554/2869/6356 3553/4172/6356 3545/4169/6356
f 3554/2869/6357 2178/2867/6357 3553/4172/6357
f 2199/2868/6358 3553/4172/6358 2178/2867/6358
f 2199/2868/6359 2200/2864/6359 3553/4172/6359
f 2200/2864/6360 3545/4169/6360 3553/4172/6360
f 3560/2874/6361 3556/2872/6361 2201/2873/6361
f 2196/2865/6362 3555/2871/6362 3556/2872/6362
f 1350/2850/6363 3555/2871/6363 2199/2868/6363
f 2196/2865/6364 2197/2857/6364 3555/2871/6364
f 2167/2849/6365 3558/2875/6365 3557/2876/6365
f 2177/2843/6366 2176/2840/6366 3559/4171/6366
f 3558/2875/6367 2194/2901/6367 3559/4171/6367
f 2177/2843/6368 3559/4171/6368 2194/2901/6368
f 3575/2894/6369 3574/2826/6369 3577/2824/6369 3554/2869/6369
f 2175/2841/6370 3559/4171/6370 2176/2840/6370
f 3560/2874/6371 3563/2845/6371 3561/2878/6371
f 3563/2845/6372 3562/2842/6372 3564/2880/6372
f 2173/2834/6373 3543/2832/6373 3566/2882/6373
f 2203/2837/6374 3567/2879/6374 3561/2878/6374
f 2198/2854/6375 3567/2879/6375 2174/2856/6375
f 2196/2865/6376 3567/2879/6376 2198/2854/6376
f 3602/2888/6377 3548/2889/6377 2193/2886/6377
f 1349/2858/6378 3569/2884/6378 2193/2886/6378
f 2172/2891/6379 2158/2938/6379 3570/2890/6379
f 2159/2887/6380 2158/2938/6380 2172/2891/6380
f 3572/2863/6381 3570/2890/6381 1346/2827/6381
f 1346/2827/6382 3570/2890/6382 2158/2938/6382
f 3571/2892/6383 1346/2827/6383 2205/2831/6383
f 2205/2831/6384 2165/2895/6384 3571/2892/6384
f 3573/2853/6385 3572/2863/6385 3571/2892/6385
f 2165/2895/6386 3573/2853/6386 3571/2892/6386
f 3545/4169/6387 3575/2894/6387 3554/2869/6387
f 3576/2893/6388 3575/2894/6388 3546/2852/6388
f 2207/2896/6389 3577/2824/6389 2206/2822/6389
f 2207/2896/6390 3554/2869/6390 3577/2824/6390
f 3596/4173/6391 3597/2935/6391 3529/2791/6391 3598/2936/6391
f 2195/2870/6392 3579/2897/6392 3589/2898/6392
f 2206/2822/6393 3578/2820/6393 2207/2896/6393
f 3579/2897/6394 3578/2820/6394 3589/2898/6394
f 2167/2849/6395 3581/2921/6395 2208/2819/6395
f 2167/2849/6396 2168/2899/6396 3581/2921/6396
f 2170/2848/6397 2168/2899/6397 2169/2847/6397
f 3580/2900/6398 3581/2921/6398 2168/2899/6398
f 3592/2920/6399 2208/2819/6399 3581/2921/6399
f 1348/2877/6400 3582/4174/6400 2209/2814/6400
f 1348/2877/6401 2208/2819/6401 3582/4174/6401
f 2209/2814/6402 3582/4174/6402 2208/2819/6402
f 3583/2930/6403 2194/2901/6403 2210/2818/6403
f 2210/2818/6404 3593/2929/6404 3583/2930/6404
f 3583/2930/6405 2177/2843/6405 2194/2901/6405
f 1348/2877/6406 2194/2901/6406 3558/2875/6406
f 2211/2902/6407 3584/2844/6407 2164/2927/6407
f 3544/2839/6408 2211/2902/6408 2214/2903/6408
f 3544/2839/6409 3584/2844/6409 2211/2902/6409
f 2177/2843/6410 2164/2927/6410 3584/2844/6410
f 3585/2904/6411 2214/2903/6411 2213/2811/6411
f 2213/2811/6412 2214/2903/6412 2212/2813/6412
f 2202/2881/6413 3585/2904/6413 2188/2905/6413
f 3585/2904/6414 3597/2935/6414 2188/2905/6414
f 2173/2834/6415 2188/2905/6415 3597/2935/6415
f 2173/2834/6416 3566/2882/6416 2188/2905/6416
f 2214/2903/6417 3585/2904/6417 2202/2881/6417
f 2163/2907/6418 2216/2908/6418 2166/2833/6418
f 2215/2909/6419 2216/2908/6419 2162/2906/6419
f 2166/2833/6420 2216/2908/6420 2215/2909/6420
f 2189/2911/6421 2215/2909/6421 2162/2906/6421
f 2217/2885/6422 2215/2909/6422 2218/2910/6422
f 2193/2886/6423 2187/2912/6423 3602/2888/6423
f 2193/2886/6424 2217/2885/6424 2187/2912/6424
f 3576/2893/6425 3586/2913/6425 3587/2915/6425
f 2165/2895/6426 3586/2913/6426 3576/2893/6426
f 2219/2914/6427 2165/2895/6427 2205/2831/6427
f 2219/2914/6428 2220/2804/6428 2221/2805/6428
f 2192/2916/6429 3587/2915/6429 2221/2805/6429
f 2221/2805/6430 2186/2919/6430 3588/2918/6430
f 2154/2917/6431 3539/2825/6431 2192/2916/6431
f 2221/2805/6432 3588/2918/6432 2192/2916/6432
f 2170/2848/6433 3589/2898/6433 2222/2923/6433
f 3580/2900/6434 2222/2923/6434 2225/2922/6434
f 2191/2846/6435 3589/2898/6435 2170/2848/6435
f 3590/2924/6436 2225/2922/6436 2223/2821/6436
f 2223/2821/6437 2225/2922/6437 2222/2923/6437
f 2224/2802/6438 3590/2924/6438 2223/2821/6438
f 3591/2926/6439 3592/2920/6439 3590/2924/6439
f 2153/2798/6440 3530/2815/6440 3537/2817/6440
f 2184/2955/6441 3537/2817/6441 3591/2926/6441
f 2208/2819/6442 3592/2920/6442 3537/2817/6442
f 2164/2927/6443 3593/2929/6443 1347/2812/6443
f 3583/2930/6444 3593/2929/6444 2164/2927/6444
f 2227/2928/6445 3593/2929/6445 2210/2818/6445
f 2229/2932/6446 3595/2934/6446 3594/2931/6446
f 1347/2812/6447 3595/2934/6447 2190/2795/6447
f 2163/2907/6448 3596/4173/6448 2162/2906/6448
f 3597/2935/6449 3596/4173/6449 2163/2907/6449
f 2160/2793/6450 3529/2791/6450 3597/2935/6450
f 2187/2912/6451 2230/2810/6451 3601/2939/6451 3602/2888/6451
f 2162/2906/6452 3598/2936/6452 2189/2911/6452
f 2162/2906/6453 3596/4173/6453 3598/2936/6453
f 2189/2911/6454 3598/2936/6454 3600/2797/6454
f 3600/2797/6455 3599/2937/6455 2189/2911/6455
f 2157/2809/6456 3535/2807/6456 3599/2937/6456
f 2189/2911/6457 3599/2937/6457 3535/2807/6457
f 3602/2888/6458 3601/2939/6458 2159/2887/6458
f 2158/2938/6459 3601/2939/6459 3604/2940/6459
f 3606/4175/6460 2232/2945/6460 2183/2947/6460 1345/4168/6460
f 2230/2810/6461 2231/2790/6461 3601/2939/6461
f 3601/2939/6462 2231/2790/6462 3605/2941/6462
f 3527/2789/6463 2231/2790/6463 2230/2810/6463
f 3603/2942/6464 2231/2790/6464 2239/2777/6464
f 3604/2940/6465 3605/2941/6465 3603/2942/6465
f 2181/2965/6466 3603/2942/6466 2239/2777/6466
f 3541/2829/6467 3603/2942/6467 2180/2944/6467
f 1345/4168/6468 2233/2787/6468 3606/4175/6468
f 2234/2948/6469 3606/4175/6469 2233/2787/6469
f 2232/2945/6470 3606/4175/6470 2234/2948/6470
f 2233/2787/6471 3524/2788/6471 2235/2950/6471 2234/2948/6471
f 3623/2968/6472 3600/2797/6472 3620/2792/6472 2243/2970/6472
f 2232/2945/6473 2234/2948/6473 2186/2919/6473
f 2235/2950/6474 3607/2801/6474 2234/2948/6474
f 2154/2917/6475 2186/2919/6475 3607/2801/6475
f 2235/2950/6476 3608/2951/6476 3609/2949/6476
f 3531/2803/6477 3609/2949/6477 3608/2951/6477
f 3531/2803/6478 3608/2951/6478 2236/2952/6478
f 3607/2801/6479 2235/2950/6479 3609/2949/6479
f 2151/2783/6480 3611/2954/6480 3610/2953/6480
f 2226/2925/6481 2236/2952/6481 3610/2953/6481
f 2226/2925/6482 2184/2955/6482 3591/2926/6482
f 3610/2953/6483 2184/2955/6483 2226/2925/6483
f 2153/2798/6484 3614/2957/6484 3612/2800/6484
f 2237/2958/6485 3614/2957/6485 3611/2954/6485
f 3613/2956/6486 3615/2959/6486 2229/2932/6486
f 2229/2932/6487 2238/2960/6487 3616/2962/6487
f 2229/2932/6488 3616/2962/6488 2185/2933/6488
f 2229/2932/6489 2185/2933/6489 3595/2934/6489
f 2183/2947/6490 2150/2946/6490 2181/2965/6490
f 2181/2965/6491 2150/2946/6491 2180/2944/6491
f 2181/2965/6492 2180/2944/6492 3603/2942/6492
f 2181/2965/6493 2240/2778/6493 3617/2964/6493
f 2241/2963/6494 3618/2773/6494 3617/2964/6494
f 2182/2966/6495 3619/2967/6495 3618/2773/6495
f 2244/2774/6496 3618/2773/6496 2241/2963/6496
f 3618/2773/6497 3619/2967/6497 3617/2964/6497
f 3525/2785/6498 2182/2966/6498 3618/2773/6498
f 2152/2771/6499 3525/2785/6499 3618/2773/6499
f 3617/2964/6500 3619/2967/6500 2183/2947/6500
f 2183/2947/6501 2182/2966/6501 3526/2786/6501
f 2243/2970/6502 3620/2792/6502 2242/2961/6502
f 3621/2776/6503 2243/2970/6503 2242/2961/6503
f 3642/3040/6504 3641/3142/6504 2262/3015/6504 2261/3018/6504
f 2244/2774/6505 2245/2969/6505 3621/2776/6505
f 1344/2775/6506 3621/2776/6506 2242/2961/6506
f 2244/2774/6507 3622/2780/6507 2245/2969/6507
f 3599/2937/6508 3623/2968/6508 3622/2780/6508
f 3600/2797/6509 3623/2968/6509 3599/2937/6509
f 3625/2973/6510 3624/2980/6510 2354/2972/6510
f 2346/2971/6511 2354/2972/6511 2351/2975/6511
f 2350/2978/6512 3717/3177/6512 3626/2977/6512
f 2340/2994/6513 3626/2977/6513 3717/3177/6513
f 2252/2981/6514 2251/2983/6514 3628/2986/6514
f 2252/2981/6515 3629/2985/6515 2343/2988/6515
f 2342/2990/6516 3630/2984/6516 2343/2988/6516
f 2257/2996/6517 2258/2992/6517 3631/2993/6517
f 2248/2979/6518 3626/2977/6518 3631/2993/6518
f 2339/2995/6519 2257/2996/6519 3631/2993/6519
f 2337/3002/6520 3633/2999/6520 2246/3000/6520
f 3632/3003/6521 3639/2998/6521 3633/2999/6521
f 3713/3008/6522 3634/3009/6522 2260/3012/6522
f 3634/3009/6523 2253/3010/6523 2334/3152/6523
f 3691/3022/6524 3635/3016/6524 2344/3020/6524
f 2319/3023/6525 2261/3018/6525 3635/3016/6525
f 2286/3030/6526 3636/3031/6526 3637/3134/6526
f 2248/2979/6527 2258/2992/6527 2286/3030/6527
f 3682/3135/6528 3636/3031/6528 2257/2996/6528
f 2328/3133/6529 3637/3134/6529 3636/3031/6529
f 2322/3037/6530 3640/3035/6530 2323/3036/6530
f 2260/3012/6531 3634/3009/6531 3640/3035/6531
f 2263/3026/6532 2290/3029/6532 3669/3113/6532 3643/3042/6532
f 2318/3039/6533 2261/3018/6533 2319/3023/6533
f 3703/3043/6534 2263/3026/6534 3644/3041/6534
f 3644/3041/6535 3643/3042/6535 2314/3111/6535
f 3657/3099/6536 2306/3051/6536 3662/3105/6536 3663/3098/6536
f 2264/3050/6537 3645/3045/6537 3661/3046/6537
f 2329/3048/6538 2312/3049/6538 3645/3045/6538
f 2312/3049/6539 2311/3052/6539 3645/3045/6539
f 2265/3097/6540 3646/3054/6540 3656/3056/6540
f 2308/3053/6541 3646/3054/6541 2309/3058/6541
f 2265/3097/6542 3677/3057/6542 3646/3054/6542
f 2267/3065/6543 2266/3061/6543 3647/3064/6543
f 2304/3062/6544 3647/3064/6544 2266/3061/6544
f 2304/3062/6545 1357/3088/6545 3647/3064/6545
f 2274/3063/6546 3647/3064/6546 1357/3088/6546
f 2303/3093/6547 1357/3088/6547 2304/3062/6547
f 2268/3068/6548 2276/3066/6548 3650/3071/6548
f 3651/3086/6549 3648/3067/6549 2317/3072/6549
f 2295/3081/6550 2270/3108/6550 2269/3075/6550
f 2299/3082/6551 2295/3081/6551 2269/3075/6551
f 2298/3073/6552 3649/3078/6552 2272/3079/6552
f 2298/3073/6553 2297/3087/6553 3649/3078/6553
f 2273/3077/6554 3649/3078/6554 2296/3090/6554
f 2269/3075/6555 2300/3076/6555 2299/3082/6555
f 2300/3076/6556 2294/3083/6556 3650/3071/6556
f 2300/3076/6557 3650/3071/6557 2275/3069/6557
f 3650/3071/6558 2276/3066/6558 2275/3069/6558
f 3653/3084/6559 2296/3090/6559 2297/3087/6559
f 3648/3067/6560 2297/3087/6560 2298/3073/6560
f 2296/3090/6561 3649/3078/6561 2297/3087/6561
f 3648/3067/6562 3651/3086/6562 2297/3087/6562
f 2317/3072/6563 2302/3089/6563 3651/3086/6563
f 2267/3065/6564 2274/3063/6564 2293/3120/6564
f 2301/3085/6565 2274/3063/6565 1357/3088/6565
f 3658/3059/6566 2296/3090/6566 3652/3091/6566
f 2305/3095/6567 3654/3092/6567 3655/3094/6567
f 3658/3059/6568 3654/3092/6568 2305/3095/6568
f 3656/3056/6569 3655/3094/6569 2292/3096/6569
f 3660/3100/6570 2306/3051/6570 3657/3099/6570
f 2307/3055/6571 2308/3053/6571 3660/3100/6571
f 2271/3044/6572 2310/3101/6572 3661/3046/6572
f 1353/3131/6573 3661/3046/6573 2310/3101/6573
f 3676/3128/6574 2289/3151/6574 2326/3033/6574 2325/3129/6574
f 3662/3105/6575 3664/3080/6575 3663/3098/6575
f 2273/3077/6576 3663/3098/6576 3664/3080/6576
f 2272/3079/6577 3664/3080/6577 2295/3081/6577
f 2296/3090/6578 3663/3098/6578 2273/3077/6578
f 2311/3052/6579 3665/3104/6579 3662/3105/6579
f 2311/3052/6580 2312/3049/6580 3665/3104/6580
f 2312/3049/6581 2313/3106/6581 3665/3104/6581
f 2306/3051/6582 2311/3052/6582 3662/3105/6582
f 3664/3080/6583 3662/3105/6583 2295/3081/6583
f 3684/3109/6584 3666/3107/6584 2313/3106/6584
f 3684/3109/6585 2313/3106/6585 2312/3049/6585
f 3667/3110/6586 2314/3111/6586 2315/3074/6586
f 2314/3111/6587 3667/3110/6587 2259/3162/6587
f 2315/3074/6588 2314/3111/6588 3668/3112/6588
f 3667/3110/6589 2315/3074/6589 2269/3075/6589
f 3669/3113/6590 2294/3083/6590 3668/3112/6590
f 3643/3042/6591 3669/3113/6591 3668/3112/6591
f 3686/3138/6592 1354/3070/6592 3669/3113/6592
f 2316/3116/6593 3672/3117/6593 3670/3114/6593
f 2317/3072/6594 3670/3114/6594 3672/3117/6594
f 2302/3089/6595 3672/3117/6595 2318/3039/6595
f 3673/3119/6596 2302/3089/6596 2318/3039/6596
f 2302/3089/6597 2293/3120/6597 2274/3063/6597
f 2321/3060/6598 2266/3061/6598 3674/3121/6598
f 2332/3123/6599 2320/3122/6599 3674/3121/6599
f 2324/3124/6600 3675/3125/6600 2323/3036/6600
f 2321/3060/6601 3675/3125/6601 2324/3124/6601
f 2322/3037/6602 2323/3036/6602 2320/3122/6602
f 2323/3036/6603 3675/3125/6603 2320/3122/6603
f 2324/3124/6604 2287/3126/6604 2321/3060/6604
f 2321/3060/6605 2287/3126/6605 2292/3096/6605
f 2309/3058/6606 3676/3128/6606 2325/3129/6606
f 3678/3034/6607 3679/3130/6607 2325/3129/6607
f 3685/3137/6608 1356/3047/6608 3682/3135/6608 3683/2997/6608
f 3639/2998/6609 3678/3034/6609 2326/3033/6609
f 2327/3007/6610 3678/3034/6610 3632/3003/6610
f 2327/3007/6611 3679/3130/6611 3678/3034/6611
f 2309/3058/6612 2325/3129/6612 3679/3130/6612
f 2291/3103/6613 3680/4176/6613 1353/3131/6613
f 2291/3103/6614 2327/3007/6614 3680/4176/6614
f 2327/3007/6615 2285/3153/6615 3680/4176/6615
f 1353/3131/6616 3680/4176/6616 2285/3153/6616
f 2329/3048/6617 2264/3050/6617 2328/3133/6617
f 2328/3133/6618 3636/3031/6618 3682/3135/6618
f 1356/3047/6619 2328/3133/6619 3682/3135/6619
f 3684/3109/6620 3685/3137/6620 2284/3136/6620
f 3687/3139/6621 2331/3115/6621 3686/3138/6621 2290/3029/6621
f 2290/3029/6622 3686/3138/6622 3669/3113/6622
f 2259/3162/6623 3667/3110/6623 2270/3108/6623 2284/3136/6623
f 3642/3040/6624 3688/3140/6624 3641/3142/6624
f 3641/3142/6625 2283/3141/6625 3707/3143/6625
f 2331/3115/6626 3688/3140/6626 2316/3116/6626
f 3674/3121/6627 3689/3145/6627 2332/3123/6627
f 2267/3065/6628 3673/3119/6628 3690/3144/6628
f 3674/3121/6629 3690/3144/6629 3689/3145/6629
f 2333/3021/6630 3692/3146/6630 3691/3022/6630
f 2332/3123/6631 3692/3146/6631 3693/3147/6631
f 3712/3148/6632 3693/3147/6632 2333/3021/6632
f 2322/3037/6633 2332/3123/6633 3693/3147/6633
f 2260/3012/6634 3694/3038/6634 1352/3170/6634
f 3695/3149/6635 3696/3150/6635 2288/3127/6635
f 2287/3126/6636 2288/3127/6636 3696/3150/6636
f 3695/3149/6637 2334/3152/6637 2289/3151/6637
f 2335/3014/6638 2289/3151/6638 2334/3152/6638
f 2335/3014/6639 2282/3032/6639 2289/3151/6639
f 2281/3013/6640 2282/3032/6640 2335/3014/6640
f 3639/2998/6641 2282/3032/6641 3638/3004/6641
f 3638/3004/6642 2282/3032/6642 2281/3013/6642
f 1353/3131/6643 2285/3153/6643 2336/3155/6643
f 3681/3132/6644 1353/3131/6644 2336/3155/6644
f 2336/3155/6645 3698/3156/6645 3637/3134/6645
f 3637/3134/6646 3698/3156/6646 3700/3157/6646
f 2338/3006/6647 3700/3157/6647 3698/3156/6647
f 3637/3134/6648 3700/3157/6648 2286/3030/6648
f 3702/3159/6649 2259/3162/6649 3683/2997/6649
f 3683/2997/6650 2259/3162/6650 2284/3136/6650
f 2343/2988/6651 3629/2985/6651 3709/3168/6651 3707/3143/6651
f 3702/3159/6652 3701/3160/6652 3704/3161/6652
f 3631/2993/6653 3701/3160/6653 2339/2995/6653
f 2259/3162/6654 3702/3159/6654 3704/3161/6654
f 2279/3175/6655 2278/3163/6655 2340/2994/6655
f 3704/3161/6656 3703/3043/6656 3644/3041/6656
f 2341/3028/6657 2249/3164/6657 3706/3166/6657
f 2342/2990/6658 2343/2988/6658 3705/3167/6658
f 2342/2990/6659 3706/3166/6659 2249/3164/6659
f 2251/2983/6660 2280/3171/6660 1355/3019/6660 3710/3169/6660
f 2343/2988/6661 3707/3143/6661 2283/3141/6661
f 2262/3015/6662 3709/3168/6662 3708/3017/6662
f 3629/2985/6663 3708/3017/6663 3709/3168/6663
f 2344/3020/6664 3708/3017/6664 3711/2987/6664
f 3628/2986/6665 3710/3169/6665 3711/2987/6665
f 2344/3020/6666 3710/3169/6666 1355/3019/6666
f 3629/2985/6667 3711/2987/6667 3708/3017/6667
f 3724/3282/6668 2359/3310/6668 2406/3293/6668 2405/3291/6668
f 1355/3019/6669 1352/3170/6669 3712/3148/6669
f 3694/3038/6670 3712/3148/6670 1352/3170/6670
f 2333/3021/6671 1355/3019/6671 3712/3148/6671
f 2280/3171/6672 2345/3172/6672 2254/3011/6672
f 2345/3172/6673 3713/3008/6673 2254/3011/6673
f 2253/3010/6674 3713/3008/6674 2345/3172/6674
f 3714/3174/6675 2348/2974/6675 3715/3173/6675
f 2251/2983/6676 3714/3174/6676 2280/3171/6676
f 2348/2974/6677 3714/3174/6677 2346/2971/6677
f 2347/4177/6678 3715/3173/6678 2348/2974/6678
f 2345/3172/6679 2347/4177/6679 2281/3013/6679
f 2345/3172/6680 3715/3173/6680 2347/4177/6680
f 2347/4177/6681 2348/2974/6681 2281/3013/6681
f 2349/2989/6682 2250/3165/6682 2279/3175/6682
f 2279/3175/6683 2250/3165/6683 2278/3163/6683
f 2349/2989/6684 2249/3164/6684 2250/3165/6684
f 2350/2978/6685 3719/2991/6685 3716/3176/6685
f 3719/2991/6686 3718/3178/6686 3630/2984/6686
f 3625/2973/6687 3630/2984/6687 3718/3178/6687
f 2351/2975/6688 2247/3005/6688 2348/2974/6688
f 2353/3179/6689 2351/2975/6689 3720/3181/6689
f 2351/2975/6690 2354/2972/6690 3720/3181/6690
f 2352/3180/6691 2351/2975/6691 2353/3179/6691
f 3720/3181/6692 3721/2976/6692 2338/3006/6692
f 2372/3198/6693 3780/3182/6693 2355/3195/6693
f 3780/3182/6694 3722/3183/6694 2355/3195/6694
f 3723/3188/6695 2355/3195/6695 3722/3183/6695
f 2356/3295/6696 2420/3190/6696 2357/3191/6696
f 2417/3192/6697 2358/3194/6697 3723/3188/6697
f 2413/3306/6698 2360/3196/6698 2358/3194/6698
f 2355/3195/6699 2360/3196/6699 2372/3198/6699
f 3773/3197/6700 2372/3198/6700 2360/3196/6700
f 2357/3191/6701 2410/3203/6701 3725/3212/6701
f 2411/3299/6702 2410/3203/6702 2357/3191/6702
f 2371/3206/6703 2362/3204/6703 3782/3218/6703
f 2381/4178/6704 2359/3310/6704 3724/3282/6704
f 2365/3230/6705 3745/3258/6705 2370/3278/6705 3730/3290/6705
f 3776/3308/6706 2359/3310/6706 2381/4178/6706
f 3778/3217/6707 2406/3293/6707 2359/3310/6707
f 2414/3303/6708 3767/3289/6708 3775/3221/6708
f 2361/3209/6709 2375/3210/6709 2412/3301/6709
f 3726/3201/6710 2377/3211/6710 3725/3212/6710
f 3725/3212/6711 2410/3203/6711 3726/3201/6711
f 2407/3213/6712 3726/3201/6712 3761/3284/6712
f 3782/3218/6713 2362/3204/6713 3727/3215/6713
f 1359/3207/6714 3759/4179/6714 3727/3215/6714
f 3758/3214/6715 3727/3215/6715 3759/4179/6715
f 3724/3282/6716 2398/3281/6716 2381/4178/6716
f 2398/3281/6717 2382/3276/6717 2381/4178/6717
f 3752/3269/6718 3772/3298/6718 2364/3208/6718
f 3730/3290/6719 2399/3229/6719 2365/3230/6719
f 3743/3257/6720 3733/3232/6720 2397/3235/6720 3745/3258/6720
f 3741/3255/6721 3745/3258/6721 2395/3261/6721
f 3745/3258/6722 2365/3230/6722 2395/3261/6722
f 3732/3234/6723 3733/3232/6723 3731/3233/6723
f 3739/3248/6724 3737/3247/6724 2394/3237/6724
f 3739/3248/6725 3735/3245/6725 3736/3249/6725
f 2392/3242/6726 3736/3249/6726 3735/3245/6726
f 2392/3242/6727 3734/3240/6727 3736/3249/6727
f 3734/3240/6728 3737/3247/6728 3736/3249/6728
f 2389/3246/6729 1358/3236/6729 3737/3247/6729
f 1358/3236/6730 2394/3237/6730 3737/3247/6730
f 3740/4180/6731 3738/3251/6731 3739/3248/6731
f 2390/3252/6732 3735/3245/6732 3739/3248/6732
f 2390/3252/6733 3739/3248/6733 3738/3251/6733
f 2393/3231/6734 3740/4180/6734 2388/3254/6734
f 2366/3239/6735 2388/3254/6735 2394/3237/6735
f 2388/3254/6736 3740/4180/6736 2394/3237/6736
f 3739/3248/6737 2394/3237/6737 3740/4180/6737
f 2393/3231/6738 3738/3251/6738 3740/4180/6738
f 2393/3231/6739 3741/3255/6739 3742/3250/6739
f 3733/3232/6740 3743/3257/6740 2393/3231/6740
f 3746/3259/6741 3748/3265/6741 2392/3242/6741 2369/3244/6741
f 2397/3235/6742 3744/3280/6742 3745/3258/6742
f 2370/3278/6743 3745/3258/6743 3744/3280/6743
f 2390/3252/6744 2391/3256/6744 3746/3259/6744
f 3741/3255/6745 2395/3261/6745 3747/3260/6745
f 2391/3256/6746 3747/3260/6746 2368/3227/6746
f 2389/3246/6747 3734/3240/6747 2367/3243/6747 3753/3271/6747
f 3728/3225/6748 3749/3266/6748 3748/3265/6748
f 3746/3259/6749 3729/3224/6749 3748/3265/6749
f 2401/3285/6750 3749/3266/6750 3728/3225/6750
f 2364/3208/6751 3753/3271/6751 3752/3269/6751
f 2422/3186/6752 2356/3295/6752 3769/3294/6752 2371/3206/6752
f 2367/3243/6753 3752/3269/6753 3753/3271/6753
f 1358/3236/6754 3753/3271/6754 2383/3270/6754
f 2388/3254/6755 2366/3239/6755 3756/3272/6755
f 2388/3254/6756 3756/3272/6756 3755/3273/6756
f 3731/3233/6757 2387/3253/6757 3757/3274/6757
f 2388/3254/6758 3755/3273/6758 3757/3274/6758
f 3766/3277/6759 2397/3235/6759 3732/3234/6759
f 2397/3235/6760 2398/3281/6760 3744/3280/6760
f 2382/3276/6761 2398/3281/6761 2397/3235/6761
f 3744/3280/6762 2398/3281/6762 2378/3279/6762
f 3758/3214/6763 2399/3229/6763 3730/3290/6763
f 2400/3228/6764 2399/3229/6764 3759/4179/6764
f 1359/3207/6765 2400/3228/6765 3759/4179/6765
f 2399/3229/6766 3758/3214/6766 3759/4179/6766
f 2376/3283/6767 3760/3264/6767 2400/3228/6767
f 2385/3226/6768 2386/3262/6768 3760/3264/6768
f 2400/3228/6769 3760/3264/6769 2386/3262/6769
f 2407/3213/6770 3761/3284/6770 2363/3263/6770
f 2401/3285/6771 3761/3284/6771 3762/3202/6771
f 3726/3201/6772 3762/3202/6772 3761/3284/6772
f 3762/3202/6773 3763/3297/6773 2401/3285/6773
f 3750/3241/6774 3749/3266/6774 3763/3297/6774
f 3749/3266/6775 2401/3285/6775 3763/3297/6775
f 1358/3236/6776 2383/3270/6776 3764/3286/6776
f 2364/3208/6777 2361/3209/6777 3765/3287/6777
f 2402/3219/6778 3765/3287/6778 2361/3209/6778
f 2384/3223/6779 3764/3286/6779 3765/3287/6779
f 2402/3219/6780 2384/3223/6780 3765/3287/6780
f 2396/3222/6781 3764/3286/6781 2384/3223/6781
f 3731/3233/6782 2380/3275/6782 3766/3277/6782
f 2404/3220/6783 3775/3221/6783 2403/3288/6783
f 2404/3220/6784 2403/3288/6784 2380/3275/6784
f 3776/3308/6785 2381/4178/6785 3767/3289/6785
f 2382/3276/6786 3767/3289/6786 2381/4178/6786
f 2378/3279/6787 3730/3290/6787 2370/3278/6787
f 2406/3293/6788 3778/3217/6788 2379/3216/6788
f 2408/3205/6789 2376/3283/6789 1359/3207/6789
f 1359/3207/6790 2376/3283/6790 2400/3228/6790
f 2407/3213/6791 3769/3294/6791 2377/3211/6791
f 3769/3294/6792 2356/3295/6792 2377/3211/6792
f 3762/3202/6793 2409/3200/6793 3763/3297/6793
f 3771/3267/6794 2409/3200/6794 2411/3299/6794
f 2411/3299/6795 2409/3200/6795 2410/3203/6795
f 2411/3299/6796 2373/3300/6796 3772/3298/6796
f 2360/3196/6797 3774/3305/6797 3773/3197/6797
f 2374/3304/6798 2402/3219/6798 3774/3305/6798
f 3775/3221/6799 2402/3219/6799 2374/3304/6799
f 2402/3219/6800 2412/3301/6800 3774/3305/6800
f 2412/3301/6801 3773/3197/6801 3774/3305/6801
f 3774/3305/6802 2413/3306/6802 2374/3304/6802
f 2415/3307/6803 2413/3306/6803 2416/3193/6803
f 2414/3303/6804 2413/3306/6804 2415/3307/6804
f 3776/3308/6805 3767/3289/6805 2415/3307/6805
f 3767/3289/6806 2414/3303/6806 2415/3307/6806
f 2416/3193/6807 3777/3309/6807 2359/3310/6807
f 2416/3193/6808 2359/3310/6808 3776/3308/6808
f 2416/3193/6809 2417/3192/6809 3777/3309/6809
f 2419/3302/6810 2373/3300/6810 3779/3189/6810
f 2375/3210/6811 2373/3300/6811 2419/3302/6811
f 2421/3184/6812 3781/3199/6812 3779/3189/6812
f 2419/3302/6813 3779/3189/6813 3781/3199/6813
f 2421/3184/6814 3780/3182/6814 3781/3199/6814
f 2418/3187/6815 2422/3186/6815 2371/3206/6815
f 3769/3294/6816 2408/3205/6816 2371/3206/6816
f 3783/3185/6817 2421/3184/6817 2420/3190/6817 2356/3295/6817
f 2422/3186/6818 3783/3185/6818 2356/3295/6818
f 2473/3361/6819 3860/3468/6819 3881/3469/6819 3799/3338/6819
f 2423/3314/6820 2445/3312/6820 2502/3313/6820
f 2500/3311/6821 2503/3498/6821 2502/3313/6821
f 2499/3320/6822 3784/3317/6822 2424/3318/6822
f 2499/3320/6823 2424/3318/6823 3886/3319/6823
f 2423/3314/6824 2426/3325/6824 2428/3315/6824
f 2498/3492/6825 2497/3324/6825 2426/3325/6825
f 2498/3492/6826 2426/3325/6826 2502/3313/6826
f 2428/3315/6827 2425/3323/6827 3785/3326/6827
f 3787/3494/6828 2428/3315/6828 3785/3326/6828
f 2426/3325/6829 2425/3323/6829 2428/3315/6829
f 2496/4181/6830 2494/3327/6830 2425/3323/6830
f 3786/3495/6831 3787/3494/6831 3788/3328/6831
f 3867/3329/6832 3786/3495/6832 3788/3328/6832
f 3787/3494/6833 3785/3326/6833 3788/3328/6833
f 2494/3327/6834 3788/3328/6834 3785/3326/6834
f 2491/3321/6835 3865/3480/6835 3789/3322/6835
f 2477/3358/6836 3797/3330/6836 3789/3322/6836
f 2488/3331/6837 3791/3332/6837 3885/3334/6837
f 3799/3338/6838 3791/3332/6838 3790/3333/6838
f 3876/3341/6839 2427/3342/6839 3793/3340/6839
f 2451/3344/6840 3800/3363/6840 3793/3340/6840
f 1362/3437/6841 3794/3348/6841 3795/3347/6841
f 1360/3460/6842 3869/3349/6842 3794/3348/6842
f 1362/3437/6843 1360/3460/6843 3794/3348/6843
f 2430/3352/6844 2479/3354/6844 3796/3351/6844
f 2492/3459/6845 2479/3354/6845 2430/3352/6845
f 2446/3359/6846 3797/3330/6846 3798/3357/6846
f 2476/3450/6847 2446/3359/6847 3798/3357/6847
f 2477/3358/6848 3849/3451/6848 3798/3357/6848
f 3829/3393/6849 1364/3401/6849 2468/3396/6849 3830/4182/6849
f 2474/3336/6850 3845/3360/6850 3799/3338/6850
f 3872/3339/6851 3793/3340/6851 3800/3363/6851
f 3803/3435/6852 1360/3460/6852 3802/3438/6852
f 1362/3437/6853 3802/3438/6853 1360/3460/6853
f 2469/3355/6854 3804/3356/6854 2479/3354/6854
f 2437/3424/6855 3805/3371/6855 2441/3372/6855
f 3806/3376/6856 3807/3377/6856 2438/3379/6856
f 2442/3382/6857 2440/3385/6857 3808/3381/6857
f 2464/3386/6858 3808/3381/6858 2440/3385/6858
f 2435/3411/6859 2440/3385/6859 2442/3382/6859
f 2464/3386/6860 3820/3415/6860 3808/3381/6860
f 1365/3383/6861 3808/3381/6861 3820/3415/6861
f 2462/3407/6862 3809/3404/6862 2444/3436/6862
f 2443/3405/6863 2444/3436/6863 3809/3404/6863
f 3839/3408/6864 2462/3407/6864 2444/3436/6864
f 2460/3391/6865 3812/3388/6865 3831/3390/6865
f 3831/3390/6866 3812/3388/6866 3810/3389/6866
f 2454/3427/6867 3810/3389/6867 2458/3387/6867
f 3829/3393/6868 3812/3388/6868 1364/3401/6868
f 3827/3394/6869 3811/3395/6869 2459/3397/6869
f 1364/3401/6870 3811/3395/6870 2468/3396/6870
f 3813/3400/6871 3812/3388/6871 2460/3391/6871
f 3811/3395/6872 1364/3401/6872 2443/3405/6872
f 2443/3405/6873 1364/3401/6873 3813/3400/6873
f 2460/3391/6874 2452/3402/6874 3814/3403/6874
f 2444/3436/6875 2443/3405/6875 3814/3403/6875
f 2443/3405/6876 3813/3400/6876 3814/3403/6876
f 3836/3431/6877 2444/3436/6877 3814/3403/6877
f 3815/3399/6878 2459/3397/6878 3816/3398/6878
f 3817/3409/6879 2461/3406/6879 2462/3407/6879
f 2461/3406/6880 3818/4183/6880 1365/3383/6880
f 3817/3409/6881 2442/3382/6881 3818/4183/6881
f 2442/3382/6882 1365/3383/6882 3818/4183/6882
f 2461/3406/6883 3817/3409/6883 3818/4183/6883
f 3821/3416/6884 2463/3413/6884 2464/3386/6884
f 3821/3416/6885 3822/3417/6885 3823/3375/6885
f 2464/3386/6886 2456/3384/6886 3821/3416/6886
f 3807/3377/6887 3823/3375/6887 3822/3417/6887
f 3819/3414/6888 3824/3419/6888 2457/3412/6888
f 2465/3418/6889 3824/3419/6889 3819/3414/6889
f 2457/3412/6890 3824/3419/6890 2467/3425/6890
f 3819/3414/6891 3823/3375/6891 3825/3420/6891
f 3823/3375/6892 3806/3376/6892 3825/3420/6892
f 2437/3424/6893 2441/3372/6893 3848/3421/6893
f 2441/3372/6894 3826/3422/6894 3848/3421/6894
f 2465/3418/6895 3826/3422/6895 2466/3370/6895
f 2467/3425/6896 2468/3396/6896 3827/3394/6896
f 2467/3425/6897 3830/4182/6897 2468/3396/6897
f 2466/3370/6898 3828/3374/6898 3830/4182/6898
f 3828/3374/6899 3829/3393/6899 3830/4182/6899
f 2467/3425/6900 2466/3370/6900 3830/4182/6900
f 3861/3471/6901 2476/3450/6901 2475/3449/6901 2434/3448/6901
f 2458/3387/6902 3829/3393/6902 2454/3427/6902
f 2433/3479/6903 1361/3369/6903 3831/3390/6903
f 2433/3479/6904 3831/3390/6904 3832/3429/6904
f 3832/3429/6905 3831/3390/6905 3810/3389/6905
f 1361/3369/6906 2469/3355/6906 3833/3430/6906
f 3835/3392/6907 1361/3369/6907 3833/3430/6907
f 2452/3402/6908 3835/3392/6908 3834/3353/6908
f 2453/3454/6909 2452/3402/6909 3834/3353/6909
f 2444/3436/6910 3836/3431/6910 3837/3434/6910
f 2478/3433/6911 3837/3434/6911 3836/3431/6911
f 3839/3408/6912 3838/3432/6912 3802/3438/6912
f 3803/3435/6913 3802/3438/6913 3838/3432/6913
f 2470/3439/6914 3839/3408/6914 3802/3438/6914
f 3837/3434/6915 3838/3432/6915 3839/3408/6915
f 3855/3461/6916 3840/3410/6916 2470/3439/6916
f 3839/3408/6917 2470/3439/6917 3840/3410/6917
f 3817/3409/6918 3855/3461/6918 2435/3411/6918
f 3817/3409/6919 3840/3410/6919 3855/3461/6919
f 2440/3385/6920 3841/3440/6920 3842/3441/6920
f 3844/3365/6921 3842/3441/6921 3800/3363/6921
f 3844/3365/6922 3843/3442/6922 2456/3384/6922
f 2451/3344/6923 3843/3442/6923 3844/3365/6923
f 2451/3344/6924 2450/3444/6924 3843/3442/6924
f 3842/3441/6925 3844/3365/6925 2456/3384/6925
f 2485/3446/6926 2471/3445/6926 2438/3379/6926
f 2473/3361/6927 3845/3360/6927 2471/3445/6927
f 2473/3361/6928 2471/3445/6928 2485/3446/6928
f 2474/3336/6929 3846/3447/6929 3845/3360/6929
f 3847/3423/6930 3848/3421/6930 3846/3447/6930
f 2472/3380/6931 3846/3447/6931 3848/3421/6931
f 2449/3472/6932 3847/3423/6932 3846/3447/6932
f 2437/3424/6933 2434/3448/6933 2436/3373/6933
f 2470/3439/6934 1362/3437/6934 2481/3463/6934 3855/3461/6934
f 2477/3358/6935 3850/3452/6935 3849/3451/6935
f 2476/3450/6936 3798/3357/6936 3849/3451/6936
f 3828/3374/6937 2436/3373/6937 3849/3451/6937
f 2455/3426/6938 3850/3452/6938 2448/3428/6938
f 2489/3477/6939 2448/3428/6939 3850/3452/6939
f 3836/3431/6940 2452/3402/6940 3851/3453/6940
f 3854/3455/6941 2453/3454/6941 3834/3353/6941
f 2478/3433/6942 3851/3453/6942 2453/3454/6942
f 2492/3459/6943 3854/3455/6943 2479/3354/6943
f 2478/3433/6944 3854/3455/6944 2480/3456/6944
f 3855/3461/6945 3856/3462/6945 2435/3411/6945
f 2483/3466/6946 1363/3366/6946 3841/3440/6946 3856/3462/6946
f 3866/3368/6947 3804/3356/6947 1361/3369/6947 2490/3478/6947
f 3795/3347/6948 3857/3464/6948 2481/3463/6948
f 2484/3465/6949 2483/3466/6949 3857/3464/6949
f 2481/3463/6950 3857/3464/6950 2483/3466/6950
f 3856/3462/6951 2481/3463/6951 2483/3466/6951
f 3858/3364/6952 2484/3465/6952 3872/3339/6952
f 3874/3488/6953 2484/3465/6953 2482/3345/6953
f 2439/3378/6954 3859/3443/6954 2450/3444/6954
f 2439/3378/6955 2450/3444/6955 2485/3446/6955
f 2486/3467/6956 3860/3468/6956 2473/3361/6956
f 2474/3336/6957 2449/3472/6957 3846/3447/6957
f 3847/3423/6958 2449/3472/6958 2437/3424/6958
f 3863/3473/6959 2488/3331/6959 3862/3474/6959
f 2447/3476/6960 3864/3475/6960 2488/3331/6960
f 2489/3477/6961 2433/3479/6961 3832/3429/6961
f 3883/3481/6962 3866/3368/6962 2491/3321/6962
f 3873/3486/6963 2482/3345/6963 2429/3346/6963 2495/3484/6963
f 2492/3459/6964 2430/3352/6964 3868/3350/6964
f 2493/3483/6965 3868/3350/6965 3867/3329/6965
f 3867/3329/6966 2494/3327/6966 2493/3483/6966
f 3852/3457/6967 2492/3459/6967 2493/3483/6967
f 2493/3483/6968 3869/3349/6968 3852/3457/6968
f 3853/3458/6969 3869/3349/6969 1360/3460/6969
f 3853/3458/6970 3852/3457/6970 3869/3349/6970
f 2496/4181/6971 3870/3485/6971 2494/3327/6971
f 2496/4181/6972 2495/3484/6972 3870/3485/6972
f 2510/3532/6973 1368/3629/6973 2560/3626/6973 2509/3531/6973
f 2496/4181/6974 3871/3487/6974 2495/3484/6974
f 2425/3323/6975 3871/3487/6975 2496/4181/6975
f 2484/3465/6976 3874/3488/6976 3872/3339/6976
f 2482/3345/6977 3873/3486/6977 3874/3488/6977
f 3872/3339/6978 3877/3489/6978 3875/3490/6978
f 3876/3341/6979 3872/3339/6979 3875/3490/6979
f 2498/3492/6980 3878/3491/6980 2497/3324/6980
f 2498/3492/6981 3880/3335/6981 3879/3470/6981
f 3791/3332/6982 3881/3469/6982 3880/3335/6982
f 3884/3493/6983 3882/3482/6983 2491/3321/6983
f 2499/3320/6984 3884/3493/6984 2491/3321/6984
f 2500/3311/6985 3787/3494/6985 3786/3495/6985
f 2500/3311/6986 2445/3312/6986 3787/3494/6986
f 3885/3334/6987 3880/3335/6987 2501/3497/6987
f 2498/3492/6988 2501/3497/6988 3880/3335/6988
f 2502/3313/6989 2503/3498/6989 2501/3497/6989
f 2503/3498/6990 2504/3496/6990 2501/3497/6990
f 2446/3359/6991 2447/3476/6991 2424/3318/6991
f 3891/3511/6992 2522/3500/6992 3889/3509/6992
f 1367/3501/6993 3889/3509/6993 2522/3500/6993
f 3892/3507/6994 3888/3503/6994 2576/3505/6994
f 2577/3506/6995 3888/3503/6995 3960/3508/6995
f 3891/3511/6996 2573/3512/6996 2507/3514/6996
f 2507/3514/6997 2573/3512/6997 3953/3516/6997
f 2526/3652/6998 3891/3511/6998 2570/3513/6998
f 2506/3650/6999 2526/3652/6999 2570/3513/6999
f 2568/3517/7000 2567/3537/7000 3892/3507/7000
f 2514/3631/7001 3894/3541/7001 2531/3542/7001
f 2566/3635/7002 3894/3541/7002 3956/3644/7002
f 2556/3633/7003 3898/3543/7003 3894/3541/7003
f 2508/3527/7004 3952/3641/7004 3895/3526/7004
f 3952/3641/7005 3939/3528/7005 3895/3526/7005
f 2554/3608/7006 3895/3526/7006 2562/3529/7006
f 2554/3608/7007 2533/3525/7007 3895/3526/7007
f 3903/3562/7008 1374/3560/7008 2544/3575/7008 3909/3576/7008
f 2523/3502/7009 3892/3507/7009 3896/3536/7009
f 2529/3636/7010 3897/3520/7010 2558/3618/7010
f 2520/3539/7011 3897/3520/7011 2529/3636/7011
f 2564/3550/7012 2529/3636/7012 2558/3618/7012
f 2555/3614/7013 2531/3542/7013 3898/3543/7013
f 2533/3525/7014 2554/3608/7014 2553/3607/7014
f 2533/3525/7015 2553/3607/7015 3937/3606/7015
f 1369/3530/7016 2509/3531/7016 2515/3534/7016
f 2539/3603/7017 2515/3534/7017 1370/3533/7017
f 2559/3549/7018 2550/3547/7018 3899/3545/7018
f 3932/3553/7019 2564/3550/7019 3901/3551/7019
f 2557/3591/7020 3901/3551/7020 3900/3552/7020
f 1372/3586/7021 2519/3554/7021 3901/3551/7021
f 3914/3558/7022 2516/3556/7022 2546/3557/7022
f 1371/3582/7023 3902/3561/7023 3903/3562/7023
f 3908/3565/7024 3904/3566/7024 2517/3602/7024
f 2518/3601/7025 2517/3602/7025 3904/3566/7025
f 2534/3596/7026 2518/3601/7026 3904/3566/7026
f 3908/3565/7027 2517/3602/7027 2552/3574/7027
f 3905/3567/7028 2543/3569/7028 3906/3570/7028
f 3912/3579/7029 2540/3571/7029 2543/3569/7029
f 2544/3575/7030 3907/3573/7030 3908/3565/7030
f 1374/3560/7031 2543/3569/7031 2544/3575/7031
f 1373/3559/7032 2538/3583/7032 2530/3610/7032 3914/3558/7032
f 2543/3569/7033 1374/3560/7033 3911/3581/7033
f 2543/3569/7034 3911/3581/7034 3912/3579/7034
f 2540/3571/7035 3912/3579/7035 2542/3578/7035
f 1374/3560/7036 3902/3561/7036 3913/3580/7036
f 3911/3581/7037 1374/3560/7037 3913/3580/7037
f 3912/3579/7038 3913/3580/7038 1373/3559/7038
f 2538/3583/7039 1373/3559/7039 3913/3580/7039
f 2547/3589/7040 1372/3586/7040 3901/3551/7040 2557/3591/7040
f 1366/3577/7041 2542/3578/7041 3915/3584/7041
f 2546/3557/7042 3915/3584/7042 3912/3579/7042
f 3917/3588/7043 3915/3584/7043 1372/3586/7043
f 3916/3585/7044 3932/3553/7044 2519/3554/7044
f 2541/3594/7045 3917/3588/7045 2547/3589/7045
f 1366/3577/7046 3917/3588/7046 2540/3571/7046
f 2532/3625/7047 3923/4184/7047 2539/3603/7047 1370/3533/7047
f 2537/3619/7048 2536/3590/7048 2557/3591/7048
f 2541/3594/7049 3918/3572/7049 2540/3571/7049
f 3920/3568/7050 3918/3572/7050 3919/3593/7050
f 2548/3546/7051 3919/3593/7051 2541/3594/7051
f 3919/3593/7052 2549/3595/7052 3920/3568/7052
f 3920/3568/7053 2550/3547/7053 2534/3596/7053
f 3904/3566/7054 3920/3568/7054 2534/3596/7054
f 3920/3568/7055 2549/3595/7055 2550/3547/7055
f 2552/3574/7056 2517/3602/7056 3921/3598/7056
f 3923/4184/7057 2532/3625/7057 3924/3564/7057
f 3924/3564/7058 3910/3563/7058 3923/4184/7058
f 3910/3563/7059 2539/3603/7059 3923/4184/7059
f 3937/3606/7060 3925/3605/7060 3924/3564/7060
f 3924/3564/7061 3925/3605/7061 3903/3562/7061
f 2553/3607/7062 3926/3604/7062 3925/3605/7062
f 2554/3608/7063 3926/3604/7063 2553/3607/7063
f 2516/3556/7064 3929/3612/7064 3928/3613/7064
f 3928/3613/7065 3898/3543/7065 3930/3587/7065
f 3898/3543/7066 2556/3633/7066 3930/3587/7066
f 3930/3587/7067 2556/3633/7067 3931/3616/7067
f 3933/3617/7068 2557/3591/7068 3900/3552/7068
f 2537/3619/7069 3933/3617/7069 2558/3618/7069
f 2557/3591/7070 3933/3617/7070 2537/3619/7070
f 3944/4185/7071 2513/3592/7071 3934/3540/7071
f 2513/3592/7072 2536/3590/7072 3934/3540/7072
f 3899/3545/7073 2512/3620/7073 2559/3549/7073
f 2513/3592/7074 2512/3620/7074 3899/3545/7074
f 2535/3548/7075 2559/3549/7075 3936/3621/7075
f 2518/3601/7076 2534/3596/7076 2535/3548/7076
f 2527/3623/7077 2518/3601/7077 2535/3548/7077
f 3935/3622/7078 2527/3623/7078 2535/3548/7078
f 1370/3533/7079 2561/3624/7079 2532/3625/7079
f 2614/3727/7080 4003/3726/7080 4004/4186/7080 2615/3731/7080
f 1370/3533/7081 2560/3626/7081 2561/3624/7081
f 3938/3627/7082 2561/3624/7082 2560/3626/7082
f 2533/3525/7083 3938/3627/7083 3951/3628/7083
f 2562/3529/7084 3927/3609/7084 2554/3608/7084
f 2555/3614/7085 2530/3610/7085 2563/3611/7085
f 3952/3641/7086 3940/3630/7086 3939/3528/7086
f 3931/3616/7087 3942/3632/7087 3941/3615/7087
f 2564/3550/7088 3942/3632/7088 2566/3635/7088
f 2556/3633/7089 2566/3635/7089 3942/3632/7089
f 2556/3633/7090 3894/3541/7090 2566/3635/7090
f 2520/3539/7091 2529/3636/7091 2565/3634/7091
f 2520/3539/7092 2565/3634/7092 2566/3635/7092
f 3934/3540/7093 3943/3524/7093 3944/4185/7093
f 2511/3538/7094 2512/3620/7094 3944/4185/7094
f 2513/3592/7095 3944/4185/7095 2512/3620/7095
f 3943/3524/7096 3945/3518/7096 3944/4185/7096
f 2511/3538/7097 3944/4185/7097 3945/3518/7097
f 2524/3522/7098 2523/3502/7098 2528/3535/7098
f 2518/3601/7099 2527/3623/7099 3947/3600/7099
f 2525/3648/7100 2569/3637/7100 2568/3517/7100
f 2568/3517/7101 2569/3637/7101 2567/3537/7101
f 2576/3505/7102 2525/3648/7102 2568/3517/7102
f 2525/3648/7103 3948/3638/7103 2569/3637/7103
f 3946/3597/7104 2567/3537/7104 2569/3637/7104
f 2570/3513/7105 3949/3639/7105 2506/3650/7105
f 2506/3650/7106 3949/3639/7106 2510/3532/7106
f 2570/3513/7107 2571/4187/7107 3949/3639/7107
f 2571/4187/7108 2572/3640/7108 3949/3639/7108
f 3950/3515/7109 2572/3640/7109 2571/4187/7109
f 3950/3515/7110 2571/4187/7110 2570/3513/7110
f 2508/3527/7111 3951/3628/7111 3950/3515/7111
f 3953/3516/7112 3952/3641/7112 3950/3515/7112
f 2573/3512/7113 3954/3643/7113 3953/3516/7113
f 3955/3642/7114 3954/3643/7114 2573/3512/7114
f 3894/3541/7115 2514/3631/7115 3956/3644/7115
f 3890/3510/7116 2574/3645/7116 3955/3642/7116
f 3890/3510/7117 1367/3501/7117 2574/3645/7117
f 3957/3646/7118 3956/3644/7118 1367/3501/7118
f 2520/3539/7119 3957/3646/7119 2521/3647/7119
f 1369/3530/7120 3948/3638/7120 2575/3649/7120
f 3948/3638/7121 2525/3648/7121 2575/3649/7121
f 2510/3532/7122 1369/3530/7122 2575/3649/7122
f 2510/3532/7123 2575/3649/7123 2506/3650/7123
f 2576/3505/7124 2577/3506/7124 2575/3649/7124
f 2577/3506/7125 2526/3652/7125 2578/3651/7125
f 2506/3650/7126 2578/3651/7126 2526/3652/7126
f 2575/3649/7127 2577/3506/7127 2578/3651/7127
f 3891/3511/7128 2526/3652/7128 2522/3500/7128
f 3887/3499/7129 2526/3652/7129 3960/3508/7129
f 3958/3523/7130 3959/3521/7130 2521/3647/7130
f 3960/3508/7131 2524/3522/7131 3887/3499/7131
f 1367/3501/7132 3887/3499/7132 3958/3523/7132
f 3958/3523/7133 3887/3499/7133 2524/3522/7133
f 2524/3522/7134 3960/3508/7134 2505/3504/7134
f 1375/3655/7135 2594/3658/7135 3961/3654/7135
f 3962/3659/7136 2659/3660/7136 3961/3654/7136
f 2594/3658/7137 3962/3659/7137 3961/3654/7137
f 2659/3660/7138 3964/3653/7138 3961/3654/7138
f 4048/3657/7139 2656/3662/7139 2579/3663/7139
f 2579/3663/7140 3967/3664/7140 4048/3657/7140
f 3963/3661/7141 2652/3667/7141 3964/3653/7141
f 3965/3665/7142 3964/3653/7142 2652/3667/7142
f 2649/3669/7143 3966/3668/7143 3965/3665/7143
f 3966/3668/7144 2648/3671/7144 2647/3670/7144
f 3967/3664/7145 2585/3673/7145 3974/3691/7145
f 4042/3803/7146 2644/3672/7146 2585/3673/7146
f 3975/3694/7147 3967/3664/7147 3974/3691/7147
f 2656/3662/7148 4042/3803/7148 2585/3673/7148
f 2658/3822/7149 3969/3677/7149 4029/3675/7149
f 3968/3676/7150 1377/3680/7150 3976/3678/7150
f 2642/3679/7151 3968/3676/7151 3969/3677/7151
f 2654/3685/7152 4027/3687/7152 2580/3683/7152
f 4027/3687/7153 3970/3682/7153 2580/3683/7153
f 3972/3792/7154 1378/3766/7154 3971/3812/7154
f 3977/3698/7155 3971/3812/7155 1378/3766/7155
f 2589/3705/7156 2582/3788/7156 3973/3689/7156
f 2604/3690/7157 2589/3705/7157 3973/3689/7157
f 2637/3688/7158 3973/3689/7158 2582/3788/7158
f 4012/3778/7159 3976/3678/7159 1377/3680/7159
f 4029/3675/7160 3976/3678/7160 4030/3696/7160
f 2634/3695/7161 3976/3678/7161 4012/3778/7161
f 2603/3681/7162 3970/3682/7162 2630/3773/7162
f 2631/3686/7163 2630/3773/7163 3970/3682/7163
f 2588/3699/7164 3971/3812/7164 3977/3698/7164
f 2626/3700/7165 3978/3697/7165 3977/3698/7165
f 4020/3701/7166 3978/3697/7166 2626/3700/7166
f 2624/3702/7167 2625/3703/7167 2623/3763/7167
f 1379/3709/7168 3980/3706/7168 3979/3707/7168
f 1379/3709/7169 4000/3754/7169 3980/3706/7169
f 3981/3710/7170 3982/3711/7170 2632/3715/7170
f 2591/3738/7171 3983/3719/7171 2629/3722/7171
f 3984/3730/7172 2608/3732/7172 2592/3737/7172
f 2627/3765/7173 2608/3732/7173 4019/3786/7173
f 3985/3724/7174 3988/3725/7174 2610/3756/7174
f 2610/3756/7175 3988/3725/7175 3986/3755/7175
f 3987/3729/7176 2612/3733/7176 3986/3755/7176
f 2612/3733/7177 3998/3752/7177 3986/3755/7177
f 3987/3729/7178 3986/3755/7178 2613/3728/7178
f 3986/3755/7179 3988/3725/7179 2613/3728/7179
f 2613/3728/7180 3988/3725/7180 2614/3727/7180
f 2608/3732/7181 2615/3731/7181 4005/4188/7181
f 3992/4189/7182 2617/3740/7182 2618/3713/7182 2609/3743/7182
f 4004/4186/7183 4005/4188/7183 2615/3731/7183
f 2611/3736/7184 2612/3733/7184 2616/3734/7184
f 3984/3730/7185 2616/3734/7185 3987/3729/7185
f 2611/3736/7186 2616/3734/7186 3989/3735/7186
f 2607/3720/7187 3989/3735/7187 2592/3737/7187
f 3983/3719/7188 2607/3720/7188 3990/3723/7188
f 4007/3768/7189 3990/3723/7189 2607/3720/7189
f 3989/3735/7190 2607/3720/7190 3993/3718/7190
f 3991/3741/7191 2611/3736/7191 3993/3718/7191
f 2617/3740/7192 3992/4189/7192 3991/3741/7192
f 2611/3736/7193 3991/3741/7193 3992/4189/7193
f 2612/3733/7194 2611/3736/7194 3992/4189/7194
f 2591/3738/7195 3995/3717/7195 3994/3739/7195
f 2587/3714/7196 3982/3711/7196 2601/3742/7196
f 2601/3742/7197 3995/3717/7197 2591/3738/7197
f 4004/4186/7198 2604/3690/7198 4019/3786/7198 4005/4188/7198
f 3999/3746/7199 2609/3743/7199 3996/3744/7199
f 2612/3733/7200 3992/4189/7200 2609/3743/7200
f 3996/3744/7201 2619/3712/7201 2620/3747/7201
f 3980/3706/7202 3997/3748/7202 4014/3751/7202
f 2620/3747/7203 3997/3748/7203 1380/3745/7203
f 2635/3749/7204 4014/3751/7204 3997/3748/7204
f 3980/3706/7205 1380/3745/7205 3997/3748/7205
f 1379/3709/7206 2622/3759/7206 4000/3754/7206
f 2622/3759/7207 2606/3758/7207 2610/3756/7207
f 1376/3762/7208 3985/3724/7208 2605/3757/7208
f 4003/3726/7209 3985/3724/7209 4001/3761/7209
f 4003/3726/7210 4001/3761/7210 2623/3763/7210
f 2623/3763/7211 2625/3703/7211 4002/4190/7211
f 4003/3726/7212 2623/3763/7212 4002/4190/7212
f 2624/3702/7213 2623/3763/7213 1376/3762/7213
f 4004/4186/7214 4002/4190/7214 2604/3690/7214
f 2604/3690/7215 4002/4190/7215 2625/3703/7215
f 4004/4186/7216 4003/3726/7216 4002/4190/7216
f 4062/3896/7217 2677/3921/7217 1384/3902/7217 2706/3901/7217
f 2608/3732/7218 4005/4188/7218 4019/3786/7218
f 2626/3700/7219 4006/3764/7219 2627/3765/7219
f 4023/3721/7220 3990/3723/7220 4007/3768/7220
f 4023/3721/7221 4007/3768/7221 2628/3767/7221
f 2607/3720/7222 4006/3764/7222 4007/3768/7222
f 4023/3721/7223 4008/3769/7223 2629/3722/7223
f 2631/3686/7224 4009/3771/7224 2630/3773/7224
f 2602/3775/7225 4026/3794/7225 4011/3774/7225
f 2591/3738/7226 4009/3771/7226 4011/3774/7226
f 4013/3777/7227 2632/3715/7227 2586/3776/7227
f 4013/3777/7228 2586/3776/7228 2639/3779/7228
f 4013/3777/7229 4012/3778/7229 2633/3716/7229
f 2632/3715/7230 4013/3777/7230 2633/3716/7230
f 2635/3749/7231 2633/3716/7231 4012/3778/7231
f 4031/3780/7232 4015/3750/7232 4012/3778/7232
f 4012/3778/7233 4015/3750/7233 2635/3749/7233
f 2600/3693/7234 4016/3781/7234 2641/3783/7234
f 4032/3782/7235 4016/3781/7235 2590/3708/7235
f 2606/3758/7236 1379/3709/7236 4016/3781/7236
f 2584/3674/7237 2636/3784/7237 4017/3692/7237
f 3974/3691/7238 4017/3692/7238 2600/3693/7238
f 2584/3674/7239 2599/3785/7239 2636/3784/7239
f 2605/3757/7240 4018/3760/7240 1376/3762/7240
f 2599/3785/7241 1376/3762/7241 4018/3760/7241
f 2598/3809/7242 4021/3789/7242 2638/3787/7242
f 3978/3697/7243 4020/3701/7243 2588/3699/7243
f 4008/3769/7244 4023/3721/7244 4022/3791/7244
f 2628/3767/7245 4022/3791/7245 4023/3721/7245
f 3972/3792/7246 4024/3772/7246 1378/3766/7246
f 2603/3681/7247 4025/3793/7247 4038/3815/7247
f 2586/3776/7248 4026/3794/7248 2639/3779/7248
f 2601/3742/7249 4026/3794/7249 2587/3714/7249
f 2587/3714/7250 4026/3794/7250 2586/3776/7250
f 2654/3685/7251 2640/3795/7251 4027/3687/7251
f 4028/3796/7252 4030/3696/7252 2640/3795/7252
f 2593/3797/7253 4029/3675/7253 4030/3696/7253
f 2640/3795/7254 4030/3696/7254 2634/3695/7254
f 2639/3779/7255 2640/3795/7255 2634/3695/7255
f 4031/3780/7256 2641/3783/7256 4032/3782/7256
f 4015/3750/7257 4031/3780/7257 4032/3782/7257
f 2643/3798/7258 2642/3679/7258 2595/3799/7258
f 2643/3798/7259 2641/3783/7259 2642/3679/7259
f 4031/3780/7260 1377/3680/7260 2642/3679/7260
f 3969/3677/7261 2595/3799/7261 2642/3679/7261
f 2600/3693/7262 2643/3798/7262 4033/3800/7262
f 2595/3799/7263 4033/3800/7263 2643/3798/7263
f 2644/3672/7264 2599/3785/7264 2584/3674/7264
f 2644/3672/7265 4034/3802/7265 2599/3785/7265
f 2645/3804/7266 4034/3802/7266 4042/3803/7266
f 2624/3702/7267 2645/3804/7267 2596/3805/7267
f 1376/3762/7268 2645/3804/7268 2624/3702/7268
f 4044/4191/7269 4036/3810/7269 4035/3807/7269
f 2657/3820/7270 4044/4191/7270 4035/3807/7270
f 2583/3704/7271 2655/3808/7271 2589/3705/7271
f 4044/4191/7272 2647/3670/7272 4036/3810/7272
f 2648/3671/7273 2598/3809/7273 4036/3810/7273
f 2647/3670/7274 2648/3671/7274 4036/3810/7274
f 4035/3807/7275 4036/3810/7275 2646/3806/7275
f 2648/3671/7276 2597/3811/7276 4037/3790/7276
f 2598/3809/7277 4037/3790/7277 4021/3789/7277
f 2649/3669/7278 2597/3811/7278 2648/3671/7278
f 3972/3792/7279 3971/3812/7279 2597/3811/7279
f 2651/3813/7280 4025/3793/7280 2597/3811/7280
f 2650/3666/7281 4038/3815/7281 4039/3814/7281
f 4038/3815/7282 2653/3684/7282 2580/3683/7282
f 2653/3684/7283 2652/3667/7283 4040/3816/7283
f 2654/3685/7284 2653/3684/7284 4040/3816/7284
f 2593/3797/7285 4028/3796/7285 4041/3818/7285
f 3963/3661/7286 4045/3817/7286 4041/3818/7286
f 4041/3818/7287 4028/3796/7287 4040/3816/7287
f 2657/3820/7288 4035/3807/7288 2655/3808/7288
f 2583/3704/7289 2596/3805/7289 2655/3808/7289
f 2657/3820/7290 4043/3819/7290 2656/3662/7290
f 4048/3657/7291 2594/3658/7291 2656/3662/7291
f 2657/3820/7292 2655/3808/7292 4043/3819/7292
f 1375/3655/7293 4044/4191/7293 2594/3658/7293
f 4044/4191/7294 2657/3820/7294 2594/3658/7294
f 2647/3670/7295 4044/4191/7295 1375/3655/7295
f 4029/3675/7296 4045/3817/7296 2658/3822/7296
f 2659/3660/7297 2658/3822/7297 4045/3817/7297
f 2659/3660/7298 3962/3659/7298 4046/3821/7298
f 2659/3660/7299 4046/3821/7299 2658/3822/7299
f 4048/3657/7300 4047/3801/7300 4046/3821/7300
f 3975/3694/7301 4033/3800/7301 3967/3664/7301
f 4033/3800/7302 4048/3657/7302 3967/3664/7302
f 3969/3677/7303 4047/3801/7303 2595/3799/7303
f 2745/3978/7304 2744/4192/7304 4115/3974/7304
f 2742/3828/7305 2744/4192/7305 4116/3977/7305
f 2662/3825/7306 2660/3973/7306 2732/3824/7306
f 2663/3961/7307 2732/3824/7307 2660/3973/7307
f 2664/3832/7308 4049/3826/7308 2738/3827/7308
f 2742/3828/7309 2665/3829/7309 2744/4192/7309
f 2664/3832/7310 2665/3829/7310 4049/3826/7310
f 2736/3833/7311 2664/3832/7311 4112/3969/7311
f 2685/3975/7312 4050/3834/7312 2686/3964/7312
f 4111/3967/7313 2734/3963/7313 4050/3834/7313
f 4111/3967/7314 4050/3834/7314 2736/3833/7314
f 2686/3964/7315 4050/3834/7315 2734/3963/7315
f 2662/3825/7316 2669/3823/7316 4053/3853/7316
f 4054/3840/7317 2661/3838/7317 2670/3836/7317
f 4105/3855/7318 4051/3837/7318 2683/3841/7318
f 2721/3937/7319 2670/3836/7319 4051/3837/7319
f 4113/3842/7320 2673/3843/7320 2674/3859/7320
f 2726/4193/7321 2691/3847/7321 4052/3848/7321
f 2667/3948/7322 4052/3848/7322 2676/3849/7322
f 2724/3868/7323 4057/3864/7323 2725/3852/7323
f 2668/3867/7324 4107/3851/7324 2725/3852/7324
f 2668/3867/7325 2725/3852/7325 4057/3864/7325
f 2719/3952/7326 2690/3839/7326 4054/3840/7326
f 2692/3856/7327 4055/3857/7327 4084/3846/7327
f 2674/3859/7328 2673/3843/7328 4055/3857/7328
f 4084/3846/7329 4055/3857/7329 2673/3843/7329
f 2714/3925/7330 4056/3862/7330 2691/3847/7330
f 2684/3866/7331 4057/3864/7331 2711/3865/7331
f 2710/3869/7332 4077/3872/7332 2681/3871/7332
f 2696/3878/7333 2678/3874/7333 2709/3875/7333
f 2701/3898/7334 4058/3880/7334 2718/3881/7334
f 4059/3895/7335 2706/3901/7335 4064/3893/7335
f 4072/3913/7336 4073/3876/7336 2695/3938/7336 2694/3915/7336
f 4061/3890/7337 2702/3891/7337 4075/3910/7337
f 2703/3894/7338 2704/3892/7338 4061/3890/7338
f 2705/3886/7339 2704/3892/7339 2703/3894/7339
f 2706/3901/7340 4059/3895/7340 4062/3896/7340
f 4064/3893/7341 4063/3897/7341 2702/3891/7341
f 4075/3910/7342 4063/3897/7342 2700/3904/7342
f 4075/3910/7343 2702/3891/7343 4063/3897/7343
f 4063/3897/7344 4066/3899/7344 4058/3880/7344
f 4058/3880/7345 4065/3903/7345 1381/3927/7345
f 4066/3899/7346 4065/3903/7346 4058/3880/7346
f 2701/3898/7347 2700/3904/7347 4063/3897/7347
f 2699/3907/7348 4070/3909/7348 2698/3905/7348
f 2699/3907/7349 2701/3898/7349 4067/3906/7349
f 2701/3898/7350 2718/3881/7350 4067/3906/7350
f 2718/3881/7351 2708/3908/7351 4067/3906/7351
f 2696/3878/7352 4068/3877/7352 2708/3908/7352
f 1386/3879/7353 2699/3907/7353 4068/3877/7353
f 4069/3911/7354 4074/3916/7354 4070/3909/7354
f 2700/3904/7355 2698/3905/7355 4070/3909/7355
f 2709/3875/7356 4071/3912/7356 1386/3879/7356
f 1385/3873/7357 1386/3879/7357 4071/3912/7357
f 2694/3915/7358 2681/3871/7358 4072/3913/7358
f 4069/3911/7359 1385/3873/7359 4077/3872/7359 4074/3916/7359
f 4075/3910/7360 4074/3916/7360 4061/3890/7360
f 4076/3889/7361 4061/3890/7361 4074/3916/7361
f 4065/3903/7362 1384/3902/7362 4082/3924/7362 2715/3926/7362
f 4060/3887/7363 4076/3889/7363 4077/3872/7363
f 2710/3869/7364 4093/3917/7364 2697/3883/7364
f 4077/3872/7365 2697/3883/7365 4060/3887/7365
f 2711/3865/7366 4079/3863/7366 4078/3918/7366
f 2712/4194/7367 4081/3919/7367 4079/3863/7367
f 4079/3863/7368 4080/3888/7368 4078/3918/7368
f 2724/3868/7369 2712/4194/7369 4079/3863/7369
f 4081/3919/7370 2693/3920/7370 4080/3888/7370
f 2712/4194/7371 2693/3920/7371 4081/3919/7371
f 2713/3922/7372 4082/3924/7372 1384/3902/7372
f 4056/3862/7373 2714/3925/7373 4082/3924/7373
f 2715/3926/7374 4082/3924/7374 2714/3925/7374
f 4065/3903/7375 2715/3926/7375 1381/3927/7375
f 4058/3880/7376 1381/3927/7376 4099/3947/7376 2717/3882/7376
f 4097/3946/7377 2716/3929/7377 4098/3928/7377
f 2718/3881/7378 2717/3882/7378 4083/3931/7378
f 4085/3930/7379 4084/3846/7379 2672/3845/7379 4101/3933/7379
f 4097/3946/7380 2692/3856/7380 2716/3929/7380
f 2708/3908/7381 2718/3881/7381 4083/3931/7381
f 2717/3882/7382 2716/3929/7382 4083/3931/7382
f 2696/3878/7383 4087/3934/7383 4086/3932/7383
f 2728/3951/7384 2719/3952/7384 2720/3939/7384 2675/3935/7384
f 2675/3935/7385 4088/4195/7385 2678/3874/7385
f 2729/3953/7386 2666/3844/7386 4103/3955/7386 2690/3839/7386
f 2720/3939/7387 4088/4195/7387 2675/3935/7387
f 2678/3874/7388 4088/4195/7388 4073/3876/7388
f 4073/3876/7389 4088/4195/7389 2720/3939/7389
f 4054/3840/7390 4089/3936/7390 2720/3939/7390
f 4054/3840/7391 2670/3836/7391 4089/3936/7391
f 4054/3840/7392 2720/3939/7392 2719/3952/7392
f 2695/3938/7393 4089/3936/7393 2721/3937/7393
f 2694/3915/7394 2695/3938/7394 4090/4196/7394
f 2695/3938/7395 2721/3937/7395 4090/4196/7395
f 2671/3914/7396 2694/3915/7396 4090/4196/7396
f 1383/3957/7397 2722/3854/7397 2723/3940/7397
f 4091/3870/7398 1383/3957/7398 2723/3940/7398
f 2710/3869/7399 2723/3940/7399 4093/3917/7399
f 2680/3885/7400 4093/3917/7400 4092/3941/7400
f 4092/3941/7401 4093/3917/7401 2723/3940/7401
f 2712/4194/7402 4094/3923/7402 2677/3921/7402
f 2693/3920/7403 2712/4194/7403 2677/3921/7403
f 2724/3868/7404 2725/3852/7404 4095/3943/7404
f 2712/4194/7405 2724/3868/7405 4095/3943/7405
f 2712/4194/7406 4095/3943/7406 4094/3923/7406
f 4095/3943/7407 4109/3944/7407 4096/3861/7407
f 2676/3849/7408 4096/3861/7408 2687/3945/7408
f 2691/3847/7409 2726/4193/7409 4097/3946/7409
f 2691/3847/7410 4097/3946/7410 4099/3947/7410
f 4052/3848/7411 2727/3949/7411 2726/4193/7411
f 2667/3948/7412 2689/3950/7412 4100/3860/7412
f 4097/3946/7413 2726/4193/7413 2692/3856/7413
f 2726/4193/7414 2727/3949/7414 2692/3856/7414
f 2727/3949/7415 4100/3860/7415 2692/3856/7415
f 2675/3935/7416 4101/3933/7416 2728/3951/7416
f 2666/3844/7417 2729/3953/7417 4102/3954/7417
f 2672/3845/7418 4102/3954/7418 2728/3951/7418
f 2728/3951/7419 4102/3954/7419 2729/3953/7419
f 2722/3854/7420 1383/3957/7420 2730/3956/7420 4104/3958/7420
f 2719/3952/7421 2729/3953/7421 2690/3839/7421
f 2721/3937/7422 2730/3956/7422 4090/4196/7422
f 4090/4196/7423 2730/3956/7423 2671/3914/7423
f 4091/3870/7424 2671/3914/7424 1383/3957/7424
f 4051/3837/7425 4104/3958/7425 2730/3956/7425
f 4111/3967/7426 2667/3948/7426 2676/3849/7426 2687/3945/7426
f 4104/3958/7427 4105/3855/7427 2722/3854/7427
f 4053/3853/7428 4105/3855/7428 2662/3825/7428
f 2733/3959/7429 2680/3885/7429 2731/3942/7429
f 2731/3942/7430 2680/3885/7430 4092/3941/7430
f 1382/3835/7431 2732/3824/7431 2731/3942/7431
f 2732/3824/7432 2711/3865/7432 4106/3960/7432
f 2663/3961/7433 2684/3866/7433 2711/3865/7433
f 2668/3867/7434 2663/3961/7434 2743/3962/7434
f 4111/3967/7435 4108/3965/7435 2734/3963/7435
f 2735/3850/7436 4107/3851/7436 2734/3963/7436
f 2687/3945/7437 4109/3944/7437 4108/3965/7437
f 2735/3850/7438 2734/3963/7438 4108/3965/7438
f 2664/3832/7439 4114/3831/7439 2689/3950/7439 4112/3969/7439
f 4108/3965/7440 4111/3967/7440 2687/3945/7440
f 2667/3948/7441 4110/3966/7441 2737/3968/7441
f 4113/3842/7442 4114/3831/7442 2738/3827/7442 2739/3970/7442
f 2674/3859/7443 2688/3858/7443 2689/3950/7443
f 2674/3859/7444 4114/3831/7444 4113/3842/7444
f 2685/3975/7445 2744/4192/7445 2665/3829/7445 4050/3834/7445
f 2742/3828/7446 2741/3971/7446 2740/3830/7446
f 2738/3827/7447 2740/3830/7447 2739/3970/7447
f 2682/3972/7448 2741/3971/7448 2742/3828/7448
f 2661/3838/7449 4103/3955/7449 2682/3972/7449
f 2743/3962/7450 2663/3961/7450 2686/3964/7450
f 4124/4017/7451 2754/4031/7451 4185/4126/7451 2753/4016/7451
f 2744/4192/7452 2685/3975/7452 4115/3974/7452
f 2742/3828/7453 4116/3977/7453 2683/3841/7453
f 2745/3978/7454 4116/3977/7454 2744/4192/7454
f 2660/3973/7455 4117/3976/7455 2745/3978/7455
f 2662/3825/7456 4117/3976/7456 2660/3973/7456
f 4117/3976/7457 2662/3825/7457 4105/3855/7457
f 2746/3982/7458 2822/3981/7458 4118/3987/7458
f 4118/3987/7459 2818/3990/7459 4119/3986/7459
f 4120/3988/7460 4119/3986/7460 2818/3990/7460
f 4121/3992/7461 4119/3986/7461 4120/3988/7461
f 4119/3986/7462 4121/3992/7462 2746/3982/7462
f 2816/3994/7463 4121/3992/7463 4120/3988/7463
f 4196/3996/7464 2751/3993/7464 2771/3995/7464
f 4121/3992/7465 2751/3993/7465 2746/3982/7465
f 2813/4121/7466 4122/3998/7466 2770/4000/7466
f 2801/4021/7467 2756/4005/7467 2810/4003/7467
f 1387/4024/7468 4123/4007/7468 2750/4008/7468
f 4175/4011/7469 1387/4024/7469 2750/4008/7469
f 4175/4011/7470 2750/4008/7470 4191/4010/7470
f 4172/4112/7471 4169/4013/7471 2752/4014/7471
f 4125/4018/7472 2754/4031/7472 4124/4017/7472
f 2788/4046/7473 4144/4047/7473 4141/4064/7473 2787/4053/7473
f 2804/4104/7474 4180/3999/7474 4126/4001/7474
f 2799/4099/7475 4177/4023/7475 4127/4020/7475
f 4162/4022/7476 4127/4020/7476 2756/4005/7476
f 2758/4006/7477 4123/4007/7477 4128/4025/7477
f 2807/4097/7478 4173/4026/7478 4128/4025/7478
f 2807/4097/7479 4128/4025/7479 2798/4096/7479
f 2759/4015/7480 1388/4012/7480 4129/4028/7480
f 4130/4086/7481 2777/4123/7481 2793/4032/7481
f 2754/4031/7482 2793/4032/7482 2777/4123/7482
f 2764/4078/7483 2765/4035/7483 1389/4036/7483
f 2784/4041/7484 4132/4038/7484 2790/4039/7484
f 2761/4045/7485 4134/4197/7485 4133/4044/7485
f 4134/4197/7486 4145/4070/7486 4133/4044/7486
f 4140/4052/7487 2763/4051/7487 4135/4050/7487
f 4139/4060/7488 4136/4061/7488 4150/4080/7488
f 2766/4065/7489 4136/4061/7489 2786/4062/7489
f 4139/4060/7490 2783/4058/7490 4137/4059/7490
f 1391/4048/7491 4138/4063/7491 4140/4052/7491
f 4156/4083/7492 4138/4063/7492 4153/4056/7492
f 4156/4083/7493 4140/4052/7493 4138/4063/7493
f 2787/4053/7494 4141/4064/7494 2786/4062/7494
f 1391/4048/7495 2787/4053/7495 2786/4062/7495
f 4134/4197/7496 2781/4072/7496 1390/4042/7496 4145/4070/7496
f 2788/4046/7497 2787/4053/7497 4142/4066/7497
f 4142/4066/7498 2767/4043/7498 2788/4046/7498
f 2762/4049/7499 4158/4067/7499 4142/4066/7499
f 2784/4041/7500 4143/4068/7500 2789/4069/7500
f 1390/4042/7501 2789/4069/7501 4145/4070/7501
f 4144/4047/7502 4133/4044/7502 4145/4070/7502
f 2791/4081/7503 2783/4058/7503 4139/4060/7503 4150/4080/7503
f 1390/4042/7504 4146/4071/7504 4132/4038/7504
f 2784/4041/7505 4149/4075/7505 4147/4074/7505
f 4151/4076/7506 4147/4074/7506 4149/4075/7506
f 4143/4068/7507 4147/4074/7507 4151/4076/7507
f 2766/4065/7508 4143/4068/7508 4151/4076/7508
f 2790/4039/7509 2780/4079/7509 4148/4077/7509
f 4149/4075/7510 4148/4077/7510 2780/4079/7510
f 4149/4075/7511 2780/4079/7511 2764/4078/7511
f 2802/4100/7512 2780/4079/7512 2790/4039/7512
f 4151/4076/7513 1389/4036/7513 4150/4080/7513
f 2791/4081/7514 4150/4080/7514 1389/4036/7514
f 4154/4087/7515 2793/4032/7515 4155/4088/7515 4156/4083/7515
f 2766/4065/7516 4150/4080/7516 4136/4061/7516
f 2791/4081/7517 4131/4033/7517 4152/4198/7517
f 4131/4033/7518 4164/4057/7518 4152/4198/7518
f 2783/4058/7519 4152/4198/7519 4164/4057/7519
f 2791/4081/7520 4152/4198/7520 2783/4058/7520
f 2792/4084/7521 4153/4056/7521 2755/4082/7521
f 4182/4199/7522 2755/4082/7522 2782/4054/7522
f 2755/4082/7523 4130/4086/7523 4154/4087/7523
f 4171/4111/7524 4172/4112/7524 4173/4026/7524 2807/4097/7524
f 2762/4049/7525 2763/4051/7525 2794/4090/7525
f 2762/4049/7526 2794/4090/7526 4157/4092/7526
f 4168/4030/7527 2795/4029/7527 4157/4092/7527
f 2795/4029/7528 4170/4093/7528 4158/4067/7528
f 2767/4043/7529 4158/4067/7529 2761/4045/7529
f 2781/4072/7530 4134/4197/7530 2797/4095/7530
f 2761/4045/7531 2797/4095/7531 4134/4197/7531
f 4160/4098/7532 2798/4096/7532 4159/4027/7532
f 4128/4025/7533 4159/4027/7533 2798/4096/7533
f 2797/4095/7534 2798/4096/7534 2781/4072/7534
f 2779/4073/7535 4146/4071/7535 4160/4098/7535
f 2790/4039/7536 2800/4037/7536 4162/4022/7536
f 2800/4037/7537 2799/4099/7537 4162/4022/7537
f 2780/4079/7538 2802/4100/7538 2778/4116/7538
f 2778/4116/7539 2802/4100/7539 2801/4021/7539
f 2780/4079/7540 2778/4116/7540 2765/4035/7540
f 2790/4039/7541 4162/4022/7541 2802/4100/7541
f 2803/4101/7542 4163/4105/7542 2760/4034/7542
f 2765/4035/7543 2757/4102/7543 2760/4034/7543
f 4180/3999/7544 2804/4104/7544 4163/4105/7544
f 2803/4101/7545 4180/3999/7545 4163/4105/7545
f 2804/4104/7546 2776/4107/7546 4165/4106/7546
f 2782/4054/7547 4164/4057/7547 4165/4106/7547
f 2805/4091/7548 4166/4089/7548 4155/4088/7548
f 2794/4090/7549 4166/4089/7549 2805/4091/7549
f 4140/4052/7550 4155/4088/7550 4166/4089/7550
f 4125/4018/7551 4167/4108/7551 2805/4091/7551
f 2753/4016/7552 4167/4108/7552 4125/4018/7552
f 2805/4091/7553 4167/4108/7553 2806/4109/7553
f 4168/4030/7554 2806/4109/7554 2775/4110/7554
f 4129/4028/7555 2775/4110/7555 4188/4127/7555
f 4168/4030/7556 2775/4110/7556 4129/4028/7556
f 2761/4045/7557 4170/4093/7557 2796/4094/7557
f 2803/4101/7558 2778/4116/7558 2811/4118/7558 2809/4103/7558
f 4190/4113/7559 4189/4129/7559 4173/4026/7559
f 2799/4099/7560 4161/4040/7560 4174/4114/7560
f 2779/4073/7561 4174/4114/7561 4161/4040/7561
f 2799/4099/7562 2808/4115/7562 4177/4023/7562
f 2777/4123/7563 4181/4085/7563 4183/4120/7563 4184/4124/7563
f 2801/4021/7564 2810/4003/7564 2811/4118/7564
f 4179/3983/7565 4180/3999/7565 4178/4119/7565
f 2809/4103/7566 2811/4118/7566 4180/3999/7566
f 2812/4117/7567 4199/4138/7567 4178/4119/7567
f 2812/4117/7568 4178/4119/7568 2811/4118/7568
f 2813/4121/7569 4181/4085/7569 2776/4107/7569
f 2782/4054/7570 2776/4107/7570 4182/4199/7570
f 4181/4085/7571 4182/4199/7571 2776/4107/7571
f 4126/4001/7572 2813/4121/7572 2776/4107/7572
f 2755/4082/7573 4182/4199/7573 4181/4085/7573
f 2770/4000/7574 4184/4124/7574 4183/4120/7574
f 2770/4000/7575 2769/4122/7575 4184/4124/7575
f 4181/4085/7576 2777/4123/7576 4130/4086/7576
f 2818/3990/7577 4118/3987/7577 4197/4137/7577 4193/4132/7577
f 4194/4133/7578 4185/4126/7578 2749/4134/7578
f 2771/3995/7579 4186/4125/7579 4185/4126/7579
f 4187/3991/7580 2774/4200/7580 4188/4127/7580
f 2759/4015/7581 4188/4127/7581 2774/4200/7581
f 2775/4110/7582 4186/4125/7582 4188/4127/7582
f 2752/4014/7583 2774/4200/7583 4172/4112/7583
f 4172/4112/7584 2774/4200/7584 2815/4128/7584
f 4187/3991/7585 2815/4128/7585 2774/4200/7585
f 2759/4015/7586 2774/4200/7586 2752/4014/7586
f 4172/4112/7587 2815/4128/7587 4190/4113/7587
f 4190/4113/7588 2815/4128/7588 2816/3994/7588
f 4189/4129/7589 2772/4130/7589 4191/4010/7589
f 2772/4130/7590 2817/3989/7590 4191/4010/7590
f 4189/4129/7591 4191/4010/7591 2750/4008/7591
f 4120/3988/7592 2817/3989/7592 2772/4130/7592
f 2817/3989/7593 2818/3990/7593 4192/4131/7593
f 4192/4131/7594 4193/4132/7594 4176/4009/7594
f 2749/4134/7595 4185/4126/7595 2754/4031/7595 2769/4122/7595
f 2773/4019/7596 4176/4009/7596 4193/4132/7596
f 2820/3980/7597 2819/4136/7597 4195/4135/7597
f 2770/4000/7598 2748/3984/7598 4195/4135/7598
f 2746/3982/7599 4196/3996/7599 2820/3980/7599
f 2823/3979/7600 4198/4139/7600 2822/3981/7600
f 4199/4138/7601 4198/4139/7601 2823/3979/7601
f 2821/4004/7602 4197/4137/7602 4198/4139/7602
f 2823/3979/7603 2747/3985/7603 4199/4138/7603
f 4178/4119/7604 4199/4138/7604 2747/3985/7604

